country,newCases,date
World,1700000,2021/12/29
High income,1490000,2021/12/29
World,1310000,2021/12/27
World,1300000,2021/12/28
High income,1150000,2021/12/27
High income,1100000,2021/12/28
World,990848,2021/12/23
Europe,912775,2021/12/29
World,901985,2021/12/22
World,826850,2021/12/24
High income,804958,2021/12/23
World,790695,2021/12/21
World,752691,2021/12/20
World,741393,2021/12/16
World,738781,2021/12/15
World,728670,2021/12/17
High income,724046,2021/12/22
Europe,722350,2021/12/28
European Union,671799,2021/12/29
High income,639752,2021/12/24
World,635072,2021/12/25
High income,625830,2021/12/21
High income,613170,2021/12/20
Europe,593911,2021/12/27
World,592356,2021/12/26
North America,587858,2021/12/29
World,575549,2021/12/18
High income,570491,2021/12/17
North America,566698,2021/12/27
High income,557664,2021/12/15
United States,544329,2021/12/27
High income,543357,2021/12/16
European Union,535192,2021/12/28
Europe,530346,2021/12/23
United States,497002,2021/12/29
High income,492278,2021/12/25
Europe,484528,2021/12/22
World,477940,2021/12/19
Europe,456340,2021/12/21
High income,439807,2021/12/26
Europe,438279,2021/12/25
Europe,436155,2021/12/15
High income,426255,2021/12/18
Europe,423244,2021/12/16
European Union,414260,2021/12/27
Europe,410769,2021/12/24
Europe,395818,2021/12/17
North America,380133,2021/12/28
Europe,373580,2021/12/20
Europe,369304,2021/12/18
United States,354683,2021/12/28
European Union,353501,2021/12/23
High income,333207,2021/12/19
European Union,325406,2021/12/22
European Union,316163,2021/12/21
European Union,299447,2021/12/15
North America,298789,2021/12/23
European Union,280103,2021/12/25
European Union,276039,2021/12/16
United States,269233,2021/12/23
North America,263448,2021/12/22
North America,262516,2021/12/20
Europe,260493,2021/12/19
Europe,258375,2021/12/26
North America,253092,2021/12/24
European Union,249851,2021/12/24
European Union,246381,2021/12/17
United States,242086,2021/12/20
United States,241681,2021/12/22
European Union,237655,2021/12/18
European Union,223374,2021/12/20
United States,219462,2021/12/24
Spain,214619,2021/12/27
France,208099,2021/12/29
North America,204908,2021/12/17
North America,193652,2021/12/21
North America,193160,2021/12/26
United States,192903,2021/12/17
United Kingdom,184475,2021/12/29
United States,182566,2021/12/26
France,179808,2021/12/28
United States,178982,2021/12/21
North America,157648,2021/12/15
North America,153890,2021/12/16
United States,144097,2021/12/15
United States,141707,2021/12/16
European Union,140806,2021/12/19
United Kingdom,138025,2021/12/28
Upper middle income,135988,2021/12/28
Upper middle income,123331,2021/12/15
Upper middle income,123132,2021/12/29
United Kingdom,122760,2021/12/23
Upper middle income,122137,2021/12/16
United Kingdom,121861,2021/12/25
United Kingdom,121810,2021/12/24
United Kingdom,118945,2021/12/26
Upper middle income,118929,2021/12/23
Upper middle income,117783,2021/12/24
Upper middle income,113316,2021/12/22
United Kingdom,107699,2021/12/27
Upper middle income,107639,2021/12/27
European Union,107488,2021/12/26
United Kingdom,105626,2021/12/22
Upper middle income,105333,2021/12/26
Upper middle income,105225,2021/12/17
Upper middle income,105205,2021/12/21
France,104611,2021/12/25
Spain,100760,2021/12/29
Upper middle income,100097,2021/12/18
Spain,99671,2021/12/28
North America,98378,2021/12/19
Asia,98320,2021/12/16
Italy,98016,2021/12/29
France,94124,2021/12/24
Upper middle income,93259,2021/12/19
United Kingdom,92713,2021/12/17
United Kingdom,92371,2021/12/20
Upper middle income,91626,2021/12/20
France,91608,2021/12/23
United Kingdom,89298,2021/12/21
United Kingdom,89074,2021/12/18
Asia,88434,2021/12/26
United Kingdom,87801,2021/12/16
North America,87105,2021/12/18
United States,86859,2021/12/19
Asia,86634,2021/12/28
Upper middle income,84736,2021/12/25
France,84272,2021/12/22
United Kingdom,81959,2021/12/19
Canada,80011,2021/12/29
Spain,79704,2021/12/20
Asia,79297,2021/12/15
Italy,78300,2021/12/28
United Kingdom,77966,2021/12/15
United States,76429,2021/12/18
Asia,75024,2021/12/21
Asia,74716,2021/12/22
Asia,74326,2021/12/19
North America,74119,2021/12/25
Spain,72912,2021/12/23
France,72857,2021/12/21
Asia,71671,2021/12/24
Asia,71337,2021/12/23
Lower middle income,71305,2021/12/16
Germany,69956,2021/12/29
Asia,69949,2021/12/27
Asia,69457,2021/12/18
Lower middle income,67200,2021/12/29
South America,66153,2021/12/29
Asia,65917,2021/12/20
France,65713,2021/12/15
Germany,64949,2021/12/21
Asia,63502,2021/12/17
Asia,62066,2021/12/29
France,60866,2021/12/16
Spain,60041,2021/12/22
France,58536,2021/12/18
Lower middle income,58352,2021/12/24
France,58128,2021/12/17
United States,57054,2021/12/25
Germany,56902,2021/12/15
Lower middle income,56380,2021/12/22
Africa,55898,2021/12/23
Germany,55603,2021/12/18
Lower middle income,55132,2021/12/28
Italy,54787,2021/12/25
Lower middle income,53527,2021/12/23
Lower middle income,53297,2021/12/15
South America,53227,2021/12/28
Lower middle income,52232,2021/12/21
Germany,51400,2021/12/16
Africa,50978,2021/12/22
Italy,50590,2021/12/24
Spain,49823,2021/12/21
Africa,49365,2021/12/24
Africa,48986,2021/12/29
Asia,48561,2021/12/25
France,48473,2021/12/19
Lower middle income,48305,2021/12/17
Lower middle income,47920,2021/12/19
Lower middle income,46003,2021/12/25
Lower middle income,45745,2021/12/18
Italy,44585,2021/12/23
Africa,44323,2021/12/16
Africa,44313,2021/12/15
Germany,44313,2021/12/22
Argentina,42032,2021/12/29
Lower middle income,41758,2021/12/27
Africa,41557,2021/12/17
Africa,41207,2021/12/28
Africa,41076,2021/12/25
Denmark,41035,2021/12/27
Lower middle income,40937,2021/12/26
Turkey,40608,2021/12/26
Lower middle income,40109,2021/12/20
Czechia,37659,2021/12/25
South America,36419,2021/12/27
Italy,36326,2021/12/22
Switzerland,36193,2021/12/27
Africa,35545,2021/12/21
Germany,34420,2021/12/23
Vietnam,34062,2021/12/16
Argentina,33902,2021/12/28
Africa,33372,2021/12/20
Spain,33359,2021/12/17
Africa,32602,2021/12/27
Turkey,32176,2021/12/28
South America,31938,2021/12/24
Germany,30998,2021/12/28
Italy,30799,2021/12/27
Italy,30783,2021/12/21
France,30459,2021/12/27
Africa,29124,2021/12/19
Spain,28900,2021/12/16
Greece,28828,2021/12/29
Italy,28615,2021/12/17
Africa,28201,2021/12/18
Russia,28158,2021/12/16
Italy,28057,2021/12/18
Russia,28011,2021/12/15
France,27697,2021/12/26
Russia,27680,2021/12/19
Russia,27427,2021/12/17
Spain,27140,2021/12/15
Russia,27131,2021/12/18
Portugal,26867,2021/12/29
Russia,26744,2021/12/20
South Africa,26389,2021/12/15
South America,26138,2021/12/23
Italy,26104,2021/12/16
Turkey,26099,2021/12/27
Russia,25655,2021/12/21
Russia,25446,2021/12/23
Russia,25038,2021/12/22
Italy,24882,2021/12/26
South Africa,24785,2021/12/16
Russia,24771,2021/12/25
Russia,24522,2021/12/24
South America,24518,2021/12/21
Italy,24303,2021/12/19
Poland,24264,2021/12/15
Canada,24090,2021/12/24
Africa,23699,2021/12/26
Russia,23543,2021/12/26
South America,23442,2021/12/25
Denmark,23228,2021/12/29
Italy,23190,2021/12/15
Russia,23036,2021/12/27
Canada,22430,2021/12/23
Poland,22096,2021/12/16
Oceania,21867,2021/12/29
Russia,21751,2021/12/28
Germany,21742,2021/12/20
Greece,21732,2021/12/28
Australia,21369,2021/12/29
Sweden,21247,2021/12/28
South Africa,21156,2021/12/23
South Africa,21098,2021/12/22
Russia,20957,2021/12/29
South Africa,20713,2021/12/17
Denmark,20578,2021/12/21
Switzerland,20487,2021/12/20
Argentina,20263,2021/12/27
Poland,20027,2021/12/17
Turkey,19872,2021/12/15
Turkey,19859,2021/12/21
South America,19770,2021/12/22
Poland,19392,2021/12/18
Canada,19143,2021/12/27
Turkey,19095,2021/12/22
Turkey,18910,2021/12/24
South Africa,18847,2021/12/24
Turkey,18771,2021/12/23
Turkey,18762,2021/12/20
South America,18760,2021/12/26
Germany,18750,2021/12/27
South America,18738,2021/12/17
Turkey,18141,2021/12/17
Turkey,18100,2021/12/16
Poland,18013,2021/12/22
South America,17834,2021/12/15
Canada,17766,2021/12/28
Oceania,17732,2021/12/28
South America,17696,2021/12/16
Australia,17678,2021/12/28
Turkey,17644,2021/12/18
Switzerland,17636,2021/12/29
South America,17561,2021/12/18
Belgium,17390,2021/12/20
Low income,17374,2021/12/29
Germany,17238,2021/12/25
Portugal,17172,2021/12/28
Poland,17150,2021/12/23
Canada,17101,2021/12/20
Turkey,16910,2021/12/19
Czechia,16738,2021/12/15
Vietnam,16555,2021/12/22
Ireland,16428,2021/12/29
Vietnam,16377,2021/12/23
Netherlands,16325,2021/12/16
Vietnam,16325,2021/12/21
Argentina,16279,2021/12/24
Italy,16205,2021/12/20
Vietnam,16157,2021/12/24
Vietnam,16110,2021/12/19
South Africa,16080,2021/12/18
Poland,15976,2021/12/19
Vietnam,15895,2021/12/18
Germany,15716,2021/12/17
Netherlands,15708,2021/12/29
Vietnam,15586,2021/12/25
Poland,15567,2021/12/29
Vietnam,15527,2021/12/15
South Africa,15465,2021/12/19
South Africa,15423,2021/12/21
Canada,15396,2021/12/22
Poland,15376,2021/12/24
Netherlands,15367,2021/12/17
Vietnam,15236,2021/12/17
Vietnam,15218,2021/12/26
France,15075,2021/12/20
Vietnam,14977,2021/12/20
Vietnam,14872,2021/12/27
South Africa,14828,2021/12/25
Belgium,14760,2021/12/27
Netherlands,14636,2021/12/18
Vietnam,14440,2021/12/28
Vietnam,13889,2021/12/29
Poland,13807,2021/12/21
Ireland,13765,2021/12/25
India,13644,2021/12/19
Low income,13591,2021/12/28
Netherlands,13475,2021/12/15
Argentina,13456,2021/12/23
Low income,13425,2021/12/23
Denmark,13386,2021/12/22
Netherlands,13374,2021/12/22
Switzerland,13368,2021/12/28
Netherlands,13345,2021/12/23
Netherlands,13259,2021/12/19
India,13154,2021/12/29
Denmark,13000,2021/12/28
Belgium,12945,2021/12/29
Portugal,12943,2021/12/24
South America,12693,2021/12/20
Sweden,12681,2021/12/21
Netherlands,12564,2021/12/25
Denmark,12487,2021/12/23
Netherlands,12449,2021/12/24
Canada,12203,2021/12/21
Netherlands,12166,2021/12/20
Oceania,12082,2021/12/27
Low income,12037,2021/12/25
Netherlands,11886,2021/12/26
Belgium,11851,2021/12/15
Australia,11797,2021/12/27
Czechia,11652,2021/12/16
Switzerland,11565,2021/12/22
South America,11518,2021/12/19
Netherlands,11496,2021/12/27
Switzerland,11451,2021/12/23
Denmark,11229,2021/12/24
Denmark,11194,2021/12/17
Ireland,11182,2021/12/24
Switzerland,11167,2021/12/15
Argentina,11121,2021/12/22
Switzerland,11077,2021/12/16
Low income,10935,2021/12/24
Poland,10789,2021/12/25
Low income,10675,2021/12/27
Portugal,10549,2021/12/23
Ireland,10404,2021/12/26
Germany,10172,2021/12/26
Hungary,10105,2021/12/20
Denmark,10082,2021/12/20
Belgium,10040,2021/12/17
Portugal,10016,2021/12/25
Oceania,10015,2021/12/24
Denmark,9999,2021/12/16
Belgium,9965,2021/12/28
Switzerland,9943,2021/12/17
Oceania,9928,2021/12/26
Ukraine,9918,2021/12/16
Canada,9888,2021/12/25
Australia,9884,2021/12/26
Australia,9855,2021/12/24
Poland,9850,2021/12/28
Brazil,9761,2021/12/29
Poland,9610,2021/12/20
Belgium,9604,2021/12/18
Oceania,9595,2021/12/25
Czechia,9525,2021/12/17
Australia,9459,2021/12/25
Argentina,9336,2021/12/21
Canada,9325,2021/12/17
Netherlands,9313,2021/12/21
Greece,9284,2021/12/27
Netherlands,9220,2021/12/28
Ukraine,9215,2021/12/17
India,9195,2021/12/28
Czechia,9135,2021/12/29
Sweden,9103,2021/12/29
Brazil,9052,2021/12/28
South Africa,9020,2021/12/29
Ireland,9006,2021/12/28
Czechia,8993,2021/12/18
Portugal,8937,2021/12/22
Denmark,8773,2021/12/15
Denmark,8594,2021/12/18
Oceania,8545,2021/12/22
South Africa,8511,2021/12/20
Canada,8478,2021/12/26
Ukraine,8461,2021/12/15
Australia,8357,2021/12/22
Oceania,8340,2021/12/23
Low income,8225,2021/12/22
Australia,8218,2021/12/23
Denmark,8212,2021/12/19
Switzerland,8171,2021/12/21
Slovakia,8129,2021/12/16
Hungary,7989,2021/12/27
India,7974,2021/12/15
Ukraine,7806,2021/12/18
Low income,7739,2021/12/20
Greece,7660,2021/12/24
Argentina,7623,2021/12/26
South Korea,7622,2021/12/15
Belgium,7593,2021/12/23
Ukraine,7533,2021/12/23
Canada,7530,2021/12/16
Zimbabwe,7510,2021/12/17
India,7495,2021/12/22
South Korea,7450,2021/12/21
Canada,7449,2021/12/19
India,7447,2021/12/16
South Korea,7434,2021/12/16
Low income,7423,2021/12/21
Slovakia,7418,2021/12/23
Ireland,7411,2021/12/23
Ireland,7333,2021/12/18
South Korea,7313,2021/12/17
Peru,7258,2021/12/25
Belgium,7233,2021/12/24
Thailand,7221,2021/12/16
South Africa,7216,2021/12/28
India,7189,2021/12/24
Argentina,7183,2021/12/25
India,7145,2021/12/18
India,6987,2021/12/25
Brazil,6952,2021/12/27
South Korea,6913,2021/12/22
Czechia,6887,2021/12/28
Mexico,6883,2021/12/24
Ukraine,6828,2021/12/24
Ireland,6735,2021/12/27
India,6650,2021/12/23
Greece,6647,2021/12/23
Greece,6590,2021/12/25
Ukraine,6589,2021/12/22
Slovakia,6550,2021/12/15
Greece,6542,2021/12/21
India,6531,2021/12/26
India,6358,2021/12/27
Portugal,6334,2021/12/27
Colombia,6326,2021/12/29
India,6317,2021/12/21
Slovakia,6313,2021/12/29
Ireland,6307,2021/12/22
Ukraine,6281,2021/12/21
Low income,6274,2021/12/26
Canada,6263,2021/12/18
Poland,6253,2021/12/26
South Korea,6234,2021/12/18
South Korea,6231,2021/12/23
Nigeria,6158,2021/12/22
Canada,6042,2021/12/15
Czechia,6002,2021/12/19
Finland,5932,2021/12/20
Belgium,5838,2021/12/22
South Korea,5836,2021/12/24
Portugal,5800,2021/12/15
Croatia,5768,2021/12/29
Portugal,5754,2021/12/21
Norway,5741,2021/12/15
Slovakia,5715,2021/12/28
Zimbabwe,5678,2021/12/15
Mexico,5651,2021/12/15
Argentina,5648,2021/12/17
Greece,5635,2021/12/22
Oceania,5616,2021/12/21
Ukraine,5616,2021/12/29
South Africa,5603,2021/12/26
Slovakia,5584,2021/12/17
Slovakia,5550,2021/12/24
Australia,5531,2021/12/21
Hungary,5506,2021/12/15
Ukraine,5451,2021/12/25
South Korea,5418,2021/12/25
South Korea,5406,2021/12/28
Argentina,5337,2021/12/20
India,5326,2021/12/20
South Korea,5316,2021/12/19
Argentina,5301,2021/12/16
Hungary,5298,2021/12/16
Ireland,5269,2021/12/21
Zambia,5255,2021/12/29
South Korea,5201,2021/12/20
Ethiopia,5185,2021/12/28
Slovakia,5167,2021/12/21
Portugal,5137,2021/12/16
Ireland,5124,2021/12/19
Brazil,5078,2021/12/15
Portugal,5062,2021/12/18
Sweden,5059,2021/12/23
Angola,5035,2021/12/28
South Korea,5029,2021/12/29
Poland,5027,2021/12/27
Ethiopia,5013,2021/12/25
Hungary,4977,2021/12/17
Brazil,4969,2021/12/26
Thailand,4969,2021/12/26
Bolivia,4934,2021/12/29
Slovakia,4919,2021/12/18
Botswana,4837,2021/12/20
Argentina,4819,2021/12/15
Norway,4799,2021/12/21
Ireland,4788,2021/12/20
Greece,4786,2021/12/15
Greece,4761,2021/12/17
Norway,4702,2021/12/28
Ethiopia,4700,2021/12/29
Greece,4696,2021/12/16
Norway,4689,2021/12/17
Sweden,4688,2021/12/22
Croatia,4671,2021/12/15
Low income,4645,2021/12/17
Portugal,4644,2021/12/17
Oceania,4613,2021/12/20
Low income,4581,2021/12/16
Ethiopia,4573,2021/12/24
Norway,4520,2021/12/16
Australia,4492,2021/12/20
Low income,4483,2021/12/15
Mexico,4426,2021/12/29
Norway,4407,2021/12/29
Bolivia,4371,2021/12/24
Zimbabwe,4367,2021/12/16
Brazil,4363,2021/12/17
Malaysia,4362,2021/12/17
Jordan,4341,2021/12/15
Greece,4337,2021/12/18
Norway,4312,2021/12/23
Colombia,4306,2021/12/28
Botswana,4293,2021/12/23
Norway,4290,2021/12/22
Portugal,4266,2021/12/19
Malaysia,4262,2021/12/16
Ireland,4230,2021/12/15
Croatia,4226,2021/12/22
Austria,4224,2021/12/15
Bolivia,4220,2021/12/21
South Korea,4207,2021/12/26
Argentina,4163,2021/12/18
Oceania,4147,2021/12/17
Ireland,4141,2021/12/16
Croatia,4139,2021/12/28
Sweden,4130,2021/12/17
Oceania,4101,2021/12/19
Malaysia,4083,2021/12/18
Germany,4068,2021/12/24
Slovakia,4062,2021/12/19
Sweden,4044,2021/12/15
Norway,4041,2021/12/20
Greece,4036,2021/12/26
Australia,4031,2021/12/19
Sweden,4022,2021/12/16
Australia,4017,2021/12/17
Oceania,3921,2021/12/18
Oceania,3920,2021/12/16
Zambia,3907,2021/12/28
Malaysia,3900,2021/12/15
Ukraine,3889,2021/12/19
Australia,3862,2021/12/18
South Korea,3862,2021/12/27
Croatia,3831,2021/12/23
Jordan,3812,2021/12/16
Australia,3802,2021/12/16
Ethiopia,3793,2021/12/23
Croatia,3778,2021/12/17
South Africa,3778,2021/12/27
Brazil,3774,2021/12/23
Croatia,3765,2021/12/16
Norway,3750,2021/12/27
Kenya,3749,2021/12/25
Kenya,3746,2021/12/23
Czechia,3741,2021/12/20
Brazil,3734,2021/12/21
Portugal,3732,2021/12/26
Jordan,3705,2021/12/17
Norway,3705,2021/12/18
Greece,3689,2021/12/20
Malaysia,3683,2021/12/29
Brazil,3680,2021/12/24
Brazil,3674,2021/12/25
Zambia,3672,2021/12/24
Brazil,3661,2021/12/16
Finland,3649,2021/12/27
Mozambique,3624,2021/12/29
Ireland,3595,2021/12/17
Hungary,3586,2021/12/23
Jordan,3578,2021/12/20
Peru,3559,2021/12/18
Low income,3543,2021/12/19
Oceania,3534,2021/12/15
Malaysia,3528,2021/12/24
Malaysia,3519,2021/12/22
Malaysia,3510,2021/12/23
Botswana,3488,2021/12/27
Croatia,3487,2021/12/18
Mozambique,3473,2021/12/28
Bulgaria,3449,2021/12/29
Israel,3446,2021/12/29
Low income,3438,2021/12/18
Australia,3423,2021/12/15
Colombia,3414,2021/12/25
Zimbabwe,3406,2021/12/20
Zambia,3380,2021/12/23
Thailand,3370,2021/12/15
Hungary,3359,2021/12/22
Kenya,3328,2021/12/22
Mexico,3319,2021/12/23
Kenya,3297,2021/12/29
Georgia,3282,2021/12/21
Colombia,3281,2021/12/27
Georgia,3278,2021/12/15
Croatia,3271,2021/12/25
Argentina,3254,2021/12/19
Austria,3251,2021/12/29
Croatia,3241,2021/12/24
Brazil,3226,2021/12/22
Finland,3223,2021/12/24
Jordan,3196,2021/12/19
Bolivia,3174,2021/12/18
Malaysia,3160,2021/12/25
Lebanon,3153,2021/12/29
Malaysia,3140,2021/12/21
Thailand,3132,2021/12/18
Georgia,3123,2021/12/16
Malaysia,3108,2021/12/19
Colombia,3060,2021/12/24
Austria,3046,2021/12/16
Israel,3046,2021/12/27
Jordan,3023,2021/12/21
Norway,3022,2021/12/19
Colombia,3022,2021/12/26
Hungary,3005,2021/12/29
Cyprus,3002,2021/12/29
Finland,3000,2021/12/23
Israel,2995,2021/12/28
Ethiopia,2992,2021/12/22
Ukraine,2988,2021/12/26
Mexico,2980,2021/12/22
Georgia,2979,2021/12/17
Kenya,2964,2021/12/24
Ethiopia,2946,2021/12/26
Thailand,2940,2021/12/23
Mexico,2916,2021/12/25
Austria,2899,2021/12/17
Thailand,2899,2021/12/19
Malaysia,2897,2021/12/28
Bolivia,2882,2021/12/28
Finland,2877,2021/12/22
Zambia,2857,2021/12/22
Democratic Republic of Congo,2850,2021/12/20
Kenya,2844,2021/12/21
Greece,2831,2021/12/19
Tanzania,2823,2021/12/29
Ukraine,2814,2021/12/20
Croatia,2803,2021/12/21
Georgia,2784,2021/12/18
Malaysia,2778,2021/12/26
Mozambique,2770,2021/12/24
Thailand,2766,2021/12/25
Democratic Republic of Congo,2761,2021/12/23
Malaysia,2757,2021/12/27
Portugal,2752,2021/12/20
Mexico,2750,2021/12/18
Georgia,2739,2021/12/22
Finland,2714,2021/12/28
Slovakia,2708,2021/12/22
Zimbabwe,2689,2021/12/21
Georgia,2676,2021/12/28
Thailand,2671,2021/12/24
Iran,2651,2021/12/15
Zambia,2649,2021/12/25
Brazil,2639,2021/12/20
Mexico,2627,2021/12/16
Malaysia,2589,2021/12/20
Finland,2584,2021/12/29
Thailand,2575,2021/12/29
Burundi,2567,2021/12/27
Thailand,2532,2021/12/22
Namibia,2531,2021/12/24
Mexico,2530,2021/12/19
Austria,2528,2021/12/21
Thailand,2525,2021/12/20
Ghana,2521,2021/12/27
Georgia,2514,2021/12/29
Laos,2508,2021/12/24
Iran,2500,2021/12/16
Thailand,2476,2021/12/21
Colombia,2475,2021/12/23
Jordan,2448,2021/12/22
Mozambique,2445,2021/12/23
Democratic Republic of Congo,2444,2021/12/29
Ukraine,2419,2021/12/28
Austria,2416,2021/12/28
Iran,2413,2021/12/21
Peru,2395,2021/12/21
Iran,2390,2021/12/20
Brazil,2381,2021/12/18
Austria,2374,2021/12/24
Mozambique,2337,2021/12/22
Ethiopia,2323,2021/12/21
Thailand,2305,2021/12/28
Serbia,2296,2021/12/21
Madagascar,2295,2021/12/25
Democratic Republic of Congo,2290,2021/12/27
Lebanon,2280,2021/12/28
Austria,2269,2021/12/22
Norway,2268,2021/12/24
Iceland,2253,2021/12/27
Austria,2242,2021/12/19
Cyprus,2241,2021/12/28
Jordan,2239,2021/12/23
United Arab Emirates,2234,2021/12/29
Namibia,2227,2021/12/18
Finland,2225,2021/12/15
Botswana,2220,2021/12/16
Ecuador,2219,2021/12/27
Lithuania,2215,2021/12/15
Norway,2214,2021/12/26
Iran,2196,2021/12/17
Georgia,2195,2021/12/19
Kenya,2169,2021/12/18
Austria,2167,2021/12/18
Georgia,2164,2021/12/23
Austria,2147,2021/12/23
Iran,2128,2021/12/28
Bolivia,2119,2021/12/17
Lebanon,2119,2021/12/24
Zimbabwe,2106,2021/12/19
Iran,2103,2021/12/22
Zimbabwe,2099,2021/12/28
Georgia,2090,2021/12/25
Austria,2085,2021/12/25
Rwanda,2083,2021/12/29
Democratic Republic of Congo,2081,2021/12/15
Finland,2079,2021/12/17
Mozambique,2068,2021/12/21
Colombia,2066,2021/12/15
Lithuania,2062,2021/12/29
Peru,2052,2021/12/23
Finland,2042,2021/12/21
Colombia,2038,2021/12/19
Ukraine,2038,2021/12/27
Lebanon,2017,2021/12/25
Czechia,2017,2021/12/27
Colombia,2016,2021/12/18
Bulgaria,2001,2021/12/20
Norway,1989,2021/12/25
Hungary,1985,2021/12/21
Finland,1981,2021/12/16
Georgia,1976,2021/12/24
Iran,1968,2021/12/19
Iran,1967,2021/12/24
Iran,1967,2021/12/27
Bulgaria,1966,2021/12/23
Lithuania,1957,2021/12/16
Lebanon,1941,2021/12/15
Nigeria,1940,2021/12/23
Zimbabwe,1940,2021/12/23
Croatia,1936,2021/12/19
Iran,1932,2021/12/23
Colombia,1931,2021/12/22
Cyprus,1925,2021/12/27
Lebanon,1922,2021/12/22
Belarus,1921,2021/12/24
Jordan,1920,2021/12/18
Lebanon,1912,2021/12/16
Bolivia,1909,2021/12/23
Zambia,1906,2021/12/21
Iran,1905,2021/12/29
Ecuador,1904,2021/12/24
Bulgaria,1883,2021/12/21
Ghana,1881,2021/12/26
Slovakia,1878,2021/12/20
Gabon,1871,2021/12/27
Slovenia,1867,2021/12/29
Ethiopia,1864,2021/12/27
Angola,1859,2021/12/24
Iran,1857,2021/12/26
United Arab Emirates,1846,2021/12/28
Slovenia,1813,2021/12/28
Lebanon,1806,2021/12/21
Serbia,1804,2021/12/29
Colombia,1803,2021/12/17
United Arab Emirates,1803,2021/12/26
Bolivia,1800,2021/12/16
Mozambique,1793,2021/12/19
Austria,1792,2021/12/20
Peru,1782,2021/12/22
Nigeria,1772,2021/12/20
Lithuania,1772,2021/12/23
Bolivia,1766,2021/12/15
Colombia,1766,2021/12/21
Belarus,1765,2021/12/15
Israel,1745,2021/12/23
United Arab Emirates,1732,2021/12/27
Bulgaria,1725,2021/12/15
Peru,1724,2021/12/17
Lithuania,1724,2021/12/18
Lithuania,1722,2021/12/22
Colombia,1720,2021/12/16
Austria,1717,2021/12/26
Laos,1702,2021/12/17
Colombia,1699,2021/12/20
Costa Rica,1696,2021/12/28
Panama,1692,2021/12/25
Lebanon,1690,2021/12/18
Angola,1688,2021/12/29
Serbia,1676,2021/12/28
Georgia,1661,2021/12/26
Peru,1660,2021/12/16
Belarus,1655,2021/12/18
Belarus,1654,2021/12/22
Lebanon,1646,2021/12/23
Belarus,1644,2021/12/17
Slovakia,1644,2021/12/27
Eswatini,1642,2021/12/16
Zimbabwe,1636,2021/12/22
United Arab Emirates,1621,2021/12/25
Lithuania,1619,2021/12/17
Bulgaria,1614,2021/12/17
Kenya,1609,2021/12/17
Lebanon,1606,2021/12/17
Lithuania,1599,2021/12/28
Sri Lanka,1597,2021/12/29
Belarus,1596,2021/12/16
Kenya,1596,2021/12/27
Lesotho,1591,2021/12/24
Nigeria,1584,2021/12/17
Peru,1581,2021/12/19
Lithuania,1581,2021/12/24
Palestine,1575,2021/12/20
Mexico,1557,2021/12/20
Slovenia,1554,2021/12/21
Austria,1550,2021/12/27
Nigeria,1547,2021/12/26
Zambia,1539,2021/12/26
Belarus,1529,2021/12/25
Namibia,1527,2021/12/22
Slovenia,1526,2021/12/15
Montenegro,1507,2021/12/29
Kenya,1504,2021/12/28
Morocco,1504,2021/12/29
Cote d'Ivoire,1502,2021/12/29
Madagascar,1501,2021/12/18
Chile,1494,2021/12/25
Laos,1493,2021/12/16
Belarus,1493,2021/12/29
Chile,1492,2021/12/16
Chile,1482,2021/12/23
Lebanon,1479,2021/12/19
Peru,1478,2021/12/15
Eswatini,1469,2021/12/15
Bulgaria,1463,2021/12/22
Brazil,1458,2021/12/19
Democratic Republic of Congo,1456,2021/12/16
Belarus,1456,2021/12/19
Israel,1455,2021/12/25
Lithuania,1453,2021/12/21
Bulgaria,1443,2021/12/16
Chile,1433,2021/12/17
Nigeria,1424,2021/12/15
Uruguay,1417,2021/12/29
Chile,1415,2021/12/18
Chile,1399,2021/12/24
Zimbabwe,1392,2021/12/24
Mozambique,1382,2021/12/17
Kenya,1372,2021/12/19
Hungary,1370,2021/12/28
Nigeria,1368,2021/12/29
Iran,1361,2021/12/18
Serbia,1359,2021/12/15
Lithuania,1359,2021/12/19
Israel,1356,2021/12/20
Nigeria,1356,2021/12/24
Zambia,1356,2021/12/27
Slovenia,1355,2021/12/16
Bolivia,1355,2021/12/26
Panama,1354,2021/12/28
United Arab Emirates,1352,2021/12/24
Israel,1351,2021/12/24
Panama,1348,2021/12/29
Laos,1341,2021/12/22
Malta,1337,2021/12/29
Namibia,1334,2021/12/20
Serbia,1325,2021/12/16
Latvia,1319,2021/12/29
Lebanon,1311,2021/12/26
Nigeria,1305,2021/12/25
Malta,1298,2021/12/28
Georgia,1296,2021/12/20
Zambia,1294,2021/12/17
Slovenia,1288,2021/12/18
Slovenia,1278,2021/12/17
Bulgaria,1278,2021/12/27
Slovakia,1272,2021/12/25
Uganda,1272,2021/12/29
Romania,1271,2021/12/29
Serbia,1268,2021/12/22
Malawi,1265,2021/12/24
Ghana,1264,2021/12/28
Namibia,1263,2021/12/19
Slovenia,1263,2021/12/22
Lithuania,1255,2021/12/25
Chile,1252,2021/12/19
Uganda,1251,2021/12/25
Laos,1249,2021/12/18
Serbia,1249,2021/12/27
Laos,1245,2021/12/15
Israel,1241,2021/12/26
Ecuador,1238,2021/12/16
Bulgaria,1235,2021/12/28
Mozambique,1234,2021/12/16
Burundi,1217,2021/12/20
Bolivia,1206,2021/12/27
Slovenia,1205,2021/12/24
Belarus,1203,2021/12/23
Israel,1200,2021/12/22
Serbia,1199,2021/12/17
Kenya,1196,2021/12/26
Serbia,1193,2021/12/24
Malawi,1192,2021/12/23
Ecuador,1186,2021/12/21
Latvia,1186,2021/12/28
Morocco,1184,2021/12/28
Serbia,1177,2021/12/23
Angola,1163,2021/12/23
Azerbaijan,1156,2021/12/15
Panama,1155,2021/12/22
Chile,1155,2021/12/26
Romania,1144,2021/12/28
Laos,1128,2021/12/21
Slovenia,1127,2021/12/23
Chile,1126,2021/12/20
Iran,1121,2021/12/25
Israel,1120,2021/12/21
Montenegro,1120,2021/12/28
Uganda,1116,2021/12/26
Malawi,1112,2021/12/22
Eswatini,1110,2021/12/20
Malawi,1103,2021/12/29
Lebanon,1100,2021/12/27
Serbia,1098,2021/12/25
Zimbabwe,1098,2021/12/27
Chile,1096,2021/12/29
Uganda,1093,2021/12/24
Czechia,1093,2021/12/26
Slovenia,1088,2021/12/25
Ghana,1074,2021/12/29
Laos,1067,2021/12/19
Chile,1060,2021/12/15
Democratic Republic of Congo,1060,2021/12/17
Namibia,1053,2021/12/25
Luxembourg,1053,2021/12/29
Nigeria,1051,2021/12/16
Laos,1042,2021/12/29
Zambia,1039,2021/12/18
Zambia,1036,2021/12/19
Eswatini,1034,2021/12/17
Bulgaria,1033,2021/12/24
Kenya,1020,2021/12/20
Serbia,1015,2021/12/18
Zimbabwe,1010,2021/12/25
Namibia,1008,2021/12/26
Laos,1007,2021/12/25
United Arab Emirates,1002,2021/12/23
Ghana,1000,2021/12/23
Rwanda,998,2021/12/28
Latvia,991,2021/12/21
Georgia,986,2021/12/27
Azerbaijan,984,2021/12/16
Belarus,983,2021/12/26
Estonia,980,2021/12/28
Cyprus,978,2021/12/23
Serbia,976,2021/12/26
Mozambique,975,2021/12/15
Iceland,974,2021/12/28
Uganda,974,2021/12/28
Chile,964,2021/12/22
Trinidad and Tobago,964,2021/12/24
Rwanda,962,2021/12/27
Laos,962,2021/12/28
Trinidad and Tobago,956,2021/12/18
Malta,955,2021/12/24
Latvia,954,2021/12/23
Eswatini,948,2021/12/21
Latvia,948,2021/12/24
Malawi,947,2021/12/25
Ghana,946,2021/12/22
Kenya,943,2021/12/16
Malawi,943,2021/12/21
Mexico,943,2021/12/28
Kazakhstan,937,2021/12/18
Palestine,937,2021/12/27
Latvia,934,2021/12/16
Trinidad and Tobago,928,2021/12/23
Azerbaijan,921,2021/12/19
Luxembourg,921,2021/12/20
Angola,921,2021/12/25
Egypt,919,2021/12/19
Cyprus,917,2021/12/24
Malta,917,2021/12/25
Uruguay,913,2021/12/28
Cyprus,912,2021/12/26
Dominican Republic,911,2021/12/29
Egypt,910,2021/12/17
Latvia,910,2021/12/18
Bulgaria,904,2021/12/18
Ecuador,903,2021/12/20
Egypt,903,2021/12/20
Egypt,902,2021/12/18
Egypt,901,2021/12/16
Mozambique,898,2021/12/25
Bolivia,889,2021/12/19
Latvia,886,2021/12/15
Chile,884,2021/12/21
Cyprus,883,2021/12/22
Egypt,883,2021/12/23
Libya,881,2021/12/27
Egypt,879,2021/12/15
Egypt,879,2021/12/22
Israel,878,2021/12/16
Estonia,878,2021/12/29
Estonia,866,2021/12/23
Egypt,866,2021/12/25
Zambia,861,2021/12/16
Bosnia and Herzegovina,861,2021/12/20
Estonia,861,2021/12/21
Nigeria,859,2021/12/27
Azerbaijan,854,2021/12/23
Egypt,854,2021/12/29
Panama,853,2021/12/17
Bosnia and Herzegovina,852,2021/12/27
Romania,851,2021/12/22
Laos,851,2021/12/26
Egypt,851,2021/12/27
Egypt,848,2021/12/21
Latvia,841,2021/12/17
Eswatini,838,2021/12/18
Bulgaria,838,2021/12/26
Cyprus,835,2021/12/20
Belarus,834,2021/12/20
Palestine,833,2021/12/28
Belarus,832,2021/12/21
Malta,832,2021/12/27
Romania,829,2021/12/15
Nigeria,828,2021/12/19
Lithuania,828,2021/12/26
Romania,826,2021/12/21
Laos,824,2021/12/20
Egypt,823,2021/12/26
Guatemala,821,2021/12/29
Romania,812,2021/12/16
Egypt,811,2021/12/24
Egypt,809,2021/12/28
Lebanon,806,2021/12/20
Cyprus,806,2021/12/21
Mexico,803,2021/12/27
Serbia,802,2021/12/19
Bosnia and Herzegovina,800,2021/12/29
Kenya,799,2021/12/15
Eswatini,796,2021/12/22
Lesotho,795,2021/12/19
Israel,794,2021/12/19
Ethiopia,791,2021/12/18
Sudan,789,2021/12/20
Venezuela,778,2021/12/19
Romania,775,2021/12/23
Burundi,775,2021/12/28
Sri Lanka,772,2021/12/15
Slovenia,768,2021/12/19
Chile,762,2021/12/28
Sri Lanka,758,2021/12/16
Azerbaijan,755,2021/12/17
Chile,753,2021/12/27
Latvia,748,2021/12/22
Bosnia and Herzegovina,748,2021/12/28
Saudi Arabia,744,2021/12/29
Romania,743,2021/12/17
Bulgaria,743,2021/12/25
Uganda,743,2021/12/27
Libya,735,2021/12/26
Morocco,734,2021/12/25
Luxembourg,734,2021/12/27
Romania,733,2021/12/18
Malta,733,2021/12/23
Libya,726,2021/12/19
Estonia,725,2021/12/22
Trinidad and Tobago,723,2021/12/21
Israel,720,2021/12/17
Ecuador,719,2021/12/15
Panama,719,2021/12/23
Romania,717,2021/12/24
Ecuador,715,2021/12/17
Sri Lanka,715,2021/12/17
Sri Lanka,713,2021/12/21
Rwanda,713,2021/12/25
Luxembourg,711,2021/12/15
Namibia,710,2021/12/16
Uganda,710,2021/12/23
Estonia,710,2021/12/24
Trinidad and Tobago,707,2021/12/17
Trinidad and Tobago,706,2021/12/15
Slovenia,698,2021/12/27
Israel,696,2021/12/18
Dominican Republic,696,2021/12/25
Cyprus,695,2021/12/17
Sri Lanka,695,2021/12/18
Cameroon,691,2021/12/28
Madagascar,689,2021/12/29
Ethiopia,681,2021/12/20
Cote d'Ivoire,680,2021/12/27
Philippines,679,2021/12/29
Bosnia and Herzegovina,675,2021/12/16
Sri Lanka,673,2021/12/22
Mozambique,673,2021/12/27
Slovenia,671,2021/12/26
Aruba,671,2021/12/29
Tunisia,670,2021/12/28
United Arab Emirates,665,2021/12/22
Bahamas,665,2021/12/29
Libya,665,2021/12/29
Azerbaijan,662,2021/12/21
Slovakia,660,2021/12/26
Iceland,658,2021/12/20
Libya,658,2021/12/24
Estonia,655,2021/12/15
Dominican Republic,655,2021/12/28
Morocco,654,2021/12/24
Lithuania,651,2021/12/27
Venezuela,651,2021/12/28
Cyprus,650,2021/12/15
Libya,648,2021/12/16
Azerbaijan,648,2021/12/22
Burundi,648,2021/12/23
Estonia,645,2021/12/16
Albania,643,2021/12/28
Belarus,642,2021/12/27
Angola,633,2021/12/22
Cyprus,632,2021/12/16
Trinidad and Tobago,629,2021/12/19
Rwanda,629,2021/12/24
Israel,627,2021/12/15
Kazakhstan,627,2021/12/15
Tunisia,627,2021/12/27
Lithuania,624,2021/12/20
Ecuador,619,2021/12/28
Ethiopia,617,2021/12/17
Pakistan,617,2021/12/18
Uruguay,612,2021/12/24
Angola,610,2021/12/26
Zambia,609,2021/12/20
Paraguay,607,2021/12/20
Zimbabwe,605,2021/12/26
Estonia,603,2021/12/17
Andorra,602,2021/12/27
Saudi Arabia,602,2021/12/28
Cape Verde,602,2021/12/29
Luxembourg,600,2021/12/22
Uruguay,600,2021/12/27
Eswatini,600,2021/12/29
Congo,599,2021/12/27
Libya,599,2021/12/28
Nigeria,599,2021/12/28
Romania,598,2021/12/25
Guatemala,597,2021/12/28
Libya,592,2021/12/20
Burkina Faso,592,2021/12/28
Bosnia and Herzegovina,591,2021/12/21
Slovenia,587,2021/12/20
Togo,587,2021/12/25
Malawi,584,2021/12/28
Azerbaijan,582,2021/12/18
Malta,582,2021/12/22
Luxembourg,582,2021/12/23
Montenegro,581,2021/12/27
Estonia,577,2021/12/18
Azerbaijan,577,2021/12/20
Panama,574,2021/12/27
Zambia,573,2021/12/15
Sri Lanka,573,2021/12/24
Malta,572,2021/12/26
Mongolia,568,2021/12/21
Venezuela,568,2021/12/24
Trinidad and Tobago,567,2021/12/16
Romania,566,2021/12/27
Ethiopia,565,2021/12/19
Panama,563,2021/12/26
Libya,561,2021/12/22
Libya,560,2021/12/23
Croatia,560,2021/12/27
Libya,559,2021/12/17
Azerbaijan,559,2021/12/24
Moldova,554,2021/12/21
Sri Lanka,554,2021/12/23
Curacao,554,2021/12/29
Mozambique,553,2021/12/20
Bosnia and Herzegovina,552,2021/12/22
Kazakhstan,552,2021/12/22
Sri Lanka,551,2021/12/19
United Arab Emirates,551,2021/12/19
Eswatini,550,2021/12/23
Laos,547,2021/12/27
Albania,547,2021/12/29
Kazakhstan,546,2021/12/16
Montenegro,545,2021/12/26
Malawi,544,2021/12/27
Libya,543,2021/12/21
Luxembourg,543,2021/12/24
Ethiopia,542,2021/12/16
Namibia,540,2021/12/17
Cote d'Ivoire,539,2021/12/28
Luxembourg,537,2021/12/16
Malawi,536,2021/12/17
Kazakhstan,536,2021/12/23
Paraguay,536,2021/12/27
Estonia,534,2021/12/27
Morocco,532,2021/12/26
Lesotho,531,2021/12/26
Azerbaijan,530,2021/12/29
Sri Lanka,529,2021/12/25
Mozambique,527,2021/12/26
Sri Lanka,524,2021/12/20
Saudi Arabia,524,2021/12/27
Bosnia and Herzegovina,522,2021/12/15
Bosnia and Herzegovina,516,2021/12/23
Rwanda,515,2021/12/26
Andorra,513,2021/12/20
Eswatini,513,2021/12/24
Azerbaijan,511,2021/12/26
Kazakhstan,510,2021/12/24
Cyprus,508,2021/12/18
Dominican Republic,506,2021/12/24
Kazakhstan,502,2021/12/21
Uganda,502,2021/12/22
Azerbaijan,501,2021/12/25
Belarus,501,2021/12/28
Iceland,500,2021/12/23
Romania,499,2021/12/19
Bangladesh,495,2021/12/29
Moldova,492,2021/12/15
Peru,492,2021/12/27
Venezuela,491,2021/12/16
Libya,488,2021/12/15
Bosnia and Herzegovina,488,2021/12/17
Luxembourg,486,2021/12/28
Bosnia and Herzegovina,484,2021/12/24
Malawi,482,2021/12/20
Pakistan,482,2021/12/29
Angola,480,2021/12/21
Kazakhstan,480,2021/12/29
Sri Lanka,479,2021/12/28
Dominican Republic,478,2021/12/27
Ghana,477,2021/12/21
Malawi,475,2021/12/16
Morocco,475,2021/12/23
Singapore,474,2021/12/15
Rwanda,473,2021/12/23
Malawi,468,2021/12/18
Kazakhstan,466,2021/12/28
Rwanda,465,2021/12/22
Estonia,465,2021/12/25
Trinidad and Tobago,465,2021/12/26
Trinidad and Tobago,465,2021/12/29
Montenegro,464,2021/12/25
Venezuela,463,2021/12/17
Namibia,460,2021/12/27
Moldova,459,2021/12/16
Sri Lanka,458,2021/12/27
Bulgaria,456,2021/12/19
Trinidad and Tobago,456,2021/12/22
Cote d'Ivoire,455,2021/12/25
Kazakhstan,455,2021/12/25
Aruba,454,2021/12/28
United Arab Emirates,452,2021/12/21
Trinidad and Tobago,451,2021/12/20
Philippines,448,2021/12/17
Cyprus,448,2021/12/19
Uruguay,446,2021/12/23
Uruguay,445,2021/12/22
Qatar,443,2021/12/29
Moldova,440,2021/12/17
Mongolia,436,2021/12/24
Lesotho,435,2021/12/18
Cote d'Ivoire,432,2021/12/24
Estonia,432,2021/12/26
Eswatini,428,2021/12/25
Morocco,427,2021/12/22
Iraq,426,2021/12/15
Estonia,426,2021/12/19
Lesotho,425,2021/12/16
Romania,424,2021/12/20
Latvia,423,2021/12/19
Dominican Republic,422,2021/12/23
Togo,421,2021/12/28
Montenegro,420,2021/12/24
Trinidad and Tobago,420,2021/12/25
Uruguay,415,2021/12/21
Andorra,413,2021/12/16
Singapore,412,2021/12/17
Iraq,410,2021/12/16
North Macedonia,409,2021/12/28
Kazakhstan,400,2021/12/19
Kuwait,399,2021/12/29
Sri Lanka,398,2021/12/26
Curacao,398,2021/12/28
Japan,398,2021/12/29
Bangladesh,397,2021/12/28
Lesotho,395,2021/12/17
Lesotho,395,2021/12/21
North Macedonia,395,2021/12/29
Bahrain,394,2021/12/29
Moldova,390,2021/12/22
Palestine,389,2021/12/21
Saudi Arabia,389,2021/12/26
Honduras,388,2021/12/25
Panama,386,2021/12/16
Venezuela,386,2021/12/18
Panama,386,2021/12/19
Estonia,386,2021/12/20
Malta,386,2021/12/21
Cameroon,384,2021/12/22
Bangladesh,382,2021/12/23
Algeria,382,2021/12/29
Morocco,381,2021/12/21
Moldova,379,2021/12/23
Cote d'Ivoire,377,2021/12/23
Albania,376,2021/12/21
Guatemala,376,2021/12/21
Azerbaijan,376,2021/12/28
Tunisia,375,2021/12/16
Kazakhstan,375,2021/12/20
Venezuela,375,2021/12/21
Algeria,375,2021/12/24
Guatemala,373,2021/12/22
Bangladesh,373,2021/12/27
Bahrain,373,2021/12/28
Iceland,372,2021/12/22
Burundi,370,2021/12/21
Burkina Faso,368,2021/12/21
Moldova,368,2021/12/24
Croatia,367,2021/12/20
Qatar,367,2021/12/28
Burundi,367,2021/12/29
Singapore,365,2021/12/28
Cameroon,364,2021/12/20
Iraq,364,2021/12/20
Somalia,363,2021/12/23
Namibia,362,2021/12/28
Uruguay,361,2021/12/20
China,361,2021/12/27
Uruguay,360,2021/12/25
Trinidad and Tobago,360,2021/12/28
Pakistan,359,2021/12/19
Pakistan,359,2021/12/22
Pakistan,359,2021/12/25
Iraq,357,2021/12/17
Uganda,357,2021/12/21
Uruguay,356,2021/12/18
Venezuela,355,2021/12/15
Singapore,355,2021/12/16
Namibia,354,2021/12/15
Kazakhstan,354,2021/12/27
Pakistan,353,2021/12/24
Bangladesh,352,2021/12/22
Tunisia,352,2021/12/25
Kazakhstan,351,2021/12/26
Luxembourg,349,2021/12/17
Philippines,349,2021/12/25
Romania,349,2021/12/26
Pakistan,348,2021/12/28
Tunisia,347,2021/12/21
Tunisia,347,2021/12/22
Palestine,343,2021/12/15
Rwanda,343,2021/12/21
Albania,343,2021/12/22
Qatar,343,2021/12/27
Iraq,342,2021/12/22
Bangladesh,342,2021/12/24
Guatemala,341,2021/12/15
Singapore,341,2021/12/29
Dominican Republic,339,2021/12/26
Iraq,336,2021/12/21
Mongolia,335,2021/12/15
Tunisia,335,2021/12/18
Singapore,335,2021/12/22
Latvia,335,2021/12/27
Algeria,335,2021/12/28
Mongolia,334,2021/12/29
North Macedonia,333,2021/12/21
Palestine,333,2021/12/22
North Macedonia,333,2021/12/24
Venezuela,333,2021/12/26
Belize,333,2021/12/29
Saudi Arabia,332,2021/12/24
Guatemala,329,2021/12/16
Malawi,329,2021/12/19
Mongolia,329,2021/12/19
Kuwait,329,2021/12/28
North Macedonia,327,2021/12/17
Albania,326,2021/12/15
North Macedonia,326,2021/12/15
Latvia,326,2021/12/20
Tunisia,326,2021/12/23
Albania,325,2021/12/18
Iceland,325,2021/12/21
Saudi Arabia,325,2021/12/25
Malawi,325,2021/12/26
Panama,323,2021/12/20
Curacao,323,2021/12/24
Eswatini,322,2021/12/19
Costa Rica,322,2021/12/21
Guatemala,322,2021/12/23
Pakistan,322,2021/12/23
Singapore,322,2021/12/23
Iraq,322,2021/12/24
Albania,321,2021/12/25
North Macedonia,320,2021/12/22
Tunisia,320,2021/12/24
Albania,319,2021/12/23
Philippines,319,2021/12/28
Malawi,318,2021/12/15
Uruguay,317,2021/12/17
Pakistan,316,2021/12/27
Uruguay,315,2021/12/15
Japan,313,2021/12/28
Iraq,312,2021/12/23
Eswatini,312,2021/12/28
Congo,311,2021/12/21
Algeria,310,2021/12/21
Pakistan,310,2021/12/21
Andorra,310,2021/12/22
Fiji,309,2021/12/29
Montenegro,308,2021/12/22
Rwanda,307,2021/12/20
Azerbaijan,306,2021/12/27
South Sudan,305,2021/12/20
Moldova,304,2021/12/18
Bahrain,304,2021/12/27
South Sudan,302,2021/12/24
Moldova,302,2021/12/28
Pakistan,301,2021/12/15
Albania,301,2021/12/16
North Macedonia,301,2021/12/18
United Arab Emirates,301,2021/12/20
Algeria,299,2021/12/17
Liberia,299,2021/12/27
North Macedonia,298,2021/12/16
Bangladesh,297,2021/12/15
Uganda,297,2021/12/19
Togo,297,2021/12/23
Ethiopia,296,2021/12/15
Albania,296,2021/12/17
Qatar,296,2021/12/26
Palestine,296,2021/12/29
Ghana,293,2021/12/15
Belgium,293,2021/12/21
Algeria,293,2021/12/23
Algeria,293,2021/12/27
Moldova,293,2021/12/29
South Sudan,292,2021/12/29
Indonesia,291,2021/12/17
Malta,291,2021/12/18
Bangladesh,291,2021/12/21
Palestine,291,2021/12/23
Morocco,291,2021/12/27
Uruguay,289,2021/12/16
Saudi Arabia,287,2021/12/23
Bahrain,287,2021/12/26
Mongolia,287,2021/12/26
Faeroe Islands,287,2021/12/29
Algeria,286,2021/12/18
Albania,286,2021/12/24
Mongolia,285,2021/12/16
Algeria,285,2021/12/22
Andorra,283,2021/12/29
Malta,282,2021/12/19
Uruguay,282,2021/12/26
Singapore,280,2021/12/21
Singapore,280,2021/12/27
Burundi,279,2021/12/16
Qatar,279,2021/12/25
North Macedonia,279,2021/12/26
Algeria,278,2021/12/25
Indonesia,278,2021/12/28
Pakistan,277,2021/12/16
Myanmar,276,2021/12/23
Togo,276,2021/12/26
Myanmar,276,2021/12/29
Comoros,275,2021/12/22
Bangladesh,275,2021/12/25
Pakistan,275,2021/12/26
South Sudan,273,2021/12/23
Dominican Republic,272,2021/12/19
Iraq,272,2021/12/19
Montenegro,272,2021/12/23
Singapore,271,2021/12/18
Pakistan,270,2021/12/20
Nepal,269,2021/12/17
North Macedonia,269,2021/12/23
Cyprus,268,2021/12/25
Bangladesh,268,2021/12/26
Mongolia,267,2021/12/18
North Macedonia,266,2021/12/25
South Sudan,266,2021/12/26
Singapore,265,2021/12/24
Japan,263,2021/12/25
Mongolia,262,2021/12/17
Algeria,262,2021/12/19
Curacao,262,2021/12/25
Algeria,261,2021/12/26
Iraq,261,2021/12/29
Namibia,261,2021/12/29
South Sudan,260,2021/12/17
Bangladesh,260,2021/12/20
Japan,260,2021/12/24
Paraguay,260,2021/12/29
Myanmar,259,2021/12/21
Philippines,259,2021/12/26
Uganda,258,2021/12/20
Burundi,257,2021/12/15
Bangladesh,257,2021/12/16
Lesotho,255,2021/12/15
Singapore,255,2021/12/19
Indonesia,255,2021/12/25
Guatemala,254,2021/12/17
Venezuela,253,2021/12/23
Nepal,252,2021/12/15
Dominican Republic,252,2021/12/17
Malta,252,2021/12/20
Nepal,252,2021/12/21
Panama,252,2021/12/21
Saudi Arabia,252,2021/12/22
Nepal,251,2021/12/27
Qatar,248,2021/12/24
Singapore,248,2021/12/25
Aruba,248,2021/12/27
Cote d'Ivoire,247,2021/12/22
Japan,247,2021/12/23
Algeria,245,2021/12/15
Jamaica,245,2021/12/28
Algeria,243,2021/12/20
Dominican Republic,241,2021/12/22
Venezuela,241,2021/12/22
Nepal,241,2021/12/23
Bahrain,241,2021/12/25
Nepal,241,2021/12/28
Cuba,241,2021/12/29
Tunisia,240,2021/12/15
Kuwait,240,2021/12/26
Suriname,240,2021/12/29
Montenegro,237,2021/12/21
Nepal,237,2021/12/24
Moldova,237,2021/12/27
Togo,236,2021/12/27
Paraguay,235,2021/12/23
United Arab Emirates,234,2021/12/17
Indonesia,232,2021/12/18
Belize,231,2021/12/28
Morocco,230,2021/12/18
Rwanda,230,2021/12/18
Myanmar,229,2021/12/15
Moldova,229,2021/12/20
Luxembourg,229,2021/12/21
Moldova,229,2021/12/25
Albania,228,2021/12/19
Barbados,227,2021/12/29
Sudan,226,2021/12/29
Monaco,225,2021/12/17
Cameroon,225,2021/12/26
Japan,225,2021/12/26
Iraq,225,2021/12/28
Saudi Arabia,222,2021/12/21
Morocco,221,2021/12/15
Malta,221,2021/12/17
Ghana,221,2021/12/20
Bahrain,221,2021/12/24
Japan,220,2021/12/22
Uzbekistan,219,2021/12/16
Nepal,218,2021/12/20
Japan,218,2021/12/21
Myanmar,217,2021/12/17
Uzbekistan,217,2021/12/17
South Sudan,217,2021/12/21
Nepal,217,2021/12/22
Curacao,217,2021/12/23
Indonesia,216,2021/12/21
Indonesia,213,2021/12/16
Guatemala,213,2021/12/18
Greenland,213,2021/12/22
Comoros,213,2021/12/24
Myanmar,213,2021/12/24
Nepal,213,2021/12/26
Armenia,212,2021/12/15
Algeria,212,2021/12/16
Indonesia,212,2021/12/27
Myanmar,211,2021/12/16
Bangladesh,211,2021/12/19
Uzbekistan,209,2021/12/15
Morocco,209,2021/12/17
Uganda,209,2021/12/17
Gabon,209,2021/12/22
Singapore,209,2021/12/26
Nepal,209,2021/12/29
China,208,2021/12/26
Fiji,208,2021/12/27
Andorra,208,2021/12/28
China,207,2021/12/29
Dominican Republic,206,2021/12/15
Indonesia,205,2021/12/15
Morocco,205,2021/12/16
Uruguay,205,2021/12/19
Mali,205,2021/12/23
Indonesia,204,2021/12/24
Latvia,203,2021/12/26
Honduras,203,2021/12/27
Central African Republic,202,2021/12/27
United Arab Emirates,200,2021/12/16
Myanmar,200,2021/12/27
Myanmar,199,2021/12/22
Andorra,199,2021/12/23
Montenegro,198,2021/12/17
Curacao,198,2021/12/27
Kuwait,198,2021/12/27
Maldives,198,2021/12/29
Togo,197,2021/12/22
China,197,2021/12/28
Singapore,195,2021/12/20
Uzbekistan,194,2021/12/20
Indonesia,194,2021/12/29
Armenia,193,2021/12/17
Jamaica,192,2021/12/26
Bangladesh,191,2021/12/17
Mongolia,191,2021/12/22
San Marino,191,2021/12/22
North Macedonia,190,2021/12/19
Maldives,190,2021/12/28
Iceland,188,2021/12/17
Montenegro,187,2021/12/16
Qatar,187,2021/12/23
Uzbekistan,187,2021/12/23
Myanmar,187,2021/12/28
Uganda,186,2021/12/18
Morocco,186,2021/12/19
Qatar,185,2021/12/22
Iceland,183,2021/12/16
Dominican Republic,183,2021/12/18
Qatar,183,2021/12/21
Iraq,182,2021/12/18
Curacao,181,2021/12/22
Bahrain,181,2021/12/23
Uzbekistan,181,2021/12/25
Mali,181,2021/12/29
Armenia,180,2021/12/16
Japan,179,2021/12/18
Qatar,179,2021/12/18
Indonesia,179,2021/12/22
Tunisia,178,2021/12/19
Barbados,178,2021/12/23
Kuwait,178,2021/12/23
Montenegro,177,2021/12/19
Qatar,177,2021/12/20
Moldova,177,2021/12/26
Aruba,176,2021/12/25
Myanmar,176,2021/12/25
Comoros,176,2021/12/29
Trinidad and Tobago,175,2021/12/27
Tanzania,174,2021/12/15
Uzbekistan,174,2021/12/19
Uzbekistan,174,2021/12/22
Guinea,174,2021/12/29
Iraq,172,2021/12/26
Cape Verde,172,2021/12/28
South Sudan,171,2021/12/22
Comoros,171,2021/12/23
Myanmar,170,2021/12/18
Qatar,170,2021/12/19
Cote d'Ivoire,170,2021/12/21
Kuwait,170,2021/12/24
Qatar,169,2021/12/16
Rwanda,169,2021/12/19
Togo,169,2021/12/21
Mauritania,169,2021/12/29
Malta,168,2021/12/15
Maldives,168,2021/12/25
Maldives,168,2021/12/27
Malta,167,2021/12/16
Albania,167,2021/12/26
Mali,167,2021/12/28
Iraq,166,2021/12/27
Qatar,165,2021/12/15
Uzbekistan,165,2021/12/24
Curacao,165,2021/12/26
Qatar,164,2021/12/17
Indonesia,164,2021/12/19
Japan,163,2021/12/16
Montenegro,163,2021/12/18
Guatemala,163,2021/12/24
Japan,163,2021/12/27
Seychelles,163,2021/12/27
Maldives,162,2021/12/15
Faeroe Islands,162,2021/12/17
Dominican Republic,162,2021/12/20
Japan,161,2021/12/17
Uzbekistan,161,2021/12/18
Bahrain,161,2021/12/22
Nepal,160,2021/12/16
Japan,159,2021/12/15
Montenegro,159,2021/12/15
Andorra,159,2021/12/24
Aruba,159,2021/12/24
Bahamas,159,2021/12/24
Nepal,158,2021/12/18
Jamaica,158,2021/12/25
Nepal,157,2021/12/25
Mongolia,157,2021/12/27
Armenia,156,2021/12/18
Iraq,156,2021/12/25
Senegal,156,2021/12/29
Iceland,153,2021/12/15
Rwanda,153,2021/12/17
Philippines,153,2021/12/20
San Marino,153,2021/12/20
Myanmar,152,2021/12/19
Armenia,152,2021/12/22
Philippines,152,2021/12/27
Croatia,151,2021/12/26
San Marino,151,2021/12/29
Japan,150,2021/12/19
Kuwait,150,2021/12/25
United Arab Emirates,148,2021/12/15
Angola,148,2021/12/20
Cayman Islands,148,2021/12/21
Cape Verde,148,2021/12/25
Aruba,148,2021/12/26
Faeroe Islands,147,2021/12/23
Saudi Arabia,146,2021/12/20
Maldives,145,2021/12/23
Mali,145,2021/12/25
Uzbekistan,145,2021/12/27
Cuba,145,2021/12/28
Dominica,144,2021/12/20
Kuwait,143,2021/12/22
Barbados,143,2021/12/25
Comoros,143,2021/12/25
Uzbekistan,143,2021/12/26
Rwanda,142,2021/12/16
Cayman Islands,141,2021/12/23
Bahamas,140,2021/12/23
China,140,2021/12/24
Dominican Republic,139,2021/12/21
Uzbekistan,139,2021/12/29
Comoros,138,2021/12/28
Mali,137,2021/12/15
Armenia,137,2021/12/21
Sudan,136,2021/12/22
Indonesia,136,2021/12/23
New Zealand,136,2021/12/25
Armenia,135,2021/12/24
Angola,134,2021/12/15
Nepal,133,2021/12/19
Indonesia,133,2021/12/20
Montenegro,132,2021/12/20
Maldives,132,2021/12/26
Maldives,131,2021/12/18
Greenland,131,2021/12/28
Armenia,130,2021/12/19
British Virgin Islands,130,2021/12/23
San Marino,130,2021/12/27
Armenia,129,2021/12/23
Philippines,129,2021/12/24
Mali,128,2021/12/18
Togo,128,2021/12/19
Cuba,128,2021/12/27
Myanmar,127,2021/12/20
Mali,126,2021/12/17
North Macedonia,126,2021/12/20
Comoros,126,2021/12/27
Honduras,126,2021/12/28
Sudan,126,2021/12/28
Rwanda,125,2021/12/15
China,125,2021/12/17
Cuba,125,2021/12/25
Uzbekistan,124,2021/12/21
Aruba,124,2021/12/23
Comoros,124,2021/12/26
Gibraltar,124,2021/12/29
Mauritania,123,2021/12/28
Bangladesh,122,2021/12/18
Latvia,122,2021/12/25
Cuba,122,2021/12/26
Liechtenstein,121,2021/12/21
Maldives,121,2021/12/21
Aruba,121,2021/12/22
Maldives,121,2021/12/22
Monaco,121,2021/12/23
Oman,121,2021/12/26
Albania,120,2021/12/20
Maldives,120,2021/12/24
Philippines,119,2021/12/23
North Macedonia,119,2021/12/27
Armenia,118,2021/12/25
Eswatini,118,2021/12/27
El Salvador,117,2021/12/16
Bahamas,117,2021/12/20
Saudi Arabia,116,2021/12/18
Mali,114,2021/12/19
Bahrain,114,2021/12/21
Cape Verde,114,2021/12/24
Congo,113,2021/12/16
Angola,112,2021/12/17
Faeroe Islands,112,2021/12/27
Barbados,112,2021/12/28
Costa Rica,110,2021/12/17
Myanmar,110,2021/12/26
Mauritania,110,2021/12/27
Japan,109,2021/12/20
Fiji,109,2021/12/24
Armenia,109,2021/12/28
New Caledonia,109,2021/12/29
San Marino,108,2021/12/16
Angola,108,2021/12/18
Mali,108,2021/12/24
Guinea,108,2021/12/28
Suriname,108,2021/12/28
Isle of Man,106,2021/12/22
Mali,105,2021/12/21
Bahamas,105,2021/12/22
Suriname,105,2021/12/27
Liechtenstein,105,2021/12/28
Maldives,104,2021/12/17
Saudi Arabia,104,2021/12/19
Isle of Man,104,2021/12/21
Oman,104,2021/12/29
China,102,2021/12/19
Bermuda,102,2021/12/20
Morocco,102,2021/12/20
Armenia,102,2021/12/26
Philippines,101,2021/12/16
Bahrain,101,2021/12/18
Bahrain,101,2021/12/20
Cape Verde,101,2021/12/27
Maldives,100,2021/12/20
Faeroe Islands,100,2021/12/22
Uzbekistan,100,2021/12/28
China,99,2021/12/22
Jamaica,99,2021/12/22
Guatemala,98,2021/12/25
Maldives,97,2021/12/16
Bermuda,97,2021/12/23
Faeroe Islands,96,2021/12/19
Cape Verde,96,2021/12/23
San Marino,96,2021/12/23
Monaco,96,2021/12/29
New Zealand,95,2021/12/15
Somalia,95,2021/12/17
Seychelles,95,2021/12/29
Curacao,94,2021/12/21
Maldives,93,2021/12/19
El Salvador,93,2021/12/21
Uganda,92,2021/12/15
Paraguay,92,2021/12/17
San Marino,92,2021/12/17
Kuwait,92,2021/12/21
Philippines,91,2021/12/18
Guatemala,91,2021/12/27
Uganda,90,2021/12/16
Paraguay,90,2021/12/21
Barbados,90,2021/12/22
Dominica,90,2021/12/22
Bahrain,89,2021/12/19
Cote d'Ivoire,89,2021/12/20
Cuba,89,2021/12/23
San Marino,88,2021/12/15
Saudi Arabia,88,2021/12/15
Dominican Republic,88,2021/12/16
Armenia,88,2021/12/29
Seychelles,87,2021/12/16
Gabon,87,2021/12/20
Kyrgyzstan,87,2021/12/22
China,87,2021/12/23
Guyana,87,2021/12/29
Saudi Arabia,85,2021/12/16
Mauritius,85,2021/12/29
Togo,84,2021/12/17
Angola,83,2021/12/16
Isle of Man,83,2021/12/16
Mali,83,2021/12/16
China,83,2021/12/18
Mali,83,2021/12/22
Kyrgyzstan,83,2021/12/24
Suriname,82,2021/12/21
Isle of Man,81,2021/12/15
Kuwait,81,2021/12/17
China,81,2021/12/20
Lesotho,81,2021/12/20
Seychelles,81,2021/12/20
Mauritania,81,2021/12/24
South Sudan,80,2021/12/16
Saudi Arabia,80,2021/12/17
Kuwait,80,2021/12/20
Cuba,80,2021/12/22
El Salvador,80,2021/12/24
Monaco,80,2021/12/25
Monaco,80,2021/12/28
New Zealand,79,2021/12/16
Isle of Man,79,2021/12/17
Cuba,79,2021/12/20
Monaco,79,2021/12/21
San Marino,79,2021/12/24
Guinea,79,2021/12/26
Oman,79,2021/12/28
Barbados,78,2021/12/15
Paraguay,78,2021/12/15
China,78,2021/12/21
Gibraltar,78,2021/12/27
Cuba,77,2021/12/18
Gibraltar,77,2021/12/28
China,76,2021/12/16
Cuba,76,2021/12/24
Faeroe Islands,76,2021/12/24
Jamaica,76,2021/12/24
China,75,2021/12/15
Kuwait,75,2021/12/19
Guinea,74,2021/12/22
Cuba,73,2021/12/17
Cuba,72,2021/12/16
Syria,72,2021/12/16
Armenia,72,2021/12/20
Liberia,72,2021/12/20
Tunisia,72,2021/12/20
Aruba,72,2021/12/21
Liechtenstein,72,2021/12/29
Sierra Leone,72,2021/12/29
Ghana,71,2021/12/16
Jamaica,71,2021/12/20
New Zealand,71,2021/12/23
New Zealand,71,2021/12/29
Honduras,70,2021/12/15
Syria,70,2021/12/15
Angola,70,2021/12/19
New Zealand,70,2021/12/19
Gibraltar,70,2021/12/24
Guatemala,69,2021/12/19
Mauritania,69,2021/12/23
Oman,69,2021/12/27
Lesotho,69,2021/12/29
Costa Rica,68,2021/12/15
Mali,68,2021/12/26
Greenland,67,2021/12/23
Kyrgyzstan,67,2021/12/26
Guyana,66,2021/12/15
Syria,66,2021/12/17
Guyana,66,2021/12/18
Sudan,66,2021/12/27
South Sudan,65,2021/12/15
Belize,65,2021/12/22
Philippines,65,2021/12/22
Mauritius,65,2021/12/26
Guatemala,64,2021/12/20
Togo,64,2021/12/20
Monaco,64,2021/12/24
Mauritania,64,2021/12/25
Isle of Man,63,2021/12/18
Sudan,63,2021/12/23
Cuba,62,2021/12/15
Gabon,62,2021/12/17
Syria,62,2021/12/18
Cuba,62,2021/12/19
Guinea,62,2021/12/25
Eswatini,62,2021/12/26
Cayman Islands,61,2021/12/17
Cuba,61,2021/12/21
Afghanistan,60,2021/12/16
Isle of Man,60,2021/12/19
Oman,60,2021/12/19
Gibraltar,60,2021/12/23
Mauritius,59,2021/12/15
Jamaica,59,2021/12/16
Kazakhstan,59,2021/12/17
New Zealand,59,2021/12/18
Mali,59,2021/12/20
Gibraltar,59,2021/12/21
New Zealand,59,2021/12/22
Belize,59,2021/12/24
Cape Verde,59,2021/12/26
Senegal,59,2021/12/26
Armenia,59,2021/12/27
Mauritius,58,2021/12/19
Syria,58,2021/12/19
New Zealand,58,2021/12/21
Gibraltar,58,2021/12/25
Kuwait,57,2021/12/15
Isle of Man,57,2021/12/20
New Caledonia,57,2021/12/20
Faeroe Islands,57,2021/12/21
Mauritania,57,2021/12/22
Belize,57,2021/12/23
Mauritius,57,2021/12/24
Greenland,57,2021/12/27
Senegal,57,2021/12/27
Mauritania,56,2021/12/19
Mauritania,56,2021/12/21
Afghanistan,56,2021/12/26
Gabon,55,2021/12/15
Bahrain,55,2021/12/16
Costa Rica,55,2021/12/16
Cote d'Ivoire,55,2021/12/16
Barbados,55,2021/12/17
Syria,55,2021/12/20
Syria,55,2021/12/21
Fiji,55,2021/12/22
British Virgin Islands,55,2021/12/27
Gibraltar,54,2021/12/16
Liechtenstein,54,2021/12/17
Mauritius,54,2021/12/17
New Zealand,54,2021/12/28
Bahrain,53,2021/12/15
El Salvador,53,2021/12/17
Guyana,53,2021/12/19
Jamaica,53,2021/12/23
Saint Lucia,53,2021/12/29
Bahrain,52,2021/12/17
Gibraltar,52,2021/12/22
Seychelles,52,2021/12/23
Kuwait,51,2021/12/18
Kyrgyzstan,51,2021/12/21
Nicaragua,51,2021/12/21
Papua New Guinea,51,2021/12/24
Senegal,51,2021/12/25
Mauritania,51,2021/12/26
Barbados,51,2021/12/27
Syria,50,2021/12/22
Guinea,50,2021/12/23
Syria,50,2021/12/23
Bermuda,50,2021/12/28
Liberia,50,2021/12/29
New Zealand,49,2021/12/17
Barbados,49,2021/12/20
Sierra Leone,49,2021/12/24
Gambia,49,2021/12/27
Gibraltar,48,2021/12/18
Belize,48,2021/12/20
Sierra Leone,48,2021/12/22
Cayman Islands,47,2021/12/15
Philippines,47,2021/12/15
Gibraltar,47,2021/12/17
El Salvador,47,2021/12/18
Monaco,47,2021/12/18
Sierra Leone,47,2021/12/25
Senegal,47,2021/12/28
Mauritania,46,2021/12/15
Mauritius,46,2021/12/16
Jamaica,46,2021/12/18
El Salvador,46,2021/12/19
Moldova,46,2021/12/19
Oman,46,2021/12/23
Senegal,46,2021/12/24
Syria,46,2021/12/24
China,46,2021/12/25
Kyrgyzstan,46,2021/12/28
Jamaica,45,2021/12/17
Cote d'Ivoire,45,2021/12/18
Suriname,45,2021/12/18
Seychelles,45,2021/12/22
Nicaragua,45,2021/12/28
Barbados,44,2021/12/16
British Virgin Islands,44,2021/12/16
Guyana,44,2021/12/16
Kuwait,44,2021/12/16
Gibraltar,44,2021/12/19
Liechtenstein,44,2021/12/23
Guyana,44,2021/12/24
Guyana,44,2021/12/25
Syria,44,2021/12/25
Barbados,44,2021/12/26
New Zealand,44,2021/12/26
Bahamas,43,2021/12/15
Aruba,43,2021/12/16
Barbados,43,2021/12/18
Comoros,43,2021/12/18
Mauritania,43,2021/12/20
Monaco,43,2021/12/27
Afghanistan,42,2021/12/19
Liechtenstein,42,2021/12/20
Oman,42,2021/12/22
Greenland,41,2021/12/15
Liechtenstein,41,2021/12/16
Aruba,41,2021/12/20
Mauritius,41,2021/12/22
Cameroon,41,2021/12/23
Mali,41,2021/12/27
Turks and Caicos Islands,41,2021/12/27
Grenada,41,2021/12/29
Saint Kitts and Nevis,41,2021/12/29
Gibraltar,40,2021/12/15
Liechtenstein,40,2021/12/15
Seychelles,40,2021/12/15
Mauritania,40,2021/12/16
Kyrgyzstan,40,2021/12/18
Guyana,40,2021/12/22
Sierra Leone,40,2021/12/28
Syria,40,2021/12/28
Kyrgyzstan,40,2021/12/29
Curacao,39,2021/12/15
Kyrgyzstan,39,2021/12/16
Guatemala,39,2021/12/26
Dominica,39,2021/12/27
Seychelles,39,2021/12/28
Afghanistan,39,2021/12/29
Papua New Guinea,38,2021/12/17
Suriname,38,2021/12/17
Mauritius,38,2021/12/18
Jamaica,38,2021/12/21
El Salvador,38,2021/12/23
Guinea,38,2021/12/24
Liechtenstein,38,2021/12/26
Sierra Leone,38,2021/12/26
Syria,38,2021/12/26
Mauritius,38,2021/12/27
Syria,38,2021/12/27
Saint Lucia,38,2021/12/28
Mauritania,37,2021/12/18
Anguilla,37,2021/12/20
Curacao,37,2021/12/20
Afghanistan,37,2021/12/23
Isle of Man,37,2021/12/23
Sierra Leone,37,2021/12/23
Syria,37,2021/12/29
Cote d'Ivoire,36,2021/12/15
Curacao,36,2021/12/16
New Zealand,36,2021/12/20
Cape Verde,36,2021/12/22
Isle of Man,36,2021/12/28
Belize,35,2021/12/15
Aruba,35,2021/12/17
Saint Vincent and the Grenadines,35,2021/12/17
Guyana,35,2021/12/21
Sierra Leone,35,2021/12/27
Suriname,34,2021/12/15
Cote d'Ivoire,34,2021/12/17
Sierra Leone,34,2021/12/19
Papua New Guinea,34,2021/12/22
Senegal,33,2021/12/23
New Zealand,33,2021/12/27
Kosovo,33,2021/12/29
New Caledonia,32,2021/12/16
Greenland,32,2021/12/17
Kyrgyzstan,32,2021/12/19
Saint Lucia,32,2021/12/22
Guyana,32,2021/12/23
Guyana,32,2021/12/28
Bonaire Sint Eustatius and Saba,32,2021/12/29
Bermuda,31,2021/12/16
Oman,31,2021/12/20
New Caledonia,31,2021/12/23
Afghanistan,31,2021/12/28
Sao Tome and Principe,31,2021/12/28
Belize,30,2021/12/16
Turks and Caicos Islands,30,2021/12/23
Faeroe Islands,30,2021/12/25
Dominica,29,2021/12/15
Cayman Islands,29,2021/12/16
Belize,29,2021/12/17
Kyrgyzstan,29,2021/12/17
Aruba,29,2021/12/19
Brunei,29,2021/12/27
Eritrea,29,2021/12/28
Saint Kitts and Nevis,29,2021/12/28
Sao Tome and Principe,29,2021/12/29
Kyrgyzstan,28,2021/12/15
Haiti,28,2021/12/16
Comoros,28,2021/12/20
Fiji,28,2021/12/20
Belize,28,2021/12/21
Eritrea,28,2021/12/21
Benin,28,2021/12/22
Liechtenstein,28,2021/12/22
Mauritius,28,2021/12/25
Anguilla,28,2021/12/28
Aruba,27,2021/12/15
Eritrea,27,2021/12/16
Curacao,27,2021/12/17
Aruba,27,2021/12/18
Curacao,27,2021/12/18
Gambia,27,2021/12/21
Senegal,27,2021/12/22
Saint Lucia,27,2021/12/25
Saint Lucia,27,2021/12/26
Togo,26,2021/12/15
Mauritania,26,2021/12/17
Saint Vincent and the Grenadines,26,2021/12/21
Saint Vincent and the Grenadines,26,2021/12/22
Jamaica,25,2021/12/15
Afghanistan,25,2021/12/22
French Polynesia,25,2021/12/22
Hong Kong,25,2021/12/25
Togo,24,2021/12/16
Bahamas,24,2021/12/17
New Caledonia,24,2021/12/17
Seychelles,24,2021/12/21
Suriname,24,2021/12/23
Eritrea,24,2021/12/24
Isle of Man,24,2021/12/24
Haiti,24,2021/12/27
Guyana,23,2021/12/17
Curacao,23,2021/12/19
Kyrgyzstan,23,2021/12/20
Bahamas,23,2021/12/21
Cape Verde,23,2021/12/21
Niger,23,2021/12/22
Saint Lucia,23,2021/12/24
Antigua and Barbuda,23,2021/12/27
Oman,22,2021/12/16
Eritrea,22,2021/12/18
Philippines,22,2021/12/19
Senegal,22,2021/12/20
Oman,22,2021/12/21
Bahamas,21,2021/12/16
Gibraltar,21,2021/12/20
Guyana,21,2021/12/20
Niger,21,2021/12/24
Suriname,21,2021/12/24
Guyana,21,2021/12/26
Djibouti,21,2021/12/27
Oman,20,2021/12/15
Greenland,20,2021/12/16
Monaco,20,2021/12/19
Senegal,20,2021/12/19
Kosovo,20,2021/12/22
Suriname,20,2021/12/22
Taiwan,20,2021/12/24
Antigua and Barbuda,20,2021/12/25
Eritrea,20,2021/12/25
Liechtenstein,20,2021/12/27
Papua New Guinea,20,2021/12/27
Fiji,19,2021/12/17
Sierra Leone,19,2021/12/18
Afghanistan,19,2021/12/21
Papua New Guinea,19,2021/12/23
Taiwan,19,2021/12/28
Cape Verde,18,2021/12/15
Eritrea,18,2021/12/17
Sierra Leone,18,2021/12/17
Bonaire Sint Eustatius and Saba,18,2021/12/22
Haiti,18,2021/12/22
Saint Vincent and the Grenadines,18,2021/12/24
Bonaire Sint Eustatius and Saba,18,2021/12/25
Taiwan,18,2021/12/25
Niger,18,2021/12/27
Niger,18,2021/12/28
Comoros,17,2021/12/17
Saint Lucia,17,2021/12/20
New Caledonia,17,2021/12/21
Anguilla,17,2021/12/24
Saint Lucia,17,2021/12/27
South Sudan,17,2021/12/28
Eritrea,17,2021/12/29
Cape Verde,16,2021/12/17
Cape Verde,16,2021/12/18
Brunei,16,2021/12/19
Cape Verde,16,2021/12/19
Eritrea,16,2021/12/20
Saint Lucia,16,2021/12/23
Kosovo,16,2021/12/25
Turks and Caicos Islands,16,2021/12/25
Monaco,16,2021/12/26
Afghanistan,16,2021/12/27
Eritrea,16,2021/12/27
New Caledonia,16,2021/12/27
Taiwan,16,2021/12/27
Bonaire Sint Eustatius and Saba,16,2021/12/28
Djibouti,16,2021/12/29
Taiwan,15,2021/12/17
Niger,15,2021/12/20
Sierra Leone,15,2021/12/21
New Caledonia,15,2021/12/22
Grenada,15,2021/12/23
Suriname,15,2021/12/25
Cambodia,15,2021/12/27
Saint Vincent and the Grenadines,15,2021/12/28
Haiti,14,2021/12/15
Cape Verde,14,2021/12/16
Senegal,14,2021/12/17
Bonaire Sint Eustatius and Saba,14,2021/12/18
Niger,14,2021/12/18
Liechtenstein,14,2021/12/19
Mauritius,14,2021/12/20
Taiwan,14,2021/12/22
Saint Kitts and Nevis,14,2021/12/25
Hong Kong,14,2021/12/29
Taiwan,14,2021/12/29
Bonaire Sint Eustatius and Saba,13,2021/12/16
Comoros,13,2021/12/16
Haiti,13,2021/12/18
Taiwan,13,2021/12/18
Saint Lucia,13,2021/12/19
Liberia,13,2021/12/21
Senegal,13,2021/12/21
Taiwan,13,2021/12/23
Kosovo,13,2021/12/24
Djibouti,13,2021/12/25
Isle of Man,13,2021/12/25
Eritrea,13,2021/12/26
Guinea,13,2021/12/27
Isle of Man,13,2021/12/27
Kosovo,13,2021/12/28
Djibouti,12,2021/12/15
Saint Lucia,12,2021/12/16
Taiwan,12,2021/12/16
Antigua and Barbuda,12,2021/12/18
Kosovo,12,2021/12/18
Senegal,12,2021/12/18
Grenada,12,2021/12/22
Eritrea,12,2021/12/23
Kosovo,12,2021/12/26
Guyana,12,2021/12/27
Eritrea,11,2021/12/15
Fiji,11,2021/12/15
Kosovo,11,2021/12/15
Senegal,11,2021/12/15
Sierra Leone,11,2021/12/15
Kosovo,11,2021/12/17
Afghanistan,11,2021/12/18
Bonaire Sint Eustatius and Saba,11,2021/12/19
Taiwan,11,2021/12/20
Saint Lucia,11,2021/12/21
Antigua and Barbuda,11,2021/12/23
Turks and Caicos Islands,11,2021/12/24
Sao Tome and Principe,11,2021/12/25
Bonaire Sint Eustatius and Saba,11,2021/12/27
Benin,10,2021/12/15
Saint Lucia,10,2021/12/15
Turks and Caicos Islands,10,2021/12/15
Hong Kong,10,2021/12/16
Senegal,10,2021/12/16
Eritrea,10,2021/12/19
Suriname,10,2021/12/19
Afghanistan,10,2021/12/20
Brunei,10,2021/12/20
Taiwan,10,2021/12/21
Eritrea,10,2021/12/22
Djibouti,10,2021/12/28
Brunei,9,2021/12/15
Niger,9,2021/12/16
Afghanistan,9,2021/12/17
Brunei,9,2021/12/17
Saint Lucia,9,2021/12/17
Bonaire Sint Eustatius and Saba,9,2021/12/20
Turks and Caicos Islands,9,2021/12/20
Kosovo,9,2021/12/21
Bonaire Sint Eustatius and Saba,9,2021/12/23
Djibouti,9,2021/12/23
Gambia,9,2021/12/23
Afghanistan,9,2021/12/24
Bonaire Sint Eustatius and Saba,9,2021/12/24
Hong Kong,9,2021/12/26
Hong Kong,9,2021/12/27
Haiti,9,2021/12/29
Cambodia,8,2021/12/15
Kosovo,8,2021/12/16
Antigua and Barbuda,8,2021/12/17
Cambodia,8,2021/12/17
Hong Kong,8,2021/12/19
Djibouti,8,2021/12/21
French Polynesia,8,2021/12/21
Hong Kong,8,2021/12/21
Brunei,8,2021/12/22
Afghanistan,8,2021/12/25
Grenada,8,2021/12/25
Guinea-Bissau,8,2021/12/28
Taiwan,7,2021/12/15
Cambodia,7,2021/12/16
French Polynesia,7,2021/12/16
Hong Kong,7,2021/12/17
Turks and Caicos Islands,7,2021/12/17
Djibouti,7,2021/12/19
Cambodia,7,2021/12/20
Cape Verde,7,2021/12/20
Hong Kong,7,2021/12/20
Saint Kitts and Nevis,7,2021/12/20
Hong Kong,7,2021/12/22
Saint Kitts and Nevis,7,2021/12/24
Equatorial Guinea,7,2021/12/25
Saint Kitts and Nevis,7,2021/12/26
Equatorial Guinea,7,2021/12/28
Grenada,7,2021/12/28
Turks and Caicos Islands,7,2021/12/28
Papua New Guinea,7,2021/12/29
Saint Vincent and the Grenadines,7,2021/12/29
Bonaire Sint Eustatius and Saba,6,2021/12/15
Niger,6,2021/12/15
Yemen,6,2021/12/15
Gambia,6,2021/12/17
Yemen,6,2021/12/17
Cambodia,6,2021/12/19
Taiwan,6,2021/12/19
Brunei,6,2021/12/21
Saint Kitts and Nevis,6,2021/12/22
Turks and Caicos Islands,6,2021/12/22
Cambodia,6,2021/12/24
French Polynesia,6,2021/12/27
Hong Kong,6,2021/12/28
Afghanistan,5,2021/12/15
Equatorial Guinea,5,2021/12/15
Yemen,5,2021/12/16
Cambodia,5,2021/12/18
Hong Kong,5,2021/12/18
Turks and Caicos Islands,5,2021/12/18
Yemen,5,2021/12/18
Sierra Leone,5,2021/12/20
Bonaire Sint Eustatius and Saba,5,2021/12/21
Equatorial Guinea,5,2021/12/23
Niger,5,2021/12/23
Haiti,5,2021/12/24
Hong Kong,5,2021/12/24
Cambodia,5,2021/12/25
Niger,5,2021/12/25
Bonaire Sint Eustatius and Saba,5,2021/12/26
Grenada,5,2021/12/27
Saint Kitts and Nevis,5,2021/12/27
Cambodia,5,2021/12/28
Yemen,5,2021/12/28
Comoros,4,2021/12/15
Papua New Guinea,4,2021/12/15
Brunei,4,2021/12/16
Bhutan,4,2021/12/17
Bonaire Sint Eustatius and Saba,4,2021/12/17
Grenada,4,2021/12/17
Kosovo,4,2021/12/19
Yemen,4,2021/12/19
Cambodia,4,2021/12/21
Antigua and Barbuda,4,2021/12/22
Cambodia,4,2021/12/23
Haiti,4,2021/12/23
Kosovo,4,2021/12/23
Sao Tome and Principe,4,2021/12/23
Guinea-Bissau,4,2021/12/24
Yemen,4,2021/12/24
Cambodia,4,2021/12/26
Djibouti,4,2021/12/26
Faeroe Islands,4,2021/12/26
Guinea-Bissau,4,2021/12/26
Yemen,4,2021/12/26
Kosovo,4,2021/12/27
Brunei,4,2021/12/29
Cambodia,4,2021/12/29
Bhutan,3,2021/12/15
Guinea-Bissau,3,2021/12/16
Saint Kitts and Nevis,3,2021/12/17
Djibouti,3,2021/12/20
Haiti,3,2021/12/20
Kosovo,3,2021/12/20
Antigua and Barbuda,3,2021/12/21
Cambodia,3,2021/12/22
Brunei,3,2021/12/23
Sao Tome and Principe,3,2021/12/24
Niger,3,2021/12/26
Sao Tome and Principe,3,2021/12/26
Yemen,3,2021/12/27
Brunei,3,2021/12/28
Guinea-Bissau,2,2021/12/15
Sao Tome and Principe,2,2021/12/16
Timor,2,2021/12/17
Guinea-Bissau,2,2021/12/21
Papua New Guinea,2,2021/12/21
Hong Kong,2,2021/12/23
Yemen,2,2021/12/23
Saint Pierre and Miquelon,2,2021/12/24
Yemen,2,2021/12/25
Solomon Islands,2,2021/12/27
Haiti,2,2021/12/28
Guinea-Bissau,2,2021/12/29
Solomon Islands,2,2021/12/29
Yemen,2,2021/12/29
French Polynesia,1,2021/12/15
Hong Kong,1,2021/12/15
Saint Kitts and Nevis,1,2021/12/15
Antigua and Barbuda,1,2021/12/16
Saint Kitts and Nevis,1,2021/12/16
Djibouti,1,2021/12/17
Equatorial Guinea,1,2021/12/17
Brunei,1,2021/12/18
Djibouti,1,2021/12/18
Guinea-Bissau,1,2021/12/18
Timor,1,2021/12/18
Bhutan,1,2021/12/19
Grenada,1,2021/12/20
Montserrat,1,2021/12/20
Yemen,1,2021/12/20
Bhutan,1,2021/12/21
Grenada,1,2021/12/21
Saint Kitts and Nevis,1,2021/12/21
Sao Tome and Principe,1,2021/12/21
Yemen,1,2021/12/21
Bhutan,1,2021/12/22
Sao Tome and Principe,1,2021/12/22
French Polynesia,1,2021/12/23
Bhutan,1,2021/12/26
Macao,1,2021/12/27
Sao Tome and Principe,1,2021/12/27
San Marino,1,2021/12/28
Andorra,0,2021/12/15
Anguilla,0,2021/12/15
Antigua and Barbuda,0,2021/12/15
Bermuda,0,2021/12/15
Botswana,0,2021/12/15
British Virgin Islands,0,2021/12/15
Burkina Faso,0,2021/12/15
Cameroon,0,2021/12/15
Central African Republic,0,2021/12/15
Chad,0,2021/12/15
Congo,0,2021/12/15
Cook Islands,0,2021/12/15
El Salvador,0,2021/12/15
Faeroe Islands,0,2021/12/15
Falkland Islands,0,2021/12/15
Gambia,0,2021/12/15
Grenada,0,2021/12/15
Guinea,0,2021/12/15
International,0,2021/12/15
Kiribati,0,2021/12/15
Liberia,0,2021/12/15
Macao,0,2021/12/15
Madagascar,0,2021/12/15
Marshall Islands,0,2021/12/15
Micronesia (country),0,2021/12/15
Monaco,0,2021/12/15
Montserrat,0,2021/12/15
New Caledonia,0,2021/12/15
Nicaragua,0,2021/12/15
Palau,0,2021/12/15
Panama,0,2021/12/15
Saint Helena,0,2021/12/15
Saint Pierre and Miquelon,0,2021/12/15
Saint Vincent and the Grenadines,0,2021/12/15
Samoa,0,2021/12/15
Sao Tome and Principe,0,2021/12/15
Solomon Islands,0,2021/12/15
Somalia,0,2021/12/15
Sudan,0,2021/12/15
Tajikistan,0,2021/12/15
Timor,0,2021/12/15
Tonga,0,2021/12/15
Vanuatu,0,2021/12/15
Vatican,0,2021/12/15
Wallis and Futuna,0,2021/12/15
Anguilla,0,2021/12/16
Belgium,0,2021/12/16
Benin,0,2021/12/16
Bhutan,0,2021/12/16
Burkina Faso,0,2021/12/16
Cameroon,0,2021/12/16
Central African Republic,0,2021/12/16
Chad,0,2021/12/16
Cook Islands,0,2021/12/16
Djibouti,0,2021/12/16
Dominica,0,2021/12/16
Equatorial Guinea,0,2021/12/16
Faeroe Islands,0,2021/12/16
Falkland Islands,0,2021/12/16
Fiji,0,2021/12/16
Gabon,0,2021/12/16
Gambia,0,2021/12/16
Grenada,0,2021/12/16
Guinea,0,2021/12/16
Honduras,0,2021/12/16
International,0,2021/12/16
Kiribati,0,2021/12/16
Liberia,0,2021/12/16
Macao,0,2021/12/16
Madagascar,0,2021/12/16
Marshall Islands,0,2021/12/16
Micronesia (country),0,2021/12/16
Monaco,0,2021/12/16
Montserrat,0,2021/12/16
Nicaragua,0,2021/12/16
Palau,0,2021/12/16
Palestine,0,2021/12/16
Papua New Guinea,0,2021/12/16
Paraguay,0,2021/12/16
Saint Helena,0,2021/12/16
Saint Pierre and Miquelon,0,2021/12/16
Saint Vincent and the Grenadines,0,2021/12/16
Samoa,0,2021/12/16
Sierra Leone,0,2021/12/16
Solomon Islands,0,2021/12/16
Somalia,0,2021/12/16
Sudan,0,2021/12/16
Suriname,0,2021/12/16
Tajikistan,0,2021/12/16
Tanzania,0,2021/12/16
Timor,0,2021/12/16
Tonga,0,2021/12/16
Turks and Caicos Islands,0,2021/12/16
Vanuatu,0,2021/12/16
Vatican,0,2021/12/16
Wallis and Futuna,0,2021/12/16
Andorra,0,2021/12/17
Anguilla,0,2021/12/17
Benin,0,2021/12/17
Bermuda,0,2021/12/17
Botswana,0,2021/12/17
British Virgin Islands,0,2021/12/17
Burkina Faso,0,2021/12/17
Burundi,0,2021/12/17
Cameroon,0,2021/12/17
Central African Republic,0,2021/12/17
Chad,0,2021/12/17
Congo,0,2021/12/17
Cook Islands,0,2021/12/17
Dominica,0,2021/12/17
Falkland Islands,0,2021/12/17
French Polynesia,0,2021/12/17
Ghana,0,2021/12/17
Guinea,0,2021/12/17
Guinea-Bissau,0,2021/12/17
Haiti,0,2021/12/17
Honduras,0,2021/12/17
India,0,2021/12/17
International,0,2021/12/17
Kiribati,0,2021/12/17
Liberia,0,2021/12/17
Macao,0,2021/12/17
Madagascar,0,2021/12/17
Marshall Islands,0,2021/12/17
Mexico,0,2021/12/17
Micronesia (country),0,2021/12/17
Montserrat,0,2021/12/17
Nicaragua,0,2021/12/17
Niger,0,2021/12/17
Oman,0,2021/12/17
Pakistan,0,2021/12/17
Palau,0,2021/12/17
Palestine,0,2021/12/17
Saint Helena,0,2021/12/17
Saint Pierre and Miquelon,0,2021/12/17
Samoa,0,2021/12/17
Sao Tome and Principe,0,2021/12/17
Seychelles,0,2021/12/17
Solomon Islands,0,2021/12/17
Sudan,0,2021/12/17
Tajikistan,0,2021/12/17
Tanzania,0,2021/12/17
Thailand,0,2021/12/17
Tonga,0,2021/12/17
Tunisia,0,2021/12/17
Vanuatu,0,2021/12/17
Vatican,0,2021/12/17
Wallis and Futuna,0,2021/12/17
Andorra,0,2021/12/18
Anguilla,0,2021/12/18
Bahamas,0,2021/12/18
Belize,0,2021/12/18
Benin,0,2021/12/18
Bermuda,0,2021/12/18
Bhutan,0,2021/12/18
Bosnia and Herzegovina,0,2021/12/18
Botswana,0,2021/12/18
British Virgin Islands,0,2021/12/18
Burkina Faso,0,2021/12/18
Burundi,0,2021/12/18
Cameroon,0,2021/12/18
Cayman Islands,0,2021/12/18
Central African Republic,0,2021/12/18
Chad,0,2021/12/18
Congo,0,2021/12/18
Cook Islands,0,2021/12/18
Costa Rica,0,2021/12/18
Democratic Republic of Congo,0,2021/12/18
Dominica,0,2021/12/18
Ecuador,0,2021/12/18
Equatorial Guinea,0,2021/12/18
Faeroe Islands,0,2021/12/18
Falkland Islands,0,2021/12/18
Fiji,0,2021/12/18
Finland,0,2021/12/18
French Polynesia,0,2021/12/18
Gabon,0,2021/12/18
Gambia,0,2021/12/18
Ghana,0,2021/12/18
Greenland,0,2021/12/18
Grenada,0,2021/12/18
Guinea,0,2021/12/18
Honduras,0,2021/12/18
Hungary,0,2021/12/18
Iceland,0,2021/12/18
International,0,2021/12/18
Kiribati,0,2021/12/18
Liberia,0,2021/12/18
Libya,0,2021/12/18
Liechtenstein,0,2021/12/18
Luxembourg,0,2021/12/18
Macao,0,2021/12/18
Marshall Islands,0,2021/12/18
Micronesia (country),0,2021/12/18
Montserrat,0,2021/12/18
Mozambique,0,2021/12/18
New Caledonia,0,2021/12/18
Nicaragua,0,2021/12/18
Nigeria,0,2021/12/18
Oman,0,2021/12/18
Palau,0,2021/12/18
Palestine,0,2021/12/18
Panama,0,2021/12/18
Papua New Guinea,0,2021/12/18
Paraguay,0,2021/12/18
Saint Helena,0,2021/12/18
Saint Kitts and Nevis,0,2021/12/18
Saint Lucia,0,2021/12/18
Saint Pierre and Miquelon,0,2021/12/18
Saint Vincent and the Grenadines,0,2021/12/18
Samoa,0,2021/12/18
San Marino,0,2021/12/18
Sao Tome and Principe,0,2021/12/18
Seychelles,0,2021/12/18
Solomon Islands,0,2021/12/18
Somalia,0,2021/12/18
South Sudan,0,2021/12/18
Spain,0,2021/12/18
Sudan,0,2021/12/18
Sweden,0,2021/12/18
Switzerland,0,2021/12/18
Tajikistan,0,2021/12/18
Tanzania,0,2021/12/18
Togo,0,2021/12/18
Tonga,0,2021/12/18
United Arab Emirates,0,2021/12/18
Vanuatu,0,2021/12/18
Vatican,0,2021/12/18
Wallis and Futuna,0,2021/12/18
Zimbabwe,0,2021/12/18
Andorra,0,2021/12/19
Anguilla,0,2021/12/19
Antigua and Barbuda,0,2021/12/19
Bahamas,0,2021/12/19
Barbados,0,2021/12/19
Belgium,0,2021/12/19
Belize,0,2021/12/19
Benin,0,2021/12/19
Bermuda,0,2021/12/19
Bosnia and Herzegovina,0,2021/12/19
Botswana,0,2021/12/19
British Virgin Islands,0,2021/12/19
Burkina Faso,0,2021/12/19
Burundi,0,2021/12/19
Cameroon,0,2021/12/19
Cayman Islands,0,2021/12/19
Central African Republic,0,2021/12/19
Chad,0,2021/12/19
Comoros,0,2021/12/19
Congo,0,2021/12/19
Cook Islands,0,2021/12/19
Costa Rica,0,2021/12/19
Cote d'Ivoire,0,2021/12/19
Democratic Republic of Congo,0,2021/12/19
Dominica,0,2021/12/19
Ecuador,0,2021/12/19
Equatorial Guinea,0,2021/12/19
Falkland Islands,0,2021/12/19
Fiji,0,2021/12/19
Finland,0,2021/12/19
French Polynesia,0,2021/12/19
Gabon,0,2021/12/19
Gambia,0,2021/12/19
Ghana,0,2021/12/19
Greenland,0,2021/12/19
Grenada,0,2021/12/19
Guinea,0,2021/12/19
Guinea-Bissau,0,2021/12/19
Haiti,0,2021/12/19
Honduras,0,2021/12/19
Hungary,0,2021/12/19
Iceland,0,2021/12/19
International,0,2021/12/19
Jamaica,0,2021/12/19
Kiribati,0,2021/12/19
Liberia,0,2021/12/19
Luxembourg,0,2021/12/19
Macao,0,2021/12/19
Madagascar,0,2021/12/19
Marshall Islands,0,2021/12/19
Micronesia (country),0,2021/12/19
Montserrat,0,2021/12/19
New Caledonia,0,2021/12/19
Nicaragua,0,2021/12/19
Niger,0,2021/12/19
Palau,0,2021/12/19
Palestine,0,2021/12/19
Papua New Guinea,0,2021/12/19
Paraguay,0,2021/12/19
Saint Helena,0,2021/12/19
Saint Kitts and Nevis,0,2021/12/19
Saint Pierre and Miquelon,0,2021/12/19
Saint Vincent and the Grenadines,0,2021/12/19
Samoa,0,2021/12/19
San Marino,0,2021/12/19
Sao Tome and Principe,0,2021/12/19
Seychelles,0,2021/12/19
Solomon Islands,0,2021/12/19
Somalia,0,2021/12/19
South Sudan,0,2021/12/19
Spain,0,2021/12/19
Sudan,0,2021/12/19
Sweden,0,2021/12/19
Switzerland,0,2021/12/19
Tajikistan,0,2021/12/19
Tanzania,0,2021/12/19
Timor,0,2021/12/19
Tonga,0,2021/12/19
Turks and Caicos Islands,0,2021/12/19
Vanuatu,0,2021/12/19
Vatican,0,2021/12/19
Wallis and Futuna,0,2021/12/19
Antigua and Barbuda,0,2021/12/20
Benin,0,2021/12/20
Bhutan,0,2021/12/20
Bolivia,0,2021/12/20
British Virgin Islands,0,2021/12/20
Burkina Faso,0,2021/12/20
Cayman Islands,0,2021/12/20
Central African Republic,0,2021/12/20
Chad,0,2021/12/20
Congo,0,2021/12/20
Cook Islands,0,2021/12/20
Costa Rica,0,2021/12/20
El Salvador,0,2021/12/20
Equatorial Guinea,0,2021/12/20
Faeroe Islands,0,2021/12/20
Falkland Islands,0,2021/12/20
French Polynesia,0,2021/12/20
Gambia,0,2021/12/20
Greenland,0,2021/12/20
Guinea,0,2021/12/20
Guinea-Bissau,0,2021/12/20
Honduras,0,2021/12/20
International,0,2021/12/20
Kiribati,0,2021/12/20
Macao,0,2021/12/20
Madagascar,0,2021/12/20
Marshall Islands,0,2021/12/20
Micronesia (country),0,2021/12/20
Monaco,0,2021/12/20
Mongolia,0,2021/12/20
Nicaragua,0,2021/12/20
Palau,0,2021/12/20
Papua New Guinea,0,2021/12/20
Peru,0,2021/12/20
Saint Helena,0,2021/12/20
Saint Pierre and Miquelon,0,2021/12/20
Saint Vincent and the Grenadines,0,2021/12/20
Samoa,0,2021/12/20
Sao Tome and Principe,0,2021/12/20
Serbia,0,2021/12/20
Solomon Islands,0,2021/12/20
Somalia,0,2021/12/20
Suriname,0,2021/12/20
Sweden,0,2021/12/20
Tajikistan,0,2021/12/20
Tanzania,0,2021/12/20
Timor,0,2021/12/20
Tonga,0,2021/12/20
Vanuatu,0,2021/12/20
Vatican,0,2021/12/20
Venezuela,0,2021/12/20
Wallis and Futuna,0,2021/12/20
Andorra,0,2021/12/21
Anguilla,0,2021/12/21
Barbados,0,2021/12/21
Benin,0,2021/12/21
Bermuda,0,2021/12/21
Botswana,0,2021/12/21
British Virgin Islands,0,2021/12/21
Cameroon,0,2021/12/21
Central African Republic,0,2021/12/21
Chad,0,2021/12/21
Comoros,0,2021/12/21
Cook Islands,0,2021/12/21
Czechia,0,2021/12/21
Democratic Republic of Congo,0,2021/12/21
Dominica,0,2021/12/21
Equatorial Guinea,0,2021/12/21
Falkland Islands,0,2021/12/21
Fiji,0,2021/12/21
Gabon,0,2021/12/21
Greenland,0,2021/12/21
Guinea,0,2021/12/21
Haiti,0,2021/12/21
Honduras,0,2021/12/21
International,0,2021/12/21
Kiribati,0,2021/12/21
Macao,0,2021/12/21
Madagascar,0,2021/12/21
Marshall Islands,0,2021/12/21
Mauritius,0,2021/12/21
Mexico,0,2021/12/21
Micronesia (country),0,2021/12/21
Montserrat,0,2021/12/21
Namibia,0,2021/12/21
Niger,0,2021/12/21
Nigeria,0,2021/12/21
Palau,0,2021/12/21
Saint Helena,0,2021/12/21
Saint Pierre and Miquelon,0,2021/12/21
Samoa,0,2021/12/21
San Marino,0,2021/12/21
Solomon Islands,0,2021/12/21
Somalia,0,2021/12/21
Sudan,0,2021/12/21
Tajikistan,0,2021/12/21
Tanzania,0,2021/12/21
Timor,0,2021/12/21
Tonga,0,2021/12/21
Turks and Caicos Islands,0,2021/12/21
Vanuatu,0,2021/12/21
Vatican,0,2021/12/21
Wallis and Futuna,0,2021/12/21
Anguilla,0,2021/12/22
Bermuda,0,2021/12/22
Bolivia,0,2021/12/22
Botswana,0,2021/12/22
British Virgin Islands,0,2021/12/22
Burkina Faso,0,2021/12/22
Burundi,0,2021/12/22
Cayman Islands,0,2021/12/22
Central African Republic,0,2021/12/22
Chad,0,2021/12/22
Congo,0,2021/12/22
Cook Islands,0,2021/12/22
Costa Rica,0,2021/12/22
Czechia,0,2021/12/22
Democratic Republic of Congo,0,2021/12/22
Djibouti,0,2021/12/22
Ecuador,0,2021/12/22
El Salvador,0,2021/12/22
Equatorial Guinea,0,2021/12/22
Falkland Islands,0,2021/12/22
Gambia,0,2021/12/22
Guinea-Bissau,0,2021/12/22
Honduras,0,2021/12/22
International,0,2021/12/22
Kiribati,0,2021/12/22
Lesotho,0,2021/12/22
Liberia,0,2021/12/22
Macao,0,2021/12/22
Madagascar,0,2021/12/22
Marshall Islands,0,2021/12/22
Micronesia (country),0,2021/12/22
Monaco,0,2021/12/22
Montserrat,0,2021/12/22
Nicaragua,0,2021/12/22
Palau,0,2021/12/22
Paraguay,0,2021/12/22
Saint Helena,0,2021/12/22
Saint Pierre and Miquelon,0,2021/12/22
Samoa,0,2021/12/22
Solomon Islands,0,2021/12/22
Somalia,0,2021/12/22
Tajikistan,0,2021/12/22
Tanzania,0,2021/12/22
Timor,0,2021/12/22
Tonga,0,2021/12/22
Vanuatu,0,2021/12/22
Vatican,0,2021/12/22
Wallis and Futuna,0,2021/12/22
Yemen,0,2021/12/22
Anguilla,0,2021/12/23
Benin,0,2021/12/23
Bhutan,0,2021/12/23
Burkina Faso,0,2021/12/23
Central African Republic,0,2021/12/23
Chad,0,2021/12/23
Congo,0,2021/12/23
Cook Islands,0,2021/12/23
Costa Rica,0,2021/12/23
Czechia,0,2021/12/23
Dominica,0,2021/12/23
Ecuador,0,2021/12/23
Falkland Islands,0,2021/12/23
Fiji,0,2021/12/23
Gabon,0,2021/12/23
Guinea-Bissau,0,2021/12/23
Honduras,0,2021/12/23
International,0,2021/12/23
Kiribati,0,2021/12/23
Kyrgyzstan,0,2021/12/23
Laos,0,2021/12/23
Lesotho,0,2021/12/23
Liberia,0,2021/12/23
Macao,0,2021/12/23
Madagascar,0,2021/12/23
Marshall Islands,0,2021/12/23
Mauritius,0,2021/12/23
Micronesia (country),0,2021/12/23
Mongolia,0,2021/12/23
Montserrat,0,2021/12/23
Namibia,0,2021/12/23
Nicaragua,0,2021/12/23
Palau,0,2021/12/23
Saint Helena,0,2021/12/23
Saint Kitts and Nevis,0,2021/12/23
Saint Pierre and Miquelon,0,2021/12/23
Saint Vincent and the Grenadines,0,2021/12/23
Samoa,0,2021/12/23
Solomon Islands,0,2021/12/23
Tajikistan,0,2021/12/23
Tanzania,0,2021/12/23
Timor,0,2021/12/23
Tonga,0,2021/12/23
Vanuatu,0,2021/12/23
Vatican,0,2021/12/23
Wallis and Futuna,0,2021/12/23
Antigua and Barbuda,0,2021/12/24
Barbados,0,2021/12/24
Benin,0,2021/12/24
Bermuda,0,2021/12/24
Bhutan,0,2021/12/24
Botswana,0,2021/12/24
British Virgin Islands,0,2021/12/24
Brunei,0,2021/12/24
Burkina Faso,0,2021/12/24
Burundi,0,2021/12/24
Cameroon,0,2021/12/24
Cayman Islands,0,2021/12/24
Central African Republic,0,2021/12/24
Chad,0,2021/12/24
Congo,0,2021/12/24
Cook Islands,0,2021/12/24
Costa Rica,0,2021/12/24
Czechia,0,2021/12/24
Democratic Republic of Congo,0,2021/12/24
Djibouti,0,2021/12/24
Dominica,0,2021/12/24
Equatorial Guinea,0,2021/12/24
Falkland Islands,0,2021/12/24
French Polynesia,0,2021/12/24
Gabon,0,2021/12/24
Gambia,0,2021/12/24
Ghana,0,2021/12/24
Greenland,0,2021/12/24
Grenada,0,2021/12/24
Honduras,0,2021/12/24
Hungary,0,2021/12/24
Iceland,0,2021/12/24
International,0,2021/12/24
Jordan,0,2021/12/24
Kiribati,0,2021/12/24
Liberia,0,2021/12/24
Liechtenstein,0,2021/12/24
Macao,0,2021/12/24
Madagascar,0,2021/12/24
Marshall Islands,0,2021/12/24
Micronesia (country),0,2021/12/24
Montserrat,0,2021/12/24
New Caledonia,0,2021/12/24
New Zealand,0,2021/12/24
Nicaragua,0,2021/12/24
Oman,0,2021/12/24
Palau,0,2021/12/24
Palestine,0,2021/12/24
Panama,0,2021/12/24
Paraguay,0,2021/12/24
Peru,0,2021/12/24
Saint Helena,0,2021/12/24
Samoa,0,2021/12/24
Seychelles,0,2021/12/24
Solomon Islands,0,2021/12/24
Somalia,0,2021/12/24
Spain,0,2021/12/24
Sudan,0,2021/12/24
Sweden,0,2021/12/24
Switzerland,0,2021/12/24
Tajikistan,0,2021/12/24
Tanzania,0,2021/12/24
Timor,0,2021/12/24
Togo,0,2021/12/24
Tonga,0,2021/12/24
Vanuatu,0,2021/12/24
Vatican,0,2021/12/24
Wallis and Futuna,0,2021/12/24
Andorra,0,2021/12/25
Anguilla,0,2021/12/25
Bahamas,0,2021/12/25
Belgium,0,2021/12/25
Belize,0,2021/12/25
Benin,0,2021/12/25
Bermuda,0,2021/12/25
Bhutan,0,2021/12/25
Bolivia,0,2021/12/25
Bosnia and Herzegovina,0,2021/12/25
Botswana,0,2021/12/25
British Virgin Islands,0,2021/12/25
Brunei,0,2021/12/25
Burkina Faso,0,2021/12/25
Burundi,0,2021/12/25
Cameroon,0,2021/12/25
Cayman Islands,0,2021/12/25
Central African Republic,0,2021/12/25
Chad,0,2021/12/25
Congo,0,2021/12/25
Cook Islands,0,2021/12/25
Costa Rica,0,2021/12/25
Democratic Republic of Congo,0,2021/12/25
Denmark,0,2021/12/25
Dominica,0,2021/12/25
Ecuador,0,2021/12/25
El Salvador,0,2021/12/25
Falkland Islands,0,2021/12/25
Fiji,0,2021/12/25
Finland,0,2021/12/25
French Polynesia,0,2021/12/25
Gabon,0,2021/12/25
Gambia,0,2021/12/25
Ghana,0,2021/12/25
Greenland,0,2021/12/25
Guinea-Bissau,0,2021/12/25
Haiti,0,2021/12/25
Hungary,0,2021/12/25
Iceland,0,2021/12/25
International,0,2021/12/25
Jordan,0,2021/12/25
Kiribati,0,2021/12/25
Kyrgyzstan,0,2021/12/25
Lesotho,0,2021/12/25
Liberia,0,2021/12/25
Libya,0,2021/12/25
Liechtenstein,0,2021/12/25
Luxembourg,0,2021/12/25
Macao,0,2021/12/25
Marshall Islands,0,2021/12/25
Micronesia (country),0,2021/12/25
Mongolia,0,2021/12/25
Montserrat,0,2021/12/25
New Caledonia,0,2021/12/25
Nicaragua,0,2021/12/25
Oman,0,2021/12/25
Palau,0,2021/12/25
Palestine,0,2021/12/25
Papua New Guinea,0,2021/12/25
Paraguay,0,2021/12/25
Saint Helena,0,2021/12/25
Saint Pierre and Miquelon,0,2021/12/25
Saint Vincent and the Grenadines,0,2021/12/25
Samoa,0,2021/12/25
San Marino,0,2021/12/25
Seychelles,0,2021/12/25
Solomon Islands,0,2021/12/25
Somalia,0,2021/12/25
South Sudan,0,2021/12/25
Spain,0,2021/12/25
Sudan,0,2021/12/25
Sweden,0,2021/12/25
Switzerland,0,2021/12/25
Tajikistan,0,2021/12/25
Tanzania,0,2021/12/25
Timor,0,2021/12/25
Tonga,0,2021/12/25
Turkey,0,2021/12/25
Vanuatu,0,2021/12/25
Vatican,0,2021/12/25
Venezuela,0,2021/12/25
Wallis and Futuna,0,2021/12/25
Andorra,0,2021/12/26
Anguilla,0,2021/12/26
Antigua and Barbuda,0,2021/12/26
Bahamas,0,2021/12/26
Belgium,0,2021/12/26
Belize,0,2021/12/26
Benin,0,2021/12/26
Bermuda,0,2021/12/26
Bosnia and Herzegovina,0,2021/12/26
Botswana,0,2021/12/26
British Virgin Islands,0,2021/12/26
Brunei,0,2021/12/26
Burkina Faso,0,2021/12/26
Burundi,0,2021/12/26
Cayman Islands,0,2021/12/26
Central African Republic,0,2021/12/26
Chad,0,2021/12/26
Congo,0,2021/12/26
Cook Islands,0,2021/12/26
Costa Rica,0,2021/12/26
Cote d'Ivoire,0,2021/12/26
Democratic Republic of Congo,0,2021/12/26
Denmark,0,2021/12/26
Dominica,0,2021/12/26
Ecuador,0,2021/12/26
El Salvador,0,2021/12/26
Equatorial Guinea,0,2021/12/26
Falkland Islands,0,2021/12/26
Fiji,0,2021/12/26
Finland,0,2021/12/26
French Polynesia,0,2021/12/26
Gabon,0,2021/12/26
Gambia,0,2021/12/26
Gibraltar,0,2021/12/26
Greenland,0,2021/12/26
Grenada,0,2021/12/26
Haiti,0,2021/12/26
Honduras,0,2021/12/26
Hungary,0,2021/12/26
Iceland,0,2021/12/26
Indonesia,0,2021/12/26
International,0,2021/12/26
Isle of Man,0,2021/12/26
Jordan,0,2021/12/26
Kiribati,0,2021/12/26
Liberia,0,2021/12/26
Luxembourg,0,2021/12/26
Macao,0,2021/12/26
Madagascar,0,2021/12/26
Marshall Islands,0,2021/12/26
Mexico,0,2021/12/26
Micronesia (country),0,2021/12/26
Montserrat,0,2021/12/26
New Caledonia,0,2021/12/26
Nicaragua,0,2021/12/26
Palau,0,2021/12/26
Palestine,0,2021/12/26
Papua New Guinea,0,2021/12/26
Paraguay,0,2021/12/26
Peru,0,2021/12/26
Saint Helena,0,2021/12/26
Saint Pierre and Miquelon,0,2021/12/26
Saint Vincent and the Grenadines,0,2021/12/26
Samoa,0,2021/12/26
San Marino,0,2021/12/26
Seychelles,0,2021/12/26
Solomon Islands,0,2021/12/26
Somalia,0,2021/12/26
Spain,0,2021/12/26
Sudan,0,2021/12/26
Suriname,0,2021/12/26
Sweden,0,2021/12/26
Switzerland,0,2021/12/26
Tajikistan,0,2021/12/26
Tanzania,0,2021/12/26
Timor,0,2021/12/26
Tonga,0,2021/12/26
Tunisia,0,2021/12/26
Turks and Caicos Islands,0,2021/12/26
Vanuatu,0,2021/12/26
Vatican,0,2021/12/26
Wallis and Futuna,0,2021/12/26
Albania,0,2021/12/27
Angola,0,2021/12/27
Anguilla,0,2021/12/27
Bahamas,0,2021/12/27
Belize,0,2021/12/27
Benin,0,2021/12/27
Bermuda,0,2021/12/27
Bhutan,0,2021/12/27
Burkina Faso,0,2021/12/27
Cameroon,0,2021/12/27
Cayman Islands,0,2021/12/27
Chad,0,2021/12/27
Cook Islands,0,2021/12/27
Costa Rica,0,2021/12/27
El Salvador,0,2021/12/27
Equatorial Guinea,0,2021/12/27
Falkland Islands,0,2021/12/27
Guinea-Bissau,0,2021/12/27
International,0,2021/12/27
Jamaica,0,2021/12/27
Jordan,0,2021/12/27
Kiribati,0,2021/12/27
Kyrgyzstan,0,2021/12/27
Lesotho,0,2021/12/27
Madagascar,0,2021/12/27
Marshall Islands,0,2021/12/27
Micronesia (country),0,2021/12/27
Montserrat,0,2021/12/27
Nicaragua,0,2021/12/27
Palau,0,2021/12/27
Saint Helena,0,2021/12/27
Saint Pierre and Miquelon,0,2021/12/27
Saint Vincent and the Grenadines,0,2021/12/27
Samoa,0,2021/12/27
Somalia,0,2021/12/27
South Sudan,0,2021/12/27
Sweden,0,2021/12/27
Tajikistan,0,2021/12/27
Tanzania,0,2021/12/27
Thailand,0,2021/12/27
Timor,0,2021/12/27
Tonga,0,2021/12/27
Vanuatu,0,2021/12/27
Vatican,0,2021/12/27
Venezuela,0,2021/12/27
Wallis and Futuna,0,2021/12/27
Antigua and Barbuda,0,2021/12/28
Bahamas,0,2021/12/28
Benin,0,2021/12/28
Bhutan,0,2021/12/28
Botswana,0,2021/12/28
British Virgin Islands,0,2021/12/28
Cayman Islands,0,2021/12/28
Central African Republic,0,2021/12/28
Chad,0,2021/12/28
Congo,0,2021/12/28
Cook Islands,0,2021/12/28
Democratic Republic of Congo,0,2021/12/28
Dominica,0,2021/12/28
El Salvador,0,2021/12/28
Faeroe Islands,0,2021/12/28
Falkland Islands,0,2021/12/28
Fiji,0,2021/12/28
French Polynesia,0,2021/12/28
Gabon,0,2021/12/28
Gambia,0,2021/12/28
International,0,2021/12/28
Jordan,0,2021/12/28
Kiribati,0,2021/12/28
Lesotho,0,2021/12/28
Liberia,0,2021/12/28
Macao,0,2021/12/28
Madagascar,0,2021/12/28
Marshall Islands,0,2021/12/28
Mauritius,0,2021/12/28
Micronesia (country),0,2021/12/28
Mongolia,0,2021/12/28
Montserrat,0,2021/12/28
New Caledonia,0,2021/12/28
Palau,0,2021/12/28
Papua New Guinea,0,2021/12/28
Paraguay,0,2021/12/28
Peru,0,2021/12/28
Saint Helena,0,2021/12/28
Saint Pierre and Miquelon,0,2021/12/28
Samoa,0,2021/12/28
Solomon Islands,0,2021/12/28
Somalia,0,2021/12/28
Tajikistan,0,2021/12/28
Tanzania,0,2021/12/28
Timor,0,2021/12/28
Tonga,0,2021/12/28
Vanuatu,0,2021/12/28
Vatican,0,2021/12/28
Wallis and Futuna,0,2021/12/28
Anguilla,0,2021/12/29
Antigua and Barbuda,0,2021/12/29
Benin,0,2021/12/29
Bermuda,0,2021/12/29
Bhutan,0,2021/12/29
Botswana,0,2021/12/29
British Virgin Islands,0,2021/12/29
Burkina Faso,0,2021/12/29
Cameroon,0,2021/12/29
Cayman Islands,0,2021/12/29
Central African Republic,0,2021/12/29
Chad,0,2021/12/29
Congo,0,2021/12/29
Cook Islands,0,2021/12/29
Costa Rica,0,2021/12/29
Dominica,0,2021/12/29
Ecuador,0,2021/12/29
El Salvador,0,2021/12/29
Equatorial Guinea,0,2021/12/29
Falkland Islands,0,2021/12/29
French Polynesia,0,2021/12/29
Gabon,0,2021/12/29
Gambia,0,2021/12/29
Greenland,0,2021/12/29
Honduras,0,2021/12/29
Iceland,0,2021/12/29
International,0,2021/12/29
Isle of Man,0,2021/12/29
Jamaica,0,2021/12/29
Jordan,0,2021/12/29
Kiribati,0,2021/12/29
Macao,0,2021/12/29
Marshall Islands,0,2021/12/29
Micronesia (country),0,2021/12/29
Montserrat,0,2021/12/29
Nicaragua,0,2021/12/29
Niger,0,2021/12/29
Palau,0,2021/12/29
Peru,0,2021/12/29
Saint Helena,0,2021/12/29
Saint Pierre and Miquelon,0,2021/12/29
Samoa,0,2021/12/29
Somalia,0,2021/12/29
Tajikistan,0,2021/12/29
Timor,0,2021/12/29
Togo,0,2021/12/29
Tonga,0,2021/12/29
Tunisia,0,2021/12/29
Turkey,0,2021/12/29
Turks and Caicos Islands,0,2021/12/29
Vanuatu,0,2021/12/29
Vatican,0,2021/12/29
Venezuela,0,2021/12/29
Wallis and Futuna,0,2021/12/29
Zimbabwe,0,2021/12/29
Philippines,-11,2021/12/21
Germany,-541,2021/12/19
