country,totalDeaths,date
Greenland,NaN,2021/12/15
Greenland,NaN,2021/12/16
Greenland,NaN,2021/12/17
Greenland,NaN,2021/12/18
Greenland,NaN,2021/12/19
Greenland,NaN,2021/12/20
Greenland,NaN,2021/12/21
Greenland,NaN,2021/12/22
Greenland,NaN,2021/12/23
Greenland,NaN,2021/12/24
World,5420000,2021/12/29
World,5410000,2021/12/27
World,5410000,2021/12/28
World,5400000,2021/12/25
World,5400000,2021/12/26
World,5390000,2021/12/23
World,5390000,2021/12/24
World,5380000,2021/12/22
World,5370000,2021/12/21
World,5360000,2021/12/19
World,5360000,2021/12/20
World,5350000,2021/12/17
World,5350000,2021/12/18
World,5340000,2021/12/16
World,5330000,2021/12/15
Upper middle income,2260000,2021/12/28
Upper middle income,2260000,2021/12/29
Upper middle income,2250000,2021/12/23
Upper middle income,2250000,2021/12/24
Upper middle income,2250000,2021/12/25
Upper middle income,2250000,2021/12/26
Upper middle income,2250000,2021/12/27
Upper middle income,2240000,2021/12/18
Upper middle income,2240000,2021/12/19
Upper middle income,2240000,2021/12/20
Upper middle income,2240000,2021/12/21
Upper middle income,2240000,2021/12/22
Upper middle income,2230000,2021/12/15
Upper middle income,2230000,2021/12/16
Upper middle income,2230000,2021/12/17
High income,1930000,2021/12/28
High income,1930000,2021/12/29
High income,1920000,2021/12/23
High income,1920000,2021/12/24
High income,1920000,2021/12/25
High income,1920000,2021/12/26
High income,1920000,2021/12/27
High income,1910000,2021/12/21
High income,1910000,2021/12/22
High income,1900000,2021/12/18
High income,1900000,2021/12/19
High income,1900000,2021/12/20
High income,1890000,2021/12/15
High income,1890000,2021/12/16
High income,1890000,2021/12/17
Europe,1520000,2021/12/27
Europe,1520000,2021/12/28
Europe,1520000,2021/12/29
Europe,1510000,2021/12/24
Europe,1510000,2021/12/25
Europe,1510000,2021/12/26
Europe,1500000,2021/12/21
Europe,1500000,2021/12/22
Europe,1500000,2021/12/23
Europe,1490000,2021/12/18
Europe,1490000,2021/12/19
Europe,1490000,2021/12/20
Europe,1480000,2021/12/15
Europe,1480000,2021/12/16
Europe,1480000,2021/12/17
Asia,1260000,2021/12/28
Asia,1260000,2021/12/29
Asia,1250000,2021/12/19
Asia,1250000,2021/12/20
Asia,1250000,2021/12/21
Asia,1250000,2021/12/22
Asia,1250000,2021/12/23
Asia,1250000,2021/12/24
Asia,1250000,2021/12/25
Asia,1250000,2021/12/26
Asia,1250000,2021/12/27
Asia,1240000,2021/12/15
Asia,1240000,2021/12/16
Asia,1240000,2021/12/17
Asia,1240000,2021/12/18
North America,1220000,2021/12/28
North America,1220000,2021/12/29
North America,1210000,2021/12/21
North America,1210000,2021/12/22
North America,1210000,2021/12/23
North America,1210000,2021/12/24
North America,1210000,2021/12/25
North America,1210000,2021/12/26
North America,1210000,2021/12/27
North America,1200000,2021/12/15
North America,1200000,2021/12/16
North America,1200000,2021/12/17
North America,1200000,2021/12/18
North America,1200000,2021/12/19
North America,1200000,2021/12/20
South America,1190000,2021/12/15
South America,1190000,2021/12/16
South America,1190000,2021/12/17
South America,1190000,2021/12/18
South America,1190000,2021/12/19
South America,1190000,2021/12/20
South America,1190000,2021/12/21
Lower middle income,1190000,2021/12/22
South America,1190000,2021/12/22
Lower middle income,1190000,2021/12/23
South America,1190000,2021/12/23
Lower middle income,1190000,2021/12/24
South America,1190000,2021/12/24
Lower middle income,1190000,2021/12/25
South America,1190000,2021/12/25
Lower middle income,1190000,2021/12/26
South America,1190000,2021/12/26
Lower middle income,1190000,2021/12/27
South America,1190000,2021/12/27
Lower middle income,1190000,2021/12/28
South America,1190000,2021/12/28
Lower middle income,1190000,2021/12/29
South America,1190000,2021/12/29
Lower middle income,1180000,2021/12/15
Lower middle income,1180000,2021/12/16
Lower middle income,1180000,2021/12/17
Lower middle income,1180000,2021/12/18
Lower middle income,1180000,2021/12/19
Lower middle income,1180000,2021/12/20
Lower middle income,1180000,2021/12/21
European Union,900537,2021/12/29
European Union,897937,2021/12/28
European Union,895840,2021/12/27
European Union,893979,2021/12/26
European Union,893344,2021/12/25
European Union,892029,2021/12/24
European Union,890517,2021/12/23
European Union,888434,2021/12/22
European Union,886167,2021/12/21
European Union,883918,2021/12/20
European Union,881885,2021/12/19
European Union,880994,2021/12/18
European Union,879119,2021/12/17
European Union,877181,2021/12/16
European Union,874915,2021/12/15
United States,823559,2021/12/29
United States,821375,2021/12/28
United States,819096,2021/12/27
United States,817329,2021/12/26
United States,817239,2021/12/25
United States,817132,2021/12/24
United States,816546,2021/12/23
United States,813170,2021/12/22
United States,811130,2021/12/21
United States,809259,2021/12/20
United States,807779,2021/12/19
United States,807577,2021/12/18
United States,807014,2021/12/17
United States,805224,2021/12/16
United States,804035,2021/12/15
Brazil,619095,2021/12/29
Brazil,618978,2021/12/28
Brazil,618797,2021/12/27
Brazil,618732,2021/12/26
Brazil,618686,2021/12/25
Brazil,618655,2021/12/24
Brazil,618492,2021/12/23
Brazil,618366,2021/12/22
Brazil,618220,2021/12/21
Brazil,618149,2021/12/20
Brazil,618066,2021/12/19
Brazil,618011,2021/12/18
Brazil,617873,2021/12/17
Brazil,617675,2021/12/16
Brazil,617552,2021/12/15
India,480860,2021/12/29
India,480592,2021/12/28
India,480290,2021/12/27
India,479997,2021/12/26
India,479682,2021/12/25
India,479520,2021/12/24
India,479133,2021/12/23
India,478759,2021/12/22
India,478325,2021/12/21
India,478007,2021/12/20
India,477554,2021/12/19
India,477158,2021/12/18
India,476869,2021/12/16
India,476869,2021/12/17
India,476478,2021/12/15
Russia,300886,2021/12/29
Russia,299983,2021/12/28
Russia,299077,2021/12/27
Mexico,298944,2021/12/29
Mexico,298819,2021/12/28
Mexico,298777,2021/12/27
Mexico,298759,2021/12/25
Mexico,298759,2021/12/26
Mexico,298670,2021/12/24
Mexico,298359,2021/12/23
Russia,298165,2021/12/26
Mexico,298161,2021/12/22
Mexico,297916,2021/12/20
Mexico,297916,2021/12/21
Mexico,297835,2021/12/19
Mexico,297568,2021/12/18
Mexico,297356,2021/12/16
Mexico,297356,2021/12/17
Russia,297223,2021/12/25
Mexico,297188,2021/12/15
Russia,296268,2021/12/24
Russia,295296,2021/12/23
Russia,294322,2021/12/22
Russia,293329,2021/12/21
Russia,292331,2021/12/20
Russia,291336,2021/12/19
Russia,290340,2021/12/18
Russia,289292,2021/12/17
Russia,288240,2021/12/16
Russia,287135,2021/12/15
Africa,227365,2021/12/29
Africa,227129,2021/12/28
Africa,226957,2021/12/27
Africa,226708,2021/12/26
Africa,226561,2021/12/25
Africa,226392,2021/12/24
Africa,226202,2021/12/23
Africa,226010,2021/12/22
Africa,225780,2021/12/21
Africa,225608,2021/12/20
Africa,225329,2021/12/19
Africa,225236,2021/12/18
Africa,225102,2021/12/17
Africa,224972,2021/12/16
Africa,224830,2021/12/15
Peru,202524,2021/12/27
Peru,202524,2021/12/28
Peru,202524,2021/12/29
Peru,202488,2021/12/25
Peru,202488,2021/12/26
Peru,202424,2021/12/23
Peru,202424,2021/12/24
Peru,202375,2021/12/22
Peru,202338,2021/12/21
Peru,202225,2021/12/19
Peru,202225,2021/12/20
Peru,202154,2021/12/18
Peru,202076,2021/12/17
Peru,201992,2021/12/16
Peru,201902,2021/12/15
United Kingdom,148202,2021/12/29
United Kingdom,148144,2021/12/28
United Kingdom,148125,2021/12/27
United Kingdom,147982,2021/12/26
United Kingdom,147979,2021/12/25
United Kingdom,147969,2021/12/24
United Kingdom,147832,2021/12/23
United Kingdom,147685,2021/12/22
United Kingdom,147544,2021/12/21
United Kingdom,147371,2021/12/20
United Kingdom,147328,2021/12/19
United Kingdom,147283,2021/12/18
United Kingdom,147158,2021/12/17
United Kingdom,147045,2021/12/16
United Kingdom,146898,2021/12/15
Indonesia,144081,2021/12/29
Indonesia,144071,2021/12/28
Indonesia,144063,2021/12/27
Indonesia,144053,2021/12/25
Indonesia,144053,2021/12/26
Indonesia,144047,2021/12/24
Indonesia,144042,2021/12/23
Indonesia,144034,2021/12/22
Indonesia,144024,2021/12/21
Indonesia,144013,2021/12/20
Indonesia,144002,2021/12/19
Indonesia,143998,2021/12/18
Indonesia,143986,2021/12/17
Indonesia,143979,2021/12/16
Indonesia,143969,2021/12/15
Italy,137091,2021/12/29
Italy,136955,2021/12/28
Italy,136753,2021/12/27
Italy,136611,2021/12/26
Italy,136530,2021/12/25
Italy,136386,2021/12/24
Italy,136245,2021/12/23
Italy,136077,2021/12/22
Italy,135931,2021/12/21
Italy,135778,2021/12/20
Italy,135641,2021/12/19
Italy,135544,2021/12/18
Italy,135421,2021/12/17
Italy,135301,2021/12/16
Italy,135178,2021/12/15
Iran,131527,2021/12/29
Iran,131474,2021/12/28
Iran,131434,2021/12/27
Iran,131400,2021/12/26
Iran,131348,2021/12/25
Iran,131306,2021/12/24
Iran,131262,2021/12/23
Iran,131211,2021/12/22
Iran,131167,2021/12/21
Iran,131124,2021/12/20
Iran,131083,2021/12/19
Iran,131033,2021/12/18
Iran,130992,2021/12/17
Iran,130946,2021/12/16
Iran,130883,2021/12/15
Colombia,129866,2021/12/29
Colombia,129833,2021/12/28
Colombia,129798,2021/12/27
Colombia,129761,2021/12/26
Colombia,129729,2021/12/25
Colombia,129686,2021/12/24
Colombia,129640,2021/12/23
Colombia,129586,2021/12/22
Colombia,129534,2021/12/21
Colombia,129487,2021/12/20
Colombia,129458,2021/12/19
Colombia,129399,2021/12/18
Colombia,129345,2021/12/17
Colombia,129295,2021/12/16
Colombia,129256,2021/12/15
France,123434,2021/12/29
France,123250,2021/12/28
France,122960,2021/12/27
France,122704,2021/12/26
France,122608,2021/12/25
France,122524,2021/12/24
France,122357,2021/12/23
France,122178,2021/12/22
France,122008,2021/12/21
France,121779,2021/12/20
France,121555,2021/12/19
France,121480,2021/12/18
France,121395,2021/12/17
France,121233,2021/12/16
France,121045,2021/12/15
Argentina,117111,2021/12/29
Argentina,117085,2021/12/28
Argentina,117066,2021/12/27
Argentina,117035,2021/12/26
Argentina,117020,2021/12/25
Argentina,117008,2021/12/24
Argentina,116979,2021/12/23
Argentina,116964,2021/12/22
Argentina,116953,2021/12/21
Argentina,116930,2021/12/20
Argentina,116903,2021/12/19
Argentina,116899,2021/12/18
Argentina,116892,2021/12/17
Argentina,116874,2021/12/16
Argentina,116857,2021/12/15
Germany,111607,2021/12/29
Germany,110994,2021/12/28
Germany,110810,2021/12/27
Germany,110436,2021/12/26
Germany,110367,2021/12/25
Germany,110279,2021/12/24
Germany,110124,2021/12/23
Germany,109753,2021/12/22
Germany,109328,2021/12/21
Germany,108818,2021/12/20
Germany,108356,2021/12/19
Germany,108238,2021/12/18
Germany,107812,2021/12/17
Germany,107655,2021/12/16
Germany,107207,2021/12/15
Ukraine,101548,2021/12/29
Ukraine,101212,2021/12/28
Ukraine,101049,2021/12/27
Ukraine,100891,2021/12/26
Ukraine,100727,2021/12/25
Ukraine,100433,2021/12/24
Ukraine,100159,2021/12/23
Ukraine,99856,2021/12/22
Ukraine,99528,2021/12/21
Ukraine,99153,2021/12/20
Ukraine,98972,2021/12/19
Ukraine,98769,2021/12/18
Ukraine,98453,2021/12/17
Ukraine,98097,2021/12/16
Ukraine,97714,2021/12/15
Poland,95707,2021/12/29
Poland,94914,2021/12/28
Poland,94365,2021/12/27
Poland,94327,2021/12/26
Poland,94311,2021/12/25
Poland,94041,2021/12/24
Poland,93445,2021/12/23
Poland,92829,2021/12/22
Poland,92052,2021/12/21
Poland,91514,2021/12/20
Poland,91485,2021/12/19
Poland,91415,2021/12/18
South Africa,90935,2021/12/29
Poland,90872,2021/12/17
South Africa,90854,2021/12/28
South Africa,90829,2021/12/27
South Africa,90814,2021/12/26
South Africa,90773,2021/12/25
South Africa,90743,2021/12/24
South Africa,90662,2021/12/23
South Africa,90587,2021/12/22
South Africa,90488,2021/12/21
South Africa,90453,2021/12/20
South Africa,90348,2021/12/19
South Africa,90345,2021/12/18
Poland,90306,2021/12/16
South Africa,90297,2021/12/17
South Africa,90262,2021/12/16
South Africa,90226,2021/12/15
Poland,89714,2021/12/15
Spain,89331,2021/12/29
Spain,89253,2021/12/28
Spain,89139,2021/12/27
Spain,89019,2021/12/23
Spain,89019,2021/12/24
Spain,89019,2021/12/25
Spain,89019,2021/12/26
Spain,88937,2021/12/22
Spain,88887,2021/12/21
Spain,88793,2021/12/20
Spain,88708,2021/12/17
Spain,88708,2021/12/18
Spain,88708,2021/12/19
Spain,88667,2021/12/16
Spain,88619,2021/12/15
Turkey,81917,2021/12/28
Turkey,81917,2021/12/29
Turkey,81733,2021/12/27
Turkey,81576,2021/12/26
Turkey,81258,2021/12/24
Turkey,81258,2021/12/25
Turkey,81125,2021/12/23
Turkey,80957,2021/12/22
Turkey,80778,2021/12/21
Turkey,80591,2021/12/20
Turkey,80415,2021/12/19
Turkey,80244,2021/12/18
Turkey,80053,2021/12/17
Turkey,79863,2021/12/16
Turkey,79696,2021/12/15
Romania,58677,2021/12/29
Romania,58642,2021/12/28
Romania,58575,2021/12/27
Romania,58551,2021/12/26
Romania,58536,2021/12/25
Romania,58507,2021/12/24
Romania,58463,2021/12/23
Romania,58382,2021/12/22
Romania,58320,2021/12/21
Romania,58232,2021/12/20
Romania,58196,2021/12/19
Romania,58143,2021/12/18
Romania,58079,2021/12/17
Romania,58019,2021/12/16
Romania,57935,2021/12/15
Philippines,51241,2021/12/29
Philippines,51213,2021/12/28
Philippines,51211,2021/12/27
Philippines,51200,2021/12/26
Philippines,51187,2021/12/25
Philippines,51050,2021/12/24
Philippines,50981,2021/12/23
Philippines,50916,2021/12/22
Philippines,50794,2021/12/21
Philippines,50784,2021/12/20
Philippines,50739,2021/12/19
Philippines,50675,2021/12/18
Philippines,50570,2021/12/17
Philippines,50496,2021/12/16
Philippines,50449,2021/12/15
Chile,39063,2021/12/29
Chile,39059,2021/12/28
Chile,39056,2021/12/27
Chile,39034,2021/12/26
Chile,39013,2021/12/25
Hungary,39009,2021/12/29
Chile,38984,2021/12/24
Chile,38954,2021/12/23
Chile,38900,2021/12/22
Chile,38894,2021/12/21
Hungary,38894,2021/12/28
Chile,38885,2021/12/20
Chile,38864,2021/12/19
Chile,38840,2021/12/18
Chile,38812,2021/12/17
Chile,38773,2021/12/16
Hungary,38743,2021/12/27
Chile,38727,2021/12/15
Low income,38330,2021/12/29
Hungary,38307,2021/12/23
Hungary,38307,2021/12/24
Hungary,38307,2021/12/25
Hungary,38307,2021/12/26
Low income,38263,2021/12/28
Low income,38235,2021/12/27
Hungary,38167,2021/12/22
Low income,38125,2021/12/26
Low income,38103,2021/12/25
Low income,38050,2021/12/24
Low income,38032,2021/12/23
Hungary,38028,2021/12/21
Low income,38005,2021/12/22
Low income,37976,2021/12/21
Low income,37937,2021/12/20
Hungary,37896,2021/12/20
Low income,37872,2021/12/19
Low income,37852,2021/12/18
Low income,37823,2021/12/17
Low income,37808,2021/12/16
Low income,37778,2021/12/15
Hungary,37530,2021/12/17
Hungary,37530,2021/12/18
Hungary,37530,2021/12/19
Hungary,37376,2021/12/16
Hungary,37232,2021/12/15
Czechia,35975,2021/12/29
Czechia,35911,2021/12/28
Czechia,35805,2021/12/27
Czechia,35749,2021/12/26
Czechia,35692,2021/12/25
Czechia,35288,2021/12/20
Czechia,35288,2021/12/21
Czechia,35288,2021/12/22
Czechia,35288,2021/12/23
Czechia,35288,2021/12/24
Czechia,35223,2021/12/19
Czechia,35149,2021/12/18
Czechia,35046,2021/12/17
Czechia,34923,2021/12/16
Czechia,34813,2021/12/15
Ecuador,33650,2021/12/28
Ecuador,33650,2021/12/29
Ecuador,33649,2021/12/27
Ecuador,33641,2021/12/24
Ecuador,33641,2021/12/25
Ecuador,33641,2021/12/26
Ecuador,33624,2021/12/21
Ecuador,33624,2021/12/22
Ecuador,33624,2021/12/23
Ecuador,33597,2021/12/20
Ecuador,33593,2021/12/17
Ecuador,33593,2021/12/18
Ecuador,33593,2021/12/19
Ecuador,33586,2021/12/16
Ecuador,33570,2021/12/15
Vietnam,31877,2021/12/29
Vietnam,31632,2021/12/28
Malaysia,31428,2021/12/29
Vietnam,31418,2021/12/27
Malaysia,31392,2021/12/28
Malaysia,31369,2021/12/27
Malaysia,31334,2021/12/26
Malaysia,31315,2021/12/25
Malaysia,31290,2021/12/24
Malaysia,31265,2021/12/23
Malaysia,31221,2021/12/22
Vietnam,31214,2021/12/26
Malaysia,31192,2021/12/21
Malaysia,31135,2021/12/20
Malaysia,31092,2021/12/19
Malaysia,31073,2021/12/18
Malaysia,31044,2021/12/17
Malaysia,31026,2021/12/16
Vietnam,31007,2021/12/25
Malaysia,30989,2021/12/15
Bulgaria,30819,2021/12/29
Vietnam,30766,2021/12/24
Bulgaria,30657,2021/12/28
Bulgaria,30623,2021/12/27
Bulgaria,30574,2021/12/26
Vietnam,30531,2021/12/23
Bulgaria,30528,2021/12/25
Bulgaria,30476,2021/12/24
Bulgaria,30436,2021/12/23
Bulgaria,30359,2021/12/22
Canada,30307,2021/12/29
Bulgaria,30303,2021/12/21
Vietnam,30251,2021/12/22
Canada,30251,2021/12/28
Bulgaria,30239,2021/12/20
Canada,30229,2021/12/27
Canada,30206,2021/12/26
Canada,30203,2021/12/25
Canada,30199,2021/12/24
Canada,30185,2021/12/23
Canada,30167,2021/12/22
Canada,30140,2021/12/21
Canada,30116,2021/12/20
Canada,30097,2021/12/19
Canada,30092,2021/12/18
Canada,30087,2021/12/17
Bulgaria,30082,2021/12/19
Canada,30065,2021/12/16
Canada,30047,2021/12/15
Bulgaria,30047,2021/12/18
Vietnam,30041,2021/12/21
Bulgaria,30014,2021/12/17
Bulgaria,29933,2021/12/16
Bulgaria,29847,2021/12/15
Vietnam,29791,2021/12/20
Vietnam,29566,2021/12/19
Vietnam,29351,2021/12/18
Vietnam,29103,2021/12/17
Pakistan,28921,2021/12/29
Pakistan,28918,2021/12/28
Pakistan,28912,2021/12/27
Pakistan,28909,2021/12/26
Pakistan,28907,2021/12/25
Pakistan,28905,2021/12/24
Pakistan,28898,2021/12/23
Pakistan,28894,2021/12/22
Pakistan,28892,2021/12/21
Pakistan,28882,2021/12/20
Pakistan,28878,2021/12/19
Pakistan,28872,2021/12/18
Pakistan,28863,2021/12/16
Pakistan,28863,2021/12/17
Vietnam,28857,2021/12/16
Pakistan,28849,2021/12/15
Vietnam,28616,2021/12/15
Belgium,28267,2021/12/29
Belgium,28250,2021/12/28
Belgium,28218,2021/12/27
Belgium,28149,2021/12/24
Belgium,28149,2021/12/25
Belgium,28149,2021/12/26
Belgium,28110,2021/12/23
Belgium,28067,2021/12/22
Bangladesh,28063,2021/12/29
Bangladesh,28062,2021/12/28
Bangladesh,28061,2021/12/27
Bangladesh,28060,2021/12/26
Bangladesh,28056,2021/12/25
Bangladesh,28055,2021/12/24
Bangladesh,28054,2021/12/23
Bangladesh,28052,2021/12/22
Bangladesh,28051,2021/12/21
Bangladesh,28050,2021/12/20
Bangladesh,28048,2021/12/19
Bangladesh,28047,2021/12/18
Bangladesh,28043,2021/12/17
Bangladesh,28041,2021/12/16
Bangladesh,28038,2021/12/15
Belgium,28035,2021/12/21
Belgium,27992,2021/12/20
Belgium,27895,2021/12/18
Belgium,27895,2021/12/19
Belgium,27763,2021/12/17
Belgium,27729,2021/12/15
Belgium,27729,2021/12/16
Tunisia,25548,2021/12/28
Tunisia,25548,2021/12/29
Tunisia,25538,2021/12/27
Tunisia,25523,2021/12/25
Tunisia,25523,2021/12/26
Tunisia,25516,2021/12/24
Tunisia,25509,2021/12/23
Tunisia,25491,2021/12/22
Tunisia,25485,2021/12/21
Tunisia,25475,2021/12/20
Tunisia,25470,2021/12/19
Tunisia,25460,2021/12/18
Tunisia,25450,2021/12/16
Tunisia,25450,2021/12/17
Tunisia,25445,2021/12/15
Iraq,24151,2021/12/29
Iraq,24146,2021/12/28
Iraq,24139,2021/12/27
Iraq,24130,2021/12/26
Iraq,24122,2021/12/25
Iraq,24115,2021/12/24
Iraq,24108,2021/12/23
Iraq,24095,2021/12/22
Iraq,24087,2021/12/21
Iraq,24074,2021/12/20
Iraq,24063,2021/12/19
Iraq,24051,2021/12/18
Iraq,24042,2021/12/17
Iraq,24030,2021/12/16
Iraq,24017,2021/12/15
Egypt,21695,2021/12/29
Egypt,21667,2021/12/28
Thailand,21647,2021/12/29
Egypt,21639,2021/12/27
Thailand,21630,2021/12/28
Egypt,21608,2021/12/26
Thailand,21598,2021/12/26
Thailand,21598,2021/12/27
Egypt,21571,2021/12/25
Thailand,21558,2021/12/25
Egypt,21546,2021/12/24
Thailand,21528,2021/12/24
Egypt,21510,2021/12/23
Thailand,21501,2021/12/23
Egypt,21500,2021/12/22
Thailand,21471,2021/12/22
Egypt,21457,2021/12/21
Thailand,21440,2021/12/21
Egypt,21410,2021/12/20
Thailand,21408,2021/12/20
Thailand,21377,2021/12/19
Egypt,21361,2021/12/19
Thailand,21355,2021/12/18
Thailand,21327,2021/12/16
Thailand,21327,2021/12/17
Egypt,21315,2021/12/18
Egypt,21277,2021/12/17
Thailand,21260,2021/12/15
Egypt,21234,2021/12/16
Egypt,21203,2021/12/15
Netherlands,20927,2021/12/29
Netherlands,20878,2021/12/28
Netherlands,20803,2021/12/27
Netherlands,20791,2021/12/26
Netherlands,20780,2021/12/25
Netherlands,20736,2021/12/24
Netherlands,20696,2021/12/23
Netherlands,20656,2021/12/22
Greece,20636,2021/12/29
Netherlands,20609,2021/12/21
Netherlands,20579,2021/12/20
Greece,20557,2021/12/28
Netherlands,20543,2021/12/19
Greece,20496,2021/12/27
Netherlands,20495,2021/12/18
Netherlands,20445,2021/12/17
Greece,20429,2021/12/26
Netherlands,20385,2021/12/16
Greece,20350,2021/12/25
Netherlands,20330,2021/12/15
Greece,20292,2021/12/24
Greece,20198,2021/12/23
Greece,20126,2021/12/22
Greece,20055,2021/12/21
Greece,19976,2021/12/20
Greece,19891,2021/12/19
Greece,19799,2021/12/18
Greece,19736,2021/12/17
Greece,19651,2021/12/16
Bolivia,19622,2021/12/29
Bolivia,19576,2021/12/28
Bolivia,19554,2021/12/27
Greece,19553,2021/12/15
Bolivia,19546,2021/12/26
Bolivia,19530,2021/12/24
Bolivia,19530,2021/12/25
Bolivia,19496,2021/12/23
Bolivia,19480,2021/12/21
Bolivia,19480,2021/12/22
Bolivia,19440,2021/12/19
Bolivia,19440,2021/12/20
Bolivia,19428,2021/12/18
Bolivia,19391,2021/12/17
Bolivia,19372,2021/12/16
Bolivia,19355,2021/12/15
Myanmar,19262,2021/12/29
Myanmar,19260,2021/12/28
Myanmar,19257,2021/12/27
Myanmar,19254,2021/12/26
Myanmar,19251,2021/12/25
Myanmar,19248,2021/12/24
Myanmar,19242,2021/12/23
Myanmar,19235,2021/12/22
Myanmar,19230,2021/12/21
Myanmar,19226,2021/12/20
Myanmar,19220,2021/12/19
Myanmar,19213,2021/12/18
Myanmar,19208,2021/12/17
Myanmar,19201,2021/12/16
Myanmar,19197,2021/12/15
Portugal,18921,2021/12/29
Portugal,18909,2021/12/28
Portugal,18890,2021/12/27
Portugal,18874,2021/12/26
Portugal,18861,2021/12/25
Portugal,18851,2021/12/24
Portugal,18840,2021/12/23
Portugal,18823,2021/12/22
Portugal,18812,2021/12/21
Portugal,18796,2021/12/20
Portugal,18778,2021/12/19
Portugal,18753,2021/12/18
Portugal,18741,2021/12/17
Portugal,18717,2021/12/16
Portugal,18698,2021/12/15
Japan,18389,2021/12/29
Japan,18385,2021/12/28
Japan,18383,2021/12/25
Japan,18383,2021/12/26
Japan,18383,2021/12/27
Japan,18382,2021/12/23
Japan,18382,2021/12/24
Japan,18380,2021/12/22
Japan,18378,2021/12/21
Japan,18376,2021/12/20
Japan,18375,2021/12/16
Japan,18375,2021/12/17
Japan,18375,2021/12/18
Japan,18375,2021/12/19
Japan,18372,2021/12/15
Kazakhstan,18211,2021/12/29
Kazakhstan,18199,2021/12/28
Kazakhstan,18190,2021/12/27
Kazakhstan,18160,2021/12/23
Kazakhstan,18160,2021/12/24
Kazakhstan,18160,2021/12/25
Kazakhstan,18160,2021/12/26
Kazakhstan,18145,2021/12/22
Kazakhstan,18137,2021/12/21
Kazakhstan,18119,2021/12/20
Kazakhstan,18098,2021/12/17
Kazakhstan,18098,2021/12/18
Kazakhstan,18098,2021/12/19
Kazakhstan,18088,2021/12/16
Kazakhstan,18078,2021/12/15
Paraguay,16616,2021/12/29
Paraguay,16607,2021/12/27
Paraguay,16607,2021/12/28
Paraguay,16596,2021/12/23
Paraguay,16596,2021/12/24
Paraguay,16596,2021/12/25
Paraguay,16596,2021/12/26
Paraguay,16588,2021/12/21
Paraguay,16588,2021/12/22
Paraguay,16583,2021/12/20
Slovakia,16554,2021/12/29
Paraguay,16523,2021/12/17
Paraguay,16523,2021/12/18
Paraguay,16523,2021/12/19
Paraguay,16517,2021/12/15
Paraguay,16517,2021/12/16
Slovakia,16486,2021/12/28
Slovakia,16445,2021/12/27
Slovakia,16398,2021/12/26
Slovakia,16336,2021/12/25
Slovakia,16290,2021/12/24
Slovakia,16239,2021/12/23
Slovakia,16198,2021/12/22
Slovakia,16129,2021/12/21
Guatemala,16102,2021/12/29
Guatemala,16099,2021/12/28
Guatemala,16098,2021/12/27
Guatemala,16097,2021/12/26
Guatemala,16096,2021/12/25
Guatemala,16095,2021/12/24
Guatemala,16089,2021/12/23
Guatemala,16085,2021/12/22
Guatemala,16081,2021/12/21
Guatemala,16077,2021/12/20
Guatemala,16072,2021/12/19
Slovakia,16068,2021/12/20
Guatemala,16067,2021/12/18
Guatemala,16065,2021/12/17
Guatemala,16061,2021/12/16
Guatemala,16057,2021/12/15
Slovakia,16014,2021/12/19
Slovakia,15931,2021/12/18
Slovakia,15843,2021/12/17
Slovakia,15730,2021/12/16
Slovakia,15621,2021/12/15
Sweden,15297,2021/12/29
Sweden,15286,2021/12/28
Sweden,15265,2021/12/23
Sweden,15265,2021/12/24
Sweden,15265,2021/12/25
Sweden,15265,2021/12/26
Sweden,15265,2021/12/27
Sweden,15259,2021/12/22
Sweden,15242,2021/12/21
Sweden,15231,2021/12/17
Sweden,15231,2021/12/18
Sweden,15231,2021/12/19
Sweden,15231,2021/12/20
Sweden,15226,2021/12/16
Sweden,15221,2021/12/15
Sri Lanka,14944,2021/12/29
Sri Lanka,14923,2021/12/28
Sri Lanka,14901,2021/12/27
Sri Lanka,14884,2021/12/26
Sri Lanka,14871,2021/12/25
Sri Lanka,14852,2021/12/24
Morocco,14842,2021/12/29
Morocco,14837,2021/12/28
Sri Lanka,14832,2021/12/23
Morocco,14832,2021/12/27
Morocco,14828,2021/12/26
Morocco,14827,2021/12/25
Morocco,14825,2021/12/24
Morocco,14823,2021/12/23
Morocco,14817,2021/12/22
Morocco,14814,2021/12/21
Sri Lanka,14811,2021/12/22
Morocco,14810,2021/12/20
Morocco,14809,2021/12/19
Morocco,14808,2021/12/18
Morocco,14804,2021/12/17
Morocco,14802,2021/12/16
Morocco,14798,2021/12/15
Sri Lanka,14795,2021/12/21
Sri Lanka,14771,2021/12/20
Sri Lanka,14752,2021/12/19
Sri Lanka,14734,2021/12/18
Sri Lanka,14720,2021/12/17
Sri Lanka,14698,2021/12/16
Sri Lanka,14677,2021/12/15
Georgia,13707,2021/12/29
Austria,13689,2021/12/29
Austria,13672,2021/12/28
Austria,13650,2021/12/27
Georgia,13646,2021/12/28
Austria,13634,2021/12/26
Austria,13626,2021/12/25
Austria,13617,2021/12/24
Austria,13595,2021/12/23
Georgia,13583,2021/12/27
Austria,13567,2021/12/22
Austria,13538,2021/12/21
Georgia,13512,2021/12/26
Austria,13496,2021/12/20
Austria,13479,2021/12/19
Austria,13462,2021/12/18
Georgia,13443,2021/12/25
Austria,13438,2021/12/17
Bosnia and Herzegovina,13397,2021/12/29
Austria,13386,2021/12/16
Georgia,13367,2021/12/24
Bosnia and Herzegovina,13365,2021/12/28
Austria,13333,2021/12/15
Bosnia and Herzegovina,13325,2021/12/27
Georgia,13289,2021/12/23
Bosnia and Herzegovina,13269,2021/12/24
Bosnia and Herzegovina,13269,2021/12/25
Bosnia and Herzegovina,13269,2021/12/26
Bosnia and Herzegovina,13243,2021/12/23
Bosnia and Herzegovina,13224,2021/12/22
Georgia,13221,2021/12/22
Bosnia and Herzegovina,13204,2021/12/21
Bosnia and Herzegovina,13188,2021/12/20
Georgia,13169,2021/12/21
Bosnia and Herzegovina,13121,2021/12/17
Bosnia and Herzegovina,13121,2021/12/18
Bosnia and Herzegovina,13121,2021/12/19
Georgia,13116,2021/12/20
Bosnia and Herzegovina,13091,2021/12/16
Georgia,13071,2021/12/19
Bosnia and Herzegovina,13064,2021/12/15
Georgia,13024,2021/12/18
Georgia,12971,2021/12/17
Georgia,12918,2021/12/16
Georgia,12879,2021/12/15
Serbia,12665,2021/12/29
Serbia,12645,2021/12/28
Serbia,12621,2021/12/27
Serbia,12594,2021/12/26
Serbia,12568,2021/12/25
Serbia,12544,2021/12/24
Serbia,12518,2021/12/23
Serbia,12488,2021/12/22
Croatia,12466,2021/12/29
Serbia,12461,2021/12/21
Croatia,12425,2021/12/28
Serbia,12401,2021/12/19
Serbia,12401,2021/12/20
Croatia,12375,2021/12/27
Jordan,12372,2021/12/23
Jordan,12372,2021/12/24
Jordan,12372,2021/12/25
Jordan,12372,2021/12/26
Jordan,12372,2021/12/27
Jordan,12372,2021/12/28
Jordan,12372,2021/12/29
Serbia,12364,2021/12/18
Serbia,12336,2021/12/17
Jordan,12329,2021/12/22
Croatia,12325,2021/12/26
Serbia,12306,2021/12/16
Jordan,12300,2021/12/21
Croatia,12279,2021/12/25
Serbia,12275,2021/12/15
Jordan,12268,2021/12/20
Croatia,12232,2021/12/24
Jordan,12230,2021/12/19
Jordan,12191,2021/12/18
Croatia,12179,2021/12/23
Switzerland,12172,2021/12/29
Switzerland,12152,2021/12/28
Jordan,12151,2021/12/17
Croatia,12126,2021/12/22
Jordan,12118,2021/12/16
Switzerland,12114,2021/12/27
Croatia,12090,2021/12/21
Jordan,12078,2021/12/15
Switzerland,12065,2021/12/24
Switzerland,12065,2021/12/26
Switzerland,12064,2021/12/25
Switzerland,12057,2021/12/23
Croatia,12043,2021/12/20
Switzerland,12002,2021/12/22
Croatia,11981,2021/12/19
Switzerland,11981,2021/12/21
Switzerland,11953,2021/12/20
Croatia,11930,2021/12/18
Switzerland,11913,2021/12/19
Switzerland,11910,2021/12/17
Switzerland,11909,2021/12/18
Switzerland,11879,2021/12/16
Croatia,11879,2021/12/17
Switzerland,11854,2021/12/15
Croatia,11825,2021/12/16
Croatia,11779,2021/12/15
Nepal,11590,2021/12/29
Nepal,11588,2021/12/28
Nepal,11586,2021/12/27
Nepal,11585,2021/12/26
Nepal,11583,2021/12/25
Nepal,11582,2021/12/24
Nepal,11581,2021/12/23
Nepal,11579,2021/12/22
Nepal,11577,2021/12/21
Nepal,11574,2021/12/20
Nepal,11573,2021/12/19
Nepal,11572,2021/12/18
Nepal,11570,2021/12/17
Nepal,11567,2021/12/16
Nepal,11565,2021/12/15
Honduras,10433,2021/12/28
Honduras,10433,2021/12/29
Honduras,10431,2021/12/27
Honduras,10429,2021/12/25
Honduras,10429,2021/12/26
Honduras,10423,2021/12/15
Honduras,10423,2021/12/16
Honduras,10423,2021/12/17
Honduras,10423,2021/12/18
Honduras,10423,2021/12/19
Honduras,10423,2021/12/20
Honduras,10423,2021/12/21
Honduras,10423,2021/12/22
Honduras,10423,2021/12/23
Honduras,10423,2021/12/24
Moldova,9667,2021/12/29
Moldova,9645,2021/12/28
Moldova,9625,2021/12/27
Moldova,9613,2021/12/26
Moldova,9605,2021/12/25
Moldova,9589,2021/12/24
Moldova,9575,2021/12/23
Moldova,9557,2021/12/22
Moldova,9540,2021/12/21
Moldova,9521,2021/12/20
Moldova,9493,2021/12/19
Moldova,9482,2021/12/18
Moldova,9466,2021/12/17
Moldova,9450,2021/12/16
Moldova,9434,2021/12/15
Lebanon,9087,2021/12/29
Lebanon,9072,2021/12/28
Lebanon,9057,2021/12/27
Lebanon,9042,2021/12/26
Lebanon,9027,2021/12/25
Lebanon,9012,2021/12/24
Lebanon,8996,2021/12/23
Lebanon,8980,2021/12/22
Lebanon,8965,2021/12/21
Lebanon,8950,2021/12/20
Lebanon,8936,2021/12/19
Lebanon,8924,2021/12/18
Lebanon,8912,2021/12/17
Lebanon,8900,2021/12/16
Lebanon,8886,2021/12/15
Saudi Arabia,8874,2021/12/29
Saudi Arabia,8873,2021/12/28
Saudi Arabia,8872,2021/12/27
Saudi Arabia,8871,2021/12/26
Saudi Arabia,8870,2021/12/25
Saudi Arabia,8869,2021/12/24
Saudi Arabia,8868,2021/12/23
Saudi Arabia,8867,2021/12/22
Saudi Arabia,8865,2021/12/21
Saudi Arabia,8864,2021/12/20
Saudi Arabia,8862,2021/12/19
Saudi Arabia,8861,2021/12/18
Saudi Arabia,8860,2021/12/17
Saudi Arabia,8858,2021/12/16
Saudi Arabia,8857,2021/12/15
Azerbaijan,8332,2021/12/29
Azerbaijan,8324,2021/12/28
Cuba,8321,2021/12/27
Cuba,8321,2021/12/28
Cuba,8321,2021/12/29
Cuba,8320,2021/12/25
Cuba,8320,2021/12/26
Cuba,8317,2021/12/22
Cuba,8317,2021/12/23
Cuba,8317,2021/12/24
Cuba,8316,2021/12/21
Cuba,8315,2021/12/20
Cuba,8314,2021/12/18
Cuba,8314,2021/12/19
Cuba,8313,2021/12/15
Cuba,8313,2021/12/16
Cuba,8313,2021/12/17
Azerbaijan,8308,2021/12/27
Azerbaijan,8297,2021/12/26
Azerbaijan,8284,2021/12/25
Azerbaijan,8269,2021/12/24
Azerbaijan,8257,2021/12/23
Israel,8243,2021/12/28
Israel,8243,2021/12/29
Israel,8242,2021/12/26
Israel,8242,2021/12/27
Israel,8241,2021/12/23
Israel,8241,2021/12/24
Israel,8241,2021/12/25
Israel,8239,2021/12/22
Azerbaijan,8238,2021/12/22
Israel,8232,2021/12/18
Israel,8232,2021/12/19
Israel,8232,2021/12/20
Israel,8232,2021/12/21
Israel,8230,2021/12/16
Israel,8230,2021/12/17
Israel,8227,2021/12/15
Azerbaijan,8222,2021/12/21
Azerbaijan,8208,2021/12/20
Azerbaijan,8199,2021/12/19
Azerbaijan,8182,2021/12/18
Azerbaijan,8167,2021/12/17
Azerbaijan,8149,2021/12/16
Azerbaijan,8137,2021/12/15
Armenia,7970,2021/12/29
Armenia,7965,2021/12/28
Armenia,7950,2021/12/27
Armenia,7943,2021/12/26
Armenia,7942,2021/12/25
Armenia,7939,2021/12/24
Armenia,7936,2021/12/23
North Macedonia,7935,2021/12/29
Armenia,7921,2021/12/22
North Macedonia,7917,2021/12/28
Armenia,7914,2021/12/21
North Macedonia,7907,2021/12/27
North Macedonia,7904,2021/12/26
Armenia,7903,2021/12/20
Armenia,7899,2021/12/19
North Macedonia,7894,2021/12/25
Armenia,7893,2021/12/18
Armenia,7885,2021/12/17
North Macedonia,7879,2021/12/24
Armenia,7874,2021/12/16
North Macedonia,7868,2021/12/23
Armenia,7856,2021/12/15
North Macedonia,7853,2021/12/22
North Macedonia,7838,2021/12/21
North Macedonia,7825,2021/12/20
North Macedonia,7815,2021/12/19
North Macedonia,7801,2021/12/18
North Macedonia,7794,2021/12/17
North Macedonia,7778,2021/12/16
North Macedonia,7768,2021/12/15
Panama,7425,2021/12/29
Panama,7421,2021/12/28
Panama,7418,2021/12/27
Panama,7416,2021/12/26
Panama,7411,2021/12/25
Panama,7406,2021/12/23
Panama,7406,2021/12/24
Panama,7405,2021/12/22
Panama,7400,2021/12/21
Panama,7398,2021/12/17
Panama,7398,2021/12/18
Panama,7398,2021/12/19
Panama,7398,2021/12/20
Panama,7394,2021/12/16
Panama,7391,2021/12/15
Afghanistan,7356,2021/12/29
Afghanistan,7355,2021/12/28
Afghanistan,7354,2021/12/26
Afghanistan,7354,2021/12/27
Costa Rica,7353,2021/12/28
Costa Rica,7353,2021/12/29
Lithuania,7350,2021/12/29
Afghanistan,7349,2021/12/25
Afghanistan,7348,2021/12/24
Afghanistan,7346,2021/12/23
Costa Rica,7343,2021/12/21
Costa Rica,7343,2021/12/22
Costa Rica,7343,2021/12/23
Costa Rica,7343,2021/12/24
Costa Rica,7343,2021/12/25
Costa Rica,7343,2021/12/26
Costa Rica,7343,2021/12/27
Afghanistan,7341,2021/12/22
Costa Rica,7340,2021/12/17
Costa Rica,7340,2021/12/18
Costa Rica,7340,2021/12/19
Costa Rica,7340,2021/12/20
Costa Rica,7336,2021/12/15
Costa Rica,7336,2021/12/16
Afghanistan,7335,2021/12/19
Afghanistan,7335,2021/12/20
Afghanistan,7335,2021/12/21
Afghanistan,7333,2021/12/18
Afghanistan,7332,2021/12/16
Afghanistan,7332,2021/12/17
Afghanistan,7331,2021/12/15
Lithuania,7328,2021/12/28
Lithuania,7304,2021/12/27
Lithuania,7287,2021/12/26
Lithuania,7265,2021/12/25
Lithuania,7249,2021/12/24
Lithuania,7223,2021/12/23
Lithuania,7200,2021/12/22
Lithuania,7169,2021/12/21
Lithuania,7143,2021/12/20
Lithuania,7119,2021/12/19
Lithuania,7097,2021/12/18
Lithuania,7069,2021/12/17
Lithuania,7059,2021/12/16
Lithuania,7039,2021/12/15
Ethiopia,6916,2021/12/29
Ethiopia,6911,2021/12/28
Ethiopia,6904,2021/12/27
Ethiopia,6898,2021/12/26
Ethiopia,6894,2021/12/25
Ethiopia,6888,2021/12/24
Ethiopia,6885,2021/12/23
Ethiopia,6880,2021/12/22
Ethiopia,6877,2021/12/21
Ethiopia,6872,2021/12/20
Ethiopia,6866,2021/12/19
Ethiopia,6861,2021/12/18
Ethiopia,6859,2021/12/17
Ethiopia,6855,2021/12/16
Ethiopia,6846,2021/12/15
Algeria,6263,2021/12/29
Algeria,6254,2021/12/28
Algeria,6246,2021/12/27
Algeria,6238,2021/12/26
Algeria,6229,2021/12/25
Algeria,6222,2021/12/24
Algeria,6213,2021/12/23
Algeria,6205,2021/12/22
Algeria,6198,2021/12/21
Algeria,6190,2021/12/20
Algeria,6184,2021/12/19
Algeria,6180,2021/12/18
Algeria,6175,2021/12/17
Algeria,6171,2021/12/16
Uruguay,6168,2021/12/29
Uruguay,6167,2021/12/28
Algeria,6165,2021/12/15
Uruguay,6165,2021/12/27
Uruguay,6163,2021/12/25
Uruguay,6163,2021/12/26
Uruguay,6162,2021/12/24
Uruguay,6159,2021/12/22
Uruguay,6159,2021/12/23
Uruguay,6157,2021/12/21
Uruguay,6156,2021/12/20
Uruguay,6155,2021/12/19
Uruguay,6153,2021/12/18
Uruguay,6150,2021/12/17
Uruguay,6149,2021/12/16
Uruguay,6147,2021/12/15
Ireland,5912,2021/12/29
Ireland,5890,2021/12/22
Ireland,5890,2021/12/23
Ireland,5890,2021/12/24
Ireland,5890,2021/12/25
Ireland,5890,2021/12/26
Ireland,5890,2021/12/27
Ireland,5890,2021/12/28
Ireland,5835,2021/12/15
Ireland,5835,2021/12/16
Ireland,5835,2021/12/17
Ireland,5835,2021/12/18
Ireland,5835,2021/12/19
Ireland,5835,2021/12/20
Ireland,5835,2021/12/21
Libya,5685,2021/12/29
Libya,5676,2021/12/28
Libya,5665,2021/12/27
Libya,5651,2021/12/26
Libya,5641,2021/12/24
Libya,5641,2021/12/25
Libya,5635,2021/12/23
Libya,5626,2021/12/22
Libya,5615,2021/12/21
Libya,5607,2021/12/20
Libya,5598,2021/12/19
Libya,5589,2021/12/17
Libya,5589,2021/12/18
Libya,5583,2021/12/16
Libya,5576,2021/12/15
Slovenia,5576,2021/12/29
Slovenia,5566,2021/12/28
Slovenia,5552,2021/12/27
Slovenia,5543,2021/12/26
Belarus,5543,2021/12/29
Slovenia,5535,2021/12/25
Slovenia,5529,2021/12/24
Slovenia,5528,2021/12/23
Belarus,5528,2021/12/28
Slovenia,5518,2021/12/22
Slovenia,5512,2021/12/21
Belarus,5512,2021/12/27
Slovenia,5506,2021/12/20
Belarus,5499,2021/12/26
Slovenia,5496,2021/12/19
Belarus,5484,2021/12/25
Slovenia,5483,2021/12/18
Belarus,5466,2021/12/24
Slovenia,5464,2021/12/17
South Korea,5455,2021/12/29
Slovenia,5452,2021/12/16
Belarus,5449,2021/12/23
Slovenia,5444,2021/12/15
Belarus,5432,2021/12/22
Belarus,5415,2021/12/21
Belarus,5399,2021/12/20
Belarus,5385,2021/12/19
South Korea,5382,2021/12/28
Kenya,5372,2021/12/29
Belarus,5371,2021/12/18
Kenya,5364,2021/12/27
Kenya,5364,2021/12/28
Kenya,5361,2021/12/26
Kenya,5359,2021/12/25
Kenya,5357,2021/12/24
Kenya,5356,2021/12/23
Belarus,5355,2021/12/17
Kenya,5355,2021/12/22
Kenya,5354,2021/12/21
Kenya,5353,2021/12/17
Kenya,5353,2021/12/18
Kenya,5353,2021/12/19
Kenya,5353,2021/12/20
Kenya,5350,2021/12/15
Kenya,5350,2021/12/16
South Korea,5346,2021/12/27
Belarus,5338,2021/12/16
Belarus,5322,2021/12/15
Venezuela,5319,2021/12/28
Venezuela,5319,2021/12/29
Venezuela,5314,2021/12/26
Venezuela,5314,2021/12/27
Venezuela,5312,2021/12/24
Venezuela,5312,2021/12/25
Venezuela,5306,2021/12/23
South Korea,5300,2021/12/26
Venezuela,5299,2021/12/22
Venezuela,5291,2021/12/21
Venezuela,5285,2021/12/19
Venezuela,5285,2021/12/20
Venezuela,5272,2021/12/18
Venezuela,5265,2021/12/17
Venezuela,5258,2021/12/16
Venezuela,5250,2021/12/15
South Korea,5245,2021/12/25
South Korea,5176,2021/12/24
South Korea,5071,2021/12/23
South Korea,5015,2021/12/22
Zimbabwe,4940,2021/12/28
Zimbabwe,4940,2021/12/29
Palestine,4919,2021/12/29
Palestine,4912,2021/12/28
Zimbabwe,4908,2021/12/27
Palestine,4907,2021/12/27
South Korea,4906,2021/12/21
Zimbabwe,4891,2021/12/26
Zimbabwe,4885,2021/12/25
Palestine,4884,2021/12/23
Palestine,4884,2021/12/24
Palestine,4884,2021/12/25
Palestine,4884,2021/12/26
Palestine,4882,2021/12/22
Palestine,4875,2021/12/21
Zimbabwe,4871,2021/12/24
Palestine,4870,2021/12/20
Palestine,4855,2021/12/15
Palestine,4855,2021/12/16
Palestine,4855,2021/12/17
Palestine,4855,2021/12/18
Palestine,4855,2021/12/19
Zimbabwe,4855,2021/12/23
South Korea,4828,2021/12/20
Zimbabwe,4828,2021/12/22
Zimbabwe,4819,2021/12/21
Zimbabwe,4805,2021/12/20
Zimbabwe,4782,2021/12/19
Zimbabwe,4779,2021/12/17
Zimbabwe,4779,2021/12/18
South Korea,4776,2021/12/19
Zimbabwe,4759,2021/12/16
Zimbabwe,4745,2021/12/15
South Korea,4722,2021/12/18
South Korea,4644,2021/12/17
China,4636,2021/12/15
China,4636,2021/12/16
China,4636,2021/12/17
China,4636,2021/12/18
China,4636,2021/12/19
China,4636,2021/12/20
China,4636,2021/12/21
China,4636,2021/12/22
China,4636,2021/12/23
China,4636,2021/12/24
China,4636,2021/12/25
China,4636,2021/12/26
China,4636,2021/12/27
China,4636,2021/12/28
China,4636,2021/12/29
South Korea,4591,2021/12/16
Latvia,4553,2021/12/29
Latvia,4529,2021/12/28
South Korea,4518,2021/12/15
Latvia,4507,2021/12/27
Latvia,4503,2021/12/26
Latvia,4500,2021/12/25
Latvia,4494,2021/12/24
Latvia,4489,2021/12/23
Oceania,4488,2021/12/29
Latvia,4477,2021/12/22
Oceania,4473,2021/12/28
Latvia,4466,2021/12/21
Oceania,4463,2021/12/27
Oceania,4456,2021/12/26
Latvia,4454,2021/12/20
Oceania,4450,2021/12/25
Oceania,4447,2021/12/24
Latvia,4444,2021/12/19
Oceania,4441,2021/12/23
Latvia,4438,2021/12/18
Oceania,4432,2021/12/22
Latvia,4430,2021/12/17
Oceania,4421,2021/12/21
Latvia,4419,2021/12/16
Oceania,4413,2021/12/20
Latvia,4408,2021/12/15
Oceania,4405,2021/12/18
Oceania,4405,2021/12/19
Oceania,4401,2021/12/17
Oceania,4391,2021/12/16
Oceania,4382,2021/12/15
Dominican Republic,4246,2021/12/29
Dominican Republic,4238,2021/12/26
Dominican Republic,4238,2021/12/27
Dominican Republic,4238,2021/12/28
Dominican Republic,4237,2021/12/25
Dominican Republic,4234,2021/12/24
Dominican Republic,4228,2021/12/23
Dominican Republic,4223,2021/12/18
Dominican Republic,4223,2021/12/19
Dominican Republic,4223,2021/12/20
Dominican Republic,4223,2021/12/21
Dominican Republic,4223,2021/12/22
Dominican Republic,4222,2021/12/17
Dominican Republic,4220,2021/12/15
Dominican Republic,4220,2021/12/16
Oman,4116,2021/12/29
Oman,4114,2021/12/26
Oman,4114,2021/12/27
Oman,4114,2021/12/28
Oman,4113,2021/12/15
Oman,4113,2021/12/16
Oman,4113,2021/12/17
Oman,4113,2021/12/18
Oman,4113,2021/12/19
Oman,4113,2021/12/20
Oman,4113,2021/12/21
Oman,4113,2021/12/22
Oman,4113,2021/12/23
Oman,4113,2021/12/24
Oman,4113,2021/12/25
El Salvador,3821,2021/12/29
El Salvador,3820,2021/12/27
El Salvador,3820,2021/12/28
El Salvador,3818,2021/12/25
El Salvador,3818,2021/12/26
El Salvador,3817,2021/12/24
El Salvador,3815,2021/12/23
El Salvador,3812,2021/12/22
El Salvador,3810,2021/12/21
El Salvador,3809,2021/12/20
El Salvador,3807,2021/12/19
El Salvador,3805,2021/12/18
El Salvador,3803,2021/12/17
El Salvador,3802,2021/12/16
El Salvador,3800,2021/12/15
Zambia,3726,2021/12/29
Zambia,3716,2021/12/28
Zambia,3709,2021/12/27
Zambia,3702,2021/12/26
Zambia,3697,2021/12/25
Zambia,3691,2021/12/24
Zambia,3688,2021/12/23
Zambia,3685,2021/12/21
Zambia,3685,2021/12/22
Zambia,3684,2021/12/20
Zambia,3679,2021/12/19
Zambia,3678,2021/12/18
Zambia,3674,2021/12/17
Zambia,3673,2021/12/16
Zambia,3671,2021/12/15
Namibia,3616,2021/12/29
Namibia,3613,2021/12/28
Namibia,3611,2021/12/27
Namibia,3610,2021/12/26
Namibia,3608,2021/12/25
Namibia,3601,2021/12/24
Namibia,3593,2021/12/22
Namibia,3593,2021/12/23
Namibia,3583,2021/12/20
Namibia,3583,2021/12/21
Namibia,3582,2021/12/19
Namibia,3581,2021/12/18
Namibia,3580,2021/12/17
Namibia,3579,2021/12/16
Namibia,3578,2021/12/15
Sudan,3331,2021/12/29
Sudan,3298,2021/12/22
Sudan,3298,2021/12/23
Sudan,3298,2021/12/24
Sudan,3298,2021/12/25
Sudan,3298,2021/12/26
Sudan,3298,2021/12/27
Sudan,3298,2021/12/28
Sudan,3296,2021/12/21
Sudan,3295,2021/12/20
Uganda,3287,2021/12/29
Uganda,3285,2021/12/28
Uganda,3280,2021/12/27
Uganda,3275,2021/12/26
Uganda,3274,2021/12/20
Uganda,3274,2021/12/21
Uganda,3274,2021/12/22
Uganda,3274,2021/12/23
Uganda,3274,2021/12/24
Uganda,3274,2021/12/25
Uganda,3273,2021/12/19
Uganda,3272,2021/12/17
Uganda,3272,2021/12/18
Uganda,3271,2021/12/16
Uganda,3269,2021/12/15
Sudan,3252,2021/12/15
Sudan,3252,2021/12/16
Sudan,3252,2021/12/17
Sudan,3252,2021/12/18
Sudan,3252,2021/12/19
Denmark,3247,2021/12/29
Denmark,3231,2021/12/28
Denmark,3217,2021/12/27
Albania,3212,2021/12/29
Albania,3207,2021/12/28
Albania,3194,2021/12/26
Albania,3194,2021/12/27
Albania,3189,2021/12/25
Albania,3187,2021/12/24
Denmark,3187,2021/12/24
Denmark,3187,2021/12/25
Denmark,3187,2021/12/26
Albania,3181,2021/12/23
Albania,3180,2021/12/22
Albania,3178,2021/12/21
Denmark,3173,2021/12/23
Albania,3172,2021/12/20
Albania,3166,2021/12/19
Albania,3161,2021/12/18
Albania,3158,2021/12/17
Denmark,3158,2021/12/22
Albania,3156,2021/12/16
Albania,3152,2021/12/15
Denmark,3144,2021/12/21
Denmark,3084,2021/12/20
Denmark,3076,2021/12/19
Denmark,3067,2021/12/18
Denmark,3054,2021/12/17
Denmark,3051,2021/12/16
Denmark,3039,2021/12/15
Nigeria,3030,2021/12/29
Nigeria,3027,2021/12/28
Nigeria,3024,2021/12/27
Nigeria,3022,2021/12/26
Nigeria,3014,2021/12/25
Cambodia,3011,2021/12/29
Cambodia,3010,2021/12/28
Cambodia,3009,2021/12/27
Cambodia,3008,2021/12/25
Cambodia,3008,2021/12/26
Cambodia,3007,2021/12/24
Cambodia,3006,2021/12/22
Cambodia,3006,2021/12/23
Cambodia,3005,2021/12/19
Cambodia,3005,2021/12/20
Cambodia,3005,2021/12/21
Cambodia,3003,2021/12/18
Cambodia,3001,2021/12/17
Cambodia,2998,2021/12/16
Cambodia,2995,2021/12/15
Nigeria,2993,2021/12/24
Nigeria,2991,2021/12/22
Nigeria,2991,2021/12/23
Kosovo,2990,2021/12/26
Kosovo,2990,2021/12/27
Kosovo,2990,2021/12/28
Kosovo,2990,2021/12/29
Kosovo,2989,2021/12/18
Kosovo,2989,2021/12/19
Kosovo,2989,2021/12/20
Kosovo,2989,2021/12/21
Kosovo,2989,2021/12/22
Kosovo,2989,2021/12/23
Kosovo,2989,2021/12/24
Kosovo,2989,2021/12/25
Kosovo,2988,2021/12/15
Kosovo,2988,2021/12/16
Kosovo,2988,2021/12/17
Nigeria,2985,2021/12/20
Nigeria,2985,2021/12/21
Nigeria,2984,2021/12/17
Nigeria,2984,2021/12/18
Nigeria,2984,2021/12/19
Nigeria,2983,2021/12/15
Nigeria,2983,2021/12/16
Syria,2889,2021/12/29
Syria,2884,2021/12/28
Syria,2879,2021/12/27
Syria,2875,2021/12/26
Syria,2871,2021/12/25
Syria,2867,2021/12/24
Syria,2863,2021/12/23
Syria,2859,2021/12/22
Syria,2855,2021/12/21
Syria,2850,2021/12/20
Syria,2846,2021/12/19
Syria,2841,2021/12/18
Syria,2837,2021/12/17
Syria,2833,2021/12/16
Syria,2828,2021/12/15
Trinidad and Tobago,2825,2021/12/29
Trinidad and Tobago,2809,2021/12/28
Kyrgyzstan,2799,2021/12/29
Kyrgyzstan,2798,2021/12/28
Kyrgyzstan,2797,2021/12/26
Kyrgyzstan,2797,2021/12/27
Trinidad and Tobago,2793,2021/12/27
Kyrgyzstan,2792,2021/12/24
Kyrgyzstan,2792,2021/12/25
Kyrgyzstan,2788,2021/12/22
Kyrgyzstan,2788,2021/12/23
Kyrgyzstan,2786,2021/12/21
Kyrgyzstan,2784,2021/12/20
Kyrgyzstan,2783,2021/12/19
Kyrgyzstan,2781,2021/12/18
Kyrgyzstan,2779,2021/12/17
Kyrgyzstan,2777,2021/12/16
Kyrgyzstan,2775,2021/12/15
Trinidad and Tobago,2768,2021/12/26
Trinidad and Tobago,2738,2021/12/25
Trinidad and Tobago,2718,2021/12/24
Trinidad and Tobago,2681,2021/12/23
Trinidad and Tobago,2662,2021/12/22
Trinidad and Tobago,2639,2021/12/21
Trinidad and Tobago,2612,2021/12/20
Trinidad and Tobago,2580,2021/12/19
Trinidad and Tobago,2560,2021/12/18
Trinidad and Tobago,2527,2021/12/17
Trinidad and Tobago,2503,2021/12/16
Trinidad and Tobago,2486,2021/12/15
Kuwait,2468,2021/12/25
Kuwait,2468,2021/12/26
Kuwait,2468,2021/12/27
Kuwait,2468,2021/12/28
Kuwait,2468,2021/12/29
Kuwait,2467,2021/12/23
Kuwait,2467,2021/12/24
Kuwait,2466,2021/12/15
Kuwait,2466,2021/12/16
Kuwait,2466,2021/12/17
Kuwait,2466,2021/12/18
Kuwait,2466,2021/12/19
Kuwait,2466,2021/12/20
Kuwait,2466,2021/12/21
Kuwait,2466,2021/12/22
Jamaica,2464,2021/12/28
Jamaica,2464,2021/12/29
Jamaica,2463,2021/12/26
Jamaica,2463,2021/12/27
Jamaica,2462,2021/12/24
Jamaica,2462,2021/12/25
Jamaica,2461,2021/12/23
Jamaica,2450,2021/12/21
Jamaica,2450,2021/12/22
Jamaica,2449,2021/12/20
Jamaica,2444,2021/12/18
Jamaica,2444,2021/12/19
Jamaica,2441,2021/12/17
Botswana,2439,2021/12/27
Botswana,2439,2021/12/28
Botswana,2439,2021/12/29
Jamaica,2433,2021/12/16
Jamaica,2432,2021/12/15
Botswana,2427,2021/12/23
Botswana,2427,2021/12/24
Botswana,2427,2021/12/25
Botswana,2427,2021/12/26
Botswana,2425,2021/12/16
Botswana,2425,2021/12/17
Botswana,2425,2021/12/18
Botswana,2425,2021/12/19
Botswana,2425,2021/12/20
Botswana,2425,2021/12/21
Botswana,2425,2021/12/22
Botswana,2424,2021/12/15
Montenegro,2402,2021/12/28
Montenegro,2401,2021/12/29
Montenegro,2395,2021/12/27
Montenegro,2394,2021/12/26
Montenegro,2389,2021/12/25
Montenegro,2388,2021/12/23
Montenegro,2388,2021/12/24
Montenegro,2386,2021/12/22
Montenegro,2380,2021/12/21
Montenegro,2378,2021/12/20
Montenegro,2375,2021/12/19
Montenegro,2373,2021/12/18
Montenegro,2372,2021/12/17
Montenegro,2367,2021/12/16
Montenegro,2365,2021/12/15
Malawi,2350,2021/12/29
Malawi,2343,2021/12/28
Malawi,2337,2021/12/27
Malawi,2332,2021/12/26
Malawi,2328,2021/12/25
Malawi,2322,2021/12/24
Malawi,2319,2021/12/23
Malawi,2317,2021/12/22
Malawi,2313,2021/12/20
Malawi,2313,2021/12/21
Malawi,2311,2021/12/16
Malawi,2311,2021/12/17
Malawi,2311,2021/12/18
Malawi,2311,2021/12/19
Malawi,2310,2021/12/15
Australia,2224,2021/12/29
Australia,2210,2021/12/28
Australia,2202,2021/12/27
Australia,2196,2021/12/26
Australia,2190,2021/12/25
Australia,2188,2021/12/24
Australia,2182,2021/12/23
Australia,2173,2021/12/22
Australia,2162,2021/12/21
United Arab Emirates,2160,2021/12/28
United Arab Emirates,2160,2021/12/29
United Arab Emirates,2159,2021/12/27
United Arab Emirates,2158,2021/12/26
United Arab Emirates,2156,2021/12/25
United Arab Emirates,2155,2021/12/24
Australia,2154,2021/12/20
United Arab Emirates,2154,2021/12/21
United Arab Emirates,2154,2021/12/22
United Arab Emirates,2154,2021/12/23
United Arab Emirates,2152,2021/12/20
United Arab Emirates,2151,2021/12/15
United Arab Emirates,2151,2021/12/16
United Arab Emirates,2151,2021/12/17
United Arab Emirates,2151,2021/12/18
United Arab Emirates,2151,2021/12/19
Australia,2146,2021/12/18
Australia,2146,2021/12/19
Australia,2142,2021/12/17
Australia,2134,2021/12/16
Australia,2126,2021/12/15
Mongolia,2058,2021/12/29
Mongolia,2056,2021/12/27
Mongolia,2056,2021/12/28
Mongolia,2055,2021/12/26
Mongolia,2054,2021/12/24
Mongolia,2054,2021/12/25
Mongolia,2051,2021/12/22
Mongolia,2051,2021/12/23
Mongolia,2050,2021/12/21
Mongolia,2045,2021/12/19
Mongolia,2045,2021/12/20
Mongolia,2043,2021/12/18
Mongolia,2041,2021/12/16
Mongolia,2041,2021/12/17
Mongolia,2039,2021/12/15
Mozambique,1988,2021/12/29
Yemen,1984,2021/12/27
Yemen,1984,2021/12/28
Yemen,1984,2021/12/29
Yemen,1983,2021/12/25
Yemen,1983,2021/12/26
Yemen,1982,2021/12/24
Yemen,1981,2021/12/22
Yemen,1981,2021/12/23
Yemen,1977,2021/12/20
Yemen,1977,2021/12/21
Yemen,1976,2021/12/18
Yemen,1976,2021/12/19
Mozambique,1976,2021/12/28
Yemen,1974,2021/12/17
Yemen,1973,2021/12/15
Yemen,1973,2021/12/16
Mozambique,1973,2021/12/27
Mozambique,1968,2021/12/26
Mozambique,1967,2021/12/25
Mozambique,1965,2021/12/24
Mozambique,1961,2021/12/23
Mozambique,1960,2021/12/22
Mozambique,1957,2021/12/21
Mozambique,1952,2021/12/19
Mozambique,1952,2021/12/20
Mozambique,1948,2021/12/16
Mozambique,1948,2021/12/17
Mozambique,1948,2021/12/18
Mozambique,1946,2021/12/15
Estonia,1922,2021/12/29
Estonia,1918,2021/12/28
Estonia,1916,2021/12/27
Estonia,1909,2021/12/26
Estonia,1907,2021/12/24
Estonia,1907,2021/12/25
Estonia,1899,2021/12/23
Estonia,1895,2021/12/22
Estonia,1893,2021/12/21
Senegal,1890,2021/12/22
Senegal,1890,2021/12/23
Senegal,1890,2021/12/24
Senegal,1890,2021/12/25
Senegal,1890,2021/12/26
Senegal,1890,2021/12/27
Senegal,1890,2021/12/28
Senegal,1890,2021/12/29
Estonia,1888,2021/12/20
Senegal,1886,2021/12/15
Senegal,1886,2021/12/16
Senegal,1886,2021/12/17
Senegal,1886,2021/12/18
Senegal,1886,2021/12/19
Senegal,1886,2021/12/20
Senegal,1886,2021/12/21
Estonia,1884,2021/12/19
Estonia,1882,2021/12/18
Estonia,1874,2021/12/17
Estonia,1869,2021/12/15
Estonia,1869,2021/12/16
Cameroon,1851,2021/12/23
Cameroon,1851,2021/12/24
Cameroon,1851,2021/12/25
Cameroon,1851,2021/12/26
Cameroon,1851,2021/12/27
Cameroon,1851,2021/12/28
Cameroon,1851,2021/12/29
Cameroon,1846,2021/12/22
Cameroon,1841,2021/12/20
Cameroon,1841,2021/12/21
Cameroon,1836,2021/12/15
Cameroon,1836,2021/12/16
Cameroon,1836,2021/12/17
Cameroon,1836,2021/12/18
Cameroon,1836,2021/12/19
Angola,1760,2021/12/29
Angola,1756,2021/12/28
Angola,1749,2021/12/26
Angola,1749,2021/12/27
Angola,1746,2021/12/24
Angola,1746,2021/12/25
Angola,1743,2021/12/23
Angola,1741,2021/12/22
Angola,1738,2021/12/17
Angola,1738,2021/12/18
Angola,1738,2021/12/19
Angola,1738,2021/12/20
Angola,1738,2021/12/21
Angola,1737,2021/12/15
Angola,1737,2021/12/16
Finland,1548,2021/12/29
Finland,1526,2021/12/28
Finland,1523,2021/12/27
Finland,1507,2021/12/24
Finland,1507,2021/12/25
Finland,1507,2021/12/26
Finland,1504,2021/12/23
Finland,1501,2021/12/22
Finland,1495,2021/12/21
Finland,1493,2021/12/20
Uzbekistan,1485,2021/12/29
Uzbekistan,1484,2021/12/28
Uzbekistan,1481,2021/12/27
Uzbekistan,1479,2021/12/26
Uzbekistan,1477,2021/12/25
Uzbekistan,1475,2021/12/24
Uzbekistan,1471,2021/12/23
Uzbekistan,1468,2021/12/22
Uzbekistan,1465,2021/12/21
Uzbekistan,1461,2021/12/20
Uzbekistan,1458,2021/12/19
Uzbekistan,1456,2021/12/18
Finland,1454,2021/12/17
Finland,1454,2021/12/18
Finland,1454,2021/12/19
Uzbekistan,1453,2021/12/17
Finland,1450,2021/12/16
Uzbekistan,1449,2021/12/16
Finland,1446,2021/12/15
Uzbekistan,1445,2021/12/15
Bahrain,1394,2021/12/15
Bahrain,1394,2021/12/16
Bahrain,1394,2021/12/17
Bahrain,1394,2021/12/18
Bahrain,1394,2021/12/19
Bahrain,1394,2021/12/20
Bahrain,1394,2021/12/21
Bahrain,1394,2021/12/22
Bahrain,1394,2021/12/23
Bahrain,1394,2021/12/24
Bahrain,1394,2021/12/25
Bahrain,1394,2021/12/26
Bahrain,1394,2021/12/27
Bahrain,1394,2021/12/28
Bahrain,1394,2021/12/29
Rwanda,1349,2021/12/29
Rwanda,1348,2021/12/27
Rwanda,1348,2021/12/28
Rwanda,1347,2021/12/26
Rwanda,1346,2021/12/25
Rwanda,1345,2021/12/20
Rwanda,1345,2021/12/21
Rwanda,1345,2021/12/22
Rwanda,1345,2021/12/23
Rwanda,1345,2021/12/24
Rwanda,1344,2021/12/15
Rwanda,1344,2021/12/16
Rwanda,1344,2021/12/17
Rwanda,1344,2021/12/18
Rwanda,1344,2021/12/19
Somalia,1333,2021/12/15
Somalia,1333,2021/12/16
Somalia,1333,2021/12/17
Somalia,1333,2021/12/18
Somalia,1333,2021/12/19
Somalia,1333,2021/12/20
Somalia,1333,2021/12/21
Somalia,1333,2021/12/22
Somalia,1333,2021/12/23
Somalia,1333,2021/12/24
Somalia,1333,2021/12/25
Somalia,1333,2021/12/26
Somalia,1333,2021/12/27
Somalia,1333,2021/12/28
Somalia,1333,2021/12/29
Norway,1305,2021/12/29
Eswatini,1296,2021/12/29
Eswatini,1292,2021/12/28
Ghana,1287,2021/12/29
Eswatini,1284,2021/12/27
Ghana,1283,2021/12/28
Ghana,1280,2021/12/27
Eswatini,1277,2021/12/26
Ghana,1274,2021/12/26
Eswatini,1272,2021/12/24
Eswatini,1272,2021/12/25
Eswatini,1269,2021/12/23
Ghana,1269,2021/12/23
Ghana,1269,2021/12/24
Ghana,1269,2021/12/25
Eswatini,1267,2021/12/22
Eswatini,1265,2021/12/21
Ghana,1265,2021/12/22
Eswatini,1263,2021/12/20
Eswatini,1261,2021/12/19
Ghana,1261,2021/12/21
Eswatini,1260,2021/12/18
Eswatini,1258,2021/12/17
Norway,1258,2021/12/27
Norway,1258,2021/12/28
Ghana,1257,2021/12/20
Norway,1257,2021/12/22
Norway,1257,2021/12/23
Norway,1257,2021/12/24
Norway,1257,2021/12/25
Norway,1257,2021/12/26
Eswatini,1255,2021/12/16
Ghana,1255,2021/12/16
Ghana,1255,2021/12/17
Ghana,1255,2021/12/18
Ghana,1255,2021/12/19
Eswatini,1254,2021/12/15
Ghana,1253,2021/12/15
Norway,1209,2021/12/21
Norway,1207,2021/12/20
Democratic Republic of Congo,1205,2021/12/27
Democratic Republic of Congo,1205,2021/12/28
Democratic Republic of Congo,1205,2021/12/29
Norway,1204,2021/12/17
Norway,1204,2021/12/18
Norway,1204,2021/12/19
Norway,1202,2021/12/15
Norway,1202,2021/12/16
Suriname,1189,2021/12/29
Suriname,1188,2021/12/28
Suriname,1187,2021/12/27
Suriname,1186,2021/12/21
Suriname,1186,2021/12/22
Suriname,1186,2021/12/23
Suriname,1186,2021/12/24
Suriname,1186,2021/12/25
Suriname,1186,2021/12/26
Suriname,1185,2021/12/19
Suriname,1185,2021/12/20
Suriname,1183,2021/12/18
Suriname,1180,2021/12/17
Suriname,1179,2021/12/15
Suriname,1179,2021/12/16
Democratic Republic of Congo,1126,2021/12/16
Democratic Republic of Congo,1126,2021/12/17
Democratic Republic of Congo,1126,2021/12/18
Democratic Republic of Congo,1126,2021/12/19
Democratic Republic of Congo,1126,2021/12/20
Democratic Republic of Congo,1126,2021/12/21
Democratic Republic of Congo,1126,2021/12/22
Democratic Republic of Congo,1126,2021/12/23
Democratic Republic of Congo,1126,2021/12/24
Democratic Republic of Congo,1126,2021/12/25
Democratic Republic of Congo,1126,2021/12/26
Democratic Republic of Congo,1118,2021/12/15
Guyana,1051,2021/12/29
Guyana,1050,2021/12/27
Guyana,1050,2021/12/28
Guyana,1048,2021/12/26
Guyana,1045,2021/12/25
Guyana,1042,2021/12/23
Guyana,1042,2021/12/24
Guyana,1040,2021/12/22
Guyana,1039,2021/12/21
Guyana,1033,2021/12/20
Guyana,1030,2021/12/19
Guyana,1028,2021/12/17
Guyana,1028,2021/12/18
Madagascar,1027,2021/12/25
Madagascar,1027,2021/12/26
Madagascar,1027,2021/12/27
Madagascar,1027,2021/12/28
Madagascar,1027,2021/12/29
Guyana,1026,2021/12/16
Guyana,1025,2021/12/15
Madagascar,996,2021/12/18
Madagascar,996,2021/12/19
Madagascar,996,2021/12/20
Madagascar,996,2021/12/21
Madagascar,996,2021/12/22
Madagascar,996,2021/12/23
Madagascar,996,2021/12/24
Madagascar,980,2021/12/15
Madagascar,980,2021/12/16
Madagascar,980,2021/12/17
Luxembourg,911,2021/12/29
Luxembourg,910,2021/12/27
Luxembourg,910,2021/12/28
Luxembourg,907,2021/12/23
Luxembourg,907,2021/12/24
Luxembourg,907,2021/12/25
Luxembourg,907,2021/12/26
Luxembourg,906,2021/12/22
Luxembourg,904,2021/12/21
Luxembourg,903,2021/12/20
Luxembourg,898,2021/12/17
Luxembourg,898,2021/12/18
Luxembourg,898,2021/12/19
Luxembourg,897,2021/12/16
Luxembourg,896,2021/12/15
Mauritania,862,2021/12/25
Mauritania,862,2021/12/26
Mauritania,862,2021/12/27
Mauritania,862,2021/12/28
Mauritania,862,2021/12/29
Mauritania,861,2021/12/24
Mauritania,860,2021/12/23
Mauritania,859,2021/12/22
Mauritania,857,2021/12/21
Mauritania,855,2021/12/20
Mauritania,853,2021/12/19
Mauritania,852,2021/12/15
Mauritania,852,2021/12/16
Mauritania,852,2021/12/17
Mauritania,852,2021/12/18
Singapore,826,2021/12/29
Singapore,825,2021/12/27
Singapore,825,2021/12/28
Singapore,822,2021/12/26
Singapore,821,2021/12/25
Singapore,820,2021/12/23
Singapore,820,2021/12/24
Singapore,818,2021/12/22
Singapore,817,2021/12/21
Singapore,815,2021/12/20
Singapore,813,2021/12/19
Singapore,810,2021/12/18
Singapore,809,2021/12/17
Singapore,808,2021/12/16
Singapore,807,2021/12/15
Haiti,766,2021/12/27
Haiti,766,2021/12/28
Haiti,766,2021/12/29
Haiti,765,2021/12/16
Haiti,765,2021/12/17
Haiti,765,2021/12/18
Haiti,765,2021/12/19
Haiti,765,2021/12/20
Haiti,765,2021/12/21
Haiti,765,2021/12/22
Haiti,765,2021/12/23
Haiti,765,2021/12/24
Haiti,765,2021/12/25
Haiti,765,2021/12/26
Haiti,762,2021/12/15
Tanzania,737,2021/12/29
Tanzania,734,2021/12/15
Tanzania,734,2021/12/16
Tanzania,734,2021/12/17
Tanzania,734,2021/12/18
Tanzania,734,2021/12/19
Tanzania,734,2021/12/20
Tanzania,734,2021/12/21
Tanzania,734,2021/12/22
Tanzania,734,2021/12/23
Tanzania,734,2021/12/24
Tanzania,734,2021/12/25
Tanzania,734,2021/12/26
Tanzania,734,2021/12/27
Tanzania,734,2021/12/28
Bahamas,713,2021/12/16
Bahamas,713,2021/12/17
Bahamas,713,2021/12/18
Bahamas,713,2021/12/19
Bahamas,713,2021/12/20
Bahamas,713,2021/12/21
Bahamas,713,2021/12/22
Bahamas,713,2021/12/23
Bahamas,713,2021/12/24
Bahamas,713,2021/12/25
Bahamas,713,2021/12/26
Bahamas,713,2021/12/27
Bahamas,713,2021/12/28
Bahamas,713,2021/12/29
Bahamas,708,2021/12/15
Cote d'Ivoire,708,2021/12/29
Cote d'Ivoire,707,2021/12/23
Cote d'Ivoire,707,2021/12/24
Cote d'Ivoire,707,2021/12/25
Cote d'Ivoire,707,2021/12/26
Cote d'Ivoire,707,2021/12/27
Cote d'Ivoire,707,2021/12/28
Cote d'Ivoire,706,2021/12/15
Cote d'Ivoire,706,2021/12/16
Cote d'Ivoire,706,2021/12/17
Cote d'Ivoire,706,2021/12/18
Cote d'Ivoire,706,2021/12/19
Cote d'Ivoire,706,2021/12/20
Cote d'Ivoire,706,2021/12/21
Cote d'Ivoire,706,2021/12/22
Fiji,698,2021/12/29
Fiji,697,2021/12/15
Fiji,697,2021/12/16
Fiji,697,2021/12/17
Fiji,697,2021/12/18
Fiji,697,2021/12/19
Fiji,697,2021/12/20
Fiji,697,2021/12/21
Fiji,697,2021/12/22
Fiji,697,2021/12/23
Fiji,697,2021/12/24
Fiji,697,2021/12/25
Fiji,697,2021/12/26
Fiji,697,2021/12/27
Fiji,697,2021/12/28
Lesotho,665,2021/12/15
Lesotho,665,2021/12/16
Lesotho,665,2021/12/17
Lesotho,665,2021/12/18
Lesotho,665,2021/12/19
Lesotho,665,2021/12/20
Lesotho,665,2021/12/21
Lesotho,665,2021/12/22
Lesotho,665,2021/12/23
Lesotho,665,2021/12/24
Lesotho,665,2021/12/25
Lesotho,665,2021/12/26
Lesotho,665,2021/12/27
Lesotho,665,2021/12/28
Lesotho,665,2021/12/29
Mali,658,2021/12/27
Mali,658,2021/12/28
Mali,658,2021/12/29
Mali,654,2021/12/26
Mali,653,2021/12/25
Mali,652,2021/12/23
Mali,652,2021/12/24
Mali,648,2021/12/22
Mali,647,2021/12/21
Mali,646,2021/12/20
Mali,639,2021/12/18
Mali,639,2021/12/19
Mali,637,2021/12/17
French Polynesia,636,2021/12/15
French Polynesia,636,2021/12/16
French Polynesia,636,2021/12/17
French Polynesia,636,2021/12/18
French Polynesia,636,2021/12/19
French Polynesia,636,2021/12/20
French Polynesia,636,2021/12/21
French Polynesia,636,2021/12/22
French Polynesia,636,2021/12/23
French Polynesia,636,2021/12/24
French Polynesia,636,2021/12/25
French Polynesia,636,2021/12/26
French Polynesia,636,2021/12/27
French Polynesia,636,2021/12/28
French Polynesia,636,2021/12/29
Cyprus,635,2021/12/29
Mali,634,2021/12/15
Mali,634,2021/12/16
Cyprus,630,2021/12/27
Cyprus,630,2021/12/28
Cyprus,628,2021/12/25
Cyprus,628,2021/12/26
Cyprus,627,2021/12/24
Cyprus,625,2021/12/23
Cyprus,624,2021/12/22
Cyprus,623,2021/12/20
Cyprus,623,2021/12/21
Cyprus,620,2021/12/19
Cyprus,619,2021/12/18
Cyprus,617,2021/12/17
Cyprus,616,2021/12/16
Qatar,616,2021/12/27
Qatar,616,2021/12/28
Qatar,616,2021/12/29
Qatar,615,2021/12/26
Cyprus,614,2021/12/15
Qatar,614,2021/12/15
Qatar,614,2021/12/16
Qatar,614,2021/12/17
Qatar,614,2021/12/18
Qatar,614,2021/12/19
Qatar,614,2021/12/20
Qatar,614,2021/12/21
Qatar,614,2021/12/22
Qatar,614,2021/12/23
Qatar,614,2021/12/24
Qatar,614,2021/12/25
Belize,597,2021/12/28
Belize,597,2021/12/29
Belize,592,2021/12/23
Belize,592,2021/12/24
Belize,592,2021/12/25
Belize,592,2021/12/26
Belize,592,2021/12/27
Belize,591,2021/12/20
Belize,591,2021/12/21
Belize,591,2021/12/22
Papua New Guinea,590,2021/12/27
Papua New Guinea,590,2021/12/28
Papua New Guinea,590,2021/12/29
Belize,589,2021/12/16
Belize,589,2021/12/17
Papua New Guinea,589,2021/12/17
Belize,589,2021/12/18
Papua New Guinea,589,2021/12/18
Belize,589,2021/12/19
Papua New Guinea,589,2021/12/19
Papua New Guinea,589,2021/12/20
Papua New Guinea,589,2021/12/21
Papua New Guinea,589,2021/12/22
Papua New Guinea,589,2021/12/23
Papua New Guinea,589,2021/12/24
Papua New Guinea,589,2021/12/25
Papua New Guinea,589,2021/12/26
Papua New Guinea,587,2021/12/15
Papua New Guinea,587,2021/12/16
Belize,586,2021/12/15
Malta,476,2021/12/27
Malta,476,2021/12/28
Malta,476,2021/12/29
Malta,475,2021/12/26
Malta,474,2021/12/25
Malta,473,2021/12/22
Malta,473,2021/12/23
Malta,473,2021/12/24
Malta,471,2021/12/15
Malta,471,2021/12/16
Malta,471,2021/12/17
Malta,471,2021/12/18
Malta,471,2021/12/19
Malta,471,2021/12/20
Malta,471,2021/12/21
Guinea,389,2021/12/22
Guinea,389,2021/12/23
Guinea,389,2021/12/24
Guinea,389,2021/12/25
Guinea,389,2021/12/26
Guinea,389,2021/12/27
Guinea,389,2021/12/28
Guinea,389,2021/12/29
Guinea,388,2021/12/15
Guinea,388,2021/12/16
Guinea,388,2021/12/17
Guinea,388,2021/12/18
Guinea,388,2021/12/19
Guinea,388,2021/12/20
Guinea,388,2021/12/21
Congo,367,2021/12/21
Congo,367,2021/12/22
Congo,367,2021/12/23
Congo,367,2021/12/24
Congo,367,2021/12/25
Congo,367,2021/12/26
Congo,367,2021/12/27
Congo,367,2021/12/28
Congo,367,2021/12/29
Congo,365,2021/12/16
Congo,365,2021/12/17
Congo,365,2021/12/18
Congo,365,2021/12/19
Congo,365,2021/12/20
Congo,359,2021/12/15
Laos,355,2021/12/29
Cape Verde,352,2021/12/20
Cape Verde,352,2021/12/21
Cape Verde,352,2021/12/22
Cape Verde,352,2021/12/23
Cape Verde,352,2021/12/24
Cape Verde,352,2021/12/25
Cape Verde,352,2021/12/26
Cape Verde,352,2021/12/27
Cape Verde,352,2021/12/28
Cape Verde,352,2021/12/29
Cape Verde,351,2021/12/15
Cape Verde,351,2021/12/16
Cape Verde,351,2021/12/17
Cape Verde,351,2021/12/18
Cape Verde,351,2021/12/19
Gambia,342,2021/12/15
Gambia,342,2021/12/16
Gambia,342,2021/12/17
Gambia,342,2021/12/18
Gambia,342,2021/12/19
Gambia,342,2021/12/20
Gambia,342,2021/12/21
Gambia,342,2021/12/22
Gambia,342,2021/12/23
Gambia,342,2021/12/24
Gambia,342,2021/12/25
Gambia,342,2021/12/26
Gambia,342,2021/12/27
Gambia,342,2021/12/28
Laos,342,2021/12/28
Gambia,342,2021/12/29
Laos,328,2021/12/27
Laos,325,2021/12/26
Burkina Faso,318,2021/12/28
Burkina Faso,318,2021/12/29
Burkina Faso,317,2021/12/21
Burkina Faso,317,2021/12/22
Burkina Faso,317,2021/12/23
Burkina Faso,317,2021/12/24
Burkina Faso,317,2021/12/25
Laos,317,2021/12/25
Burkina Faso,317,2021/12/26
Burkina Faso,317,2021/12/27
Laos,305,2021/12/24
Burkina Faso,296,2021/12/15
Burkina Faso,296,2021/12/16
Burkina Faso,296,2021/12/17
Burkina Faso,296,2021/12/18
Burkina Faso,296,2021/12/19
Burkina Faso,296,2021/12/20
Saint Lucia,295,2021/12/21
Saint Lucia,295,2021/12/22
Saint Lucia,295,2021/12/23
Saint Lucia,295,2021/12/24
Saint Lucia,295,2021/12/25
Saint Lucia,295,2021/12/26
Saint Lucia,295,2021/12/27
Saint Lucia,295,2021/12/28
Saint Lucia,295,2021/12/29
Saint Lucia,293,2021/12/19
Saint Lucia,293,2021/12/20
Saint Lucia,291,2021/12/17
Saint Lucia,291,2021/12/18
Laos,288,2021/12/22
Laos,288,2021/12/23
Gabon,288,2021/12/27
Gabon,288,2021/12/28
Gabon,288,2021/12/29
Liberia,287,2021/12/15
Liberia,287,2021/12/16
Liberia,287,2021/12/17
Liberia,287,2021/12/18
Liberia,287,2021/12/19
Liberia,287,2021/12/20
Liberia,287,2021/12/21
Liberia,287,2021/12/22
Liberia,287,2021/12/23
Liberia,287,2021/12/24
Liberia,287,2021/12/25
Liberia,287,2021/12/26
Liberia,287,2021/12/27
Liberia,287,2021/12/28
Liberia,287,2021/12/29
Gabon,286,2021/12/20
Gabon,286,2021/12/21
Gabon,286,2021/12/22
Gabon,286,2021/12/23
Gabon,286,2021/12/24
Gabon,286,2021/12/25
Gabon,286,2021/12/26
Gabon,285,2021/12/15
Saint Lucia,285,2021/12/15
Gabon,285,2021/12/16
Saint Lucia,285,2021/12/16
Gabon,285,2021/12/17
Gabon,285,2021/12/18
Gabon,285,2021/12/19
Laos,284,2021/12/21
New Caledonia,281,2021/12/28
New Caledonia,281,2021/12/29
New Caledonia,280,2021/12/15
New Caledonia,280,2021/12/16
New Caledonia,280,2021/12/17
New Caledonia,280,2021/12/18
New Caledonia,280,2021/12/19
New Caledonia,280,2021/12/20
New Caledonia,280,2021/12/21
New Caledonia,280,2021/12/22
New Caledonia,280,2021/12/23
New Caledonia,280,2021/12/24
New Caledonia,280,2021/12/25
New Caledonia,280,2021/12/26
New Caledonia,280,2021/12/27
Laos,274,2021/12/20
Niger,274,2021/12/24
Niger,274,2021/12/25
Niger,274,2021/12/26
Niger,274,2021/12/27
Niger,274,2021/12/28
Niger,274,2021/12/29
Laos,273,2021/12/19
Niger,273,2021/12/22
Niger,273,2021/12/23
Niger,272,2021/12/18
Niger,272,2021/12/19
Niger,272,2021/12/20
Niger,272,2021/12/21
Niger,271,2021/12/16
Niger,271,2021/12/17
Niger,270,2021/12/15
Laos,268,2021/12/18
Laos,266,2021/12/17
Laos,262,2021/12/16
Maldives,262,2021/12/28
Maldives,262,2021/12/29
Maldives,261,2021/12/23
Maldives,261,2021/12/24
Maldives,261,2021/12/25
Maldives,261,2021/12/26
Maldives,261,2021/12/27
Maldives,260,2021/12/20
Maldives,260,2021/12/21
Maldives,260,2021/12/22
Barbados,260,2021/12/24
Barbados,260,2021/12/25
Barbados,260,2021/12/26
Barbados,260,2021/12/27
Barbados,260,2021/12/28
Barbados,260,2021/12/29
Maldives,259,2021/12/15
Maldives,259,2021/12/16
Maldives,259,2021/12/17
Maldives,259,2021/12/18
Maldives,259,2021/12/19
Barbados,259,2021/12/23
Laos,256,2021/12/15
Barbados,256,2021/12/17
Barbados,256,2021/12/18
Barbados,256,2021/12/19
Barbados,256,2021/12/20
Barbados,256,2021/12/21
Barbados,256,2021/12/22
Barbados,255,2021/12/16
Barbados,254,2021/12/15
Togo,246,2021/12/21
Togo,246,2021/12/22
Togo,246,2021/12/23
Togo,246,2021/12/24
Togo,246,2021/12/25
Togo,246,2021/12/26
Togo,246,2021/12/27
Togo,246,2021/12/28
Togo,246,2021/12/29
Togo,245,2021/12/19
Togo,245,2021/12/20
Togo,244,2021/12/16
Togo,244,2021/12/17
Togo,244,2021/12/18
Togo,243,2021/12/15
Mauritius,240,2021/12/15
Mauritius,240,2021/12/16
Mauritius,240,2021/12/17
Mauritius,240,2021/12/18
Mauritius,240,2021/12/19
Mauritius,240,2021/12/20
Mauritius,240,2021/12/21
Mauritius,240,2021/12/22
Mauritius,240,2021/12/23
Mauritius,240,2021/12/24
Mauritius,240,2021/12/25
Mauritius,240,2021/12/26
Mauritius,240,2021/12/27
Mauritius,240,2021/12/28
Mauritius,240,2021/12/29
Nicaragua,217,2021/12/29
Nicaragua,216,2021/12/22
Nicaragua,216,2021/12/23
Nicaragua,216,2021/12/24
Nicaragua,216,2021/12/25
Nicaragua,216,2021/12/26
Nicaragua,216,2021/12/27
Nicaragua,216,2021/12/28
Nicaragua,215,2021/12/15
Nicaragua,215,2021/12/16
Nicaragua,215,2021/12/17
Nicaragua,215,2021/12/18
Nicaragua,215,2021/12/19
Nicaragua,215,2021/12/20
Nicaragua,215,2021/12/21
Hong Kong,213,2021/12/15
Hong Kong,213,2021/12/16
Hong Kong,213,2021/12/17
Hong Kong,213,2021/12/18
Hong Kong,213,2021/12/19
Hong Kong,213,2021/12/20
Hong Kong,213,2021/12/21
Hong Kong,213,2021/12/22
Hong Kong,213,2021/12/23
Hong Kong,213,2021/12/24
Hong Kong,213,2021/12/25
Hong Kong,213,2021/12/26
Hong Kong,213,2021/12/27
Hong Kong,213,2021/12/28
Hong Kong,213,2021/12/29
Grenada,200,2021/12/15
Grenada,200,2021/12/16
Grenada,200,2021/12/17
Grenada,200,2021/12/18
Grenada,200,2021/12/19
Grenada,200,2021/12/20
Grenada,200,2021/12/21
Grenada,200,2021/12/22
Grenada,200,2021/12/23
Grenada,200,2021/12/24
Grenada,200,2021/12/25
Grenada,200,2021/12/26
Grenada,200,2021/12/27
Grenada,200,2021/12/28
Grenada,200,2021/12/29
Djibouti,189,2021/12/15
Djibouti,189,2021/12/16
Djibouti,189,2021/12/17
Djibouti,189,2021/12/18
Djibouti,189,2021/12/19
Djibouti,189,2021/12/20
Djibouti,189,2021/12/21
Djibouti,189,2021/12/22
Djibouti,189,2021/12/23
Djibouti,189,2021/12/24
Djibouti,189,2021/12/25
Djibouti,189,2021/12/26
Djibouti,189,2021/12/27
Djibouti,189,2021/12/28
Djibouti,189,2021/12/29
Curacao,187,2021/12/29
Curacao,186,2021/12/22
Curacao,186,2021/12/23
Curacao,186,2021/12/24
Curacao,186,2021/12/25
Curacao,186,2021/12/26
Curacao,186,2021/12/27
Curacao,186,2021/12/28
Curacao,184,2021/12/17
Curacao,184,2021/12/18
Curacao,184,2021/12/19
Curacao,184,2021/12/20
Curacao,184,2021/12/21
Curacao,183,2021/12/15
Curacao,183,2021/12/16
Chad,181,2021/12/15
Chad,181,2021/12/16
Chad,181,2021/12/17
Chad,181,2021/12/18
Chad,181,2021/12/19
Chad,181,2021/12/20
Chad,181,2021/12/21
Chad,181,2021/12/22
Aruba,181,2021/12/23
Chad,181,2021/12/23
Aruba,181,2021/12/24
Chad,181,2021/12/24
Aruba,181,2021/12/25
Chad,181,2021/12/25
Aruba,181,2021/12/26
Chad,181,2021/12/26
Aruba,181,2021/12/27
Chad,181,2021/12/27
Aruba,181,2021/12/28
Chad,181,2021/12/28
Aruba,181,2021/12/29
Chad,181,2021/12/29
Aruba,180,2021/12/17
Aruba,180,2021/12/18
Aruba,180,2021/12/19
Aruba,180,2021/12/20
Aruba,180,2021/12/21
Aruba,180,2021/12/22
Aruba,178,2021/12/15
Aruba,178,2021/12/16
Equatorial Guinea,175,2021/12/15
Equatorial Guinea,175,2021/12/16
Equatorial Guinea,175,2021/12/17
Equatorial Guinea,175,2021/12/18
Equatorial Guinea,175,2021/12/19
Equatorial Guinea,175,2021/12/20
Equatorial Guinea,175,2021/12/21
Equatorial Guinea,175,2021/12/22
Equatorial Guinea,175,2021/12/23
Equatorial Guinea,175,2021/12/24
Equatorial Guinea,175,2021/12/25
Equatorial Guinea,175,2021/12/26
Equatorial Guinea,175,2021/12/27
Equatorial Guinea,175,2021/12/28
Equatorial Guinea,175,2021/12/29
Benin,161,2021/12/15
Benin,161,2021/12/16
Benin,161,2021/12/17
Benin,161,2021/12/18
Benin,161,2021/12/19
Benin,161,2021/12/20
Benin,161,2021/12/21
Benin,161,2021/12/22
Benin,161,2021/12/23
Benin,161,2021/12/24
Benin,161,2021/12/25
Benin,161,2021/12/26
Benin,161,2021/12/27
Benin,161,2021/12/28
Benin,161,2021/12/29
Comoros,154,2021/12/28
Comoros,154,2021/12/29
Comoros,153,2021/12/24
Comoros,153,2021/12/25
Comoros,153,2021/12/26
Comoros,153,2021/12/27
Comoros,152,2021/12/20
Comoros,152,2021/12/21
Comoros,152,2021/12/22
Comoros,152,2021/12/23
Comoros,151,2021/12/15
Comoros,151,2021/12/16
Comoros,151,2021/12/17
Comoros,151,2021/12/18
Comoros,151,2021/12/19
Guinea-Bissau,149,2021/12/15
Guinea-Bissau,149,2021/12/16
Guinea-Bissau,149,2021/12/17
Guinea-Bissau,149,2021/12/18
Guinea-Bissau,149,2021/12/19
Guinea-Bissau,149,2021/12/20
Guinea-Bissau,149,2021/12/21
Guinea-Bissau,149,2021/12/22
Guinea-Bissau,149,2021/12/23
Guinea-Bissau,149,2021/12/24
Guinea-Bissau,149,2021/12/25
Guinea-Bissau,149,2021/12/26
Guinea-Bissau,149,2021/12/27
Guinea-Bissau,149,2021/12/28
Guinea-Bissau,149,2021/12/29
Andorra,140,2021/12/28
Andorra,140,2021/12/29
Andorra,139,2021/12/23
Andorra,139,2021/12/24
Andorra,139,2021/12/25
Andorra,139,2021/12/26
Andorra,139,2021/12/27
Andorra,138,2021/12/22
Andorra,137,2021/12/20
Andorra,137,2021/12/21
South Sudan,135,2021/12/23
South Sudan,135,2021/12/24
South Sudan,135,2021/12/25
South Sudan,135,2021/12/26
South Sudan,135,2021/12/27
South Sudan,135,2021/12/28
South Sudan,135,2021/12/29
Andorra,134,2021/12/15
Andorra,134,2021/12/16
Andorra,134,2021/12/17
Andorra,134,2021/12/18
Andorra,134,2021/12/19
Seychelles,134,2021/12/29
South Sudan,133,2021/12/15
South Sudan,133,2021/12/16
South Sudan,133,2021/12/17
South Sudan,133,2021/12/18
South Sudan,133,2021/12/19
South Sudan,133,2021/12/20
South Sudan,133,2021/12/21
South Sudan,133,2021/12/22
Seychelles,131,2021/12/16
Seychelles,131,2021/12/17
Seychelles,131,2021/12/18
Seychelles,131,2021/12/19
Seychelles,131,2021/12/20
Seychelles,131,2021/12/21
Seychelles,131,2021/12/22
Seychelles,131,2021/12/23
Seychelles,131,2021/12/24
Seychelles,131,2021/12/25
Seychelles,131,2021/12/26
Seychelles,131,2021/12/27
Seychelles,131,2021/12/28
Seychelles,129,2021/12/15
Tajikistan,125,2021/12/15
Tajikistan,125,2021/12/16
Tajikistan,125,2021/12/17
Tajikistan,125,2021/12/18
Tajikistan,125,2021/12/19
Tajikistan,125,2021/12/20
Tajikistan,125,2021/12/21
Tajikistan,125,2021/12/22
Tajikistan,125,2021/12/23
Tajikistan,125,2021/12/24
Tajikistan,125,2021/12/25
Tajikistan,125,2021/12/26
Tajikistan,125,2021/12/27
Tajikistan,125,2021/12/28
Tajikistan,125,2021/12/29
Sierra Leone,123,2021/12/23
Sierra Leone,123,2021/12/24
Sierra Leone,123,2021/12/25
Sierra Leone,123,2021/12/26
Sierra Leone,123,2021/12/27
Sierra Leone,123,2021/12/28
Sierra Leone,123,2021/12/29
Timor,122,2021/12/15
Timor,122,2021/12/16
Timor,122,2021/12/17
Timor,122,2021/12/18
Timor,122,2021/12/19
Timor,122,2021/12/20
Timor,122,2021/12/21
Timor,122,2021/12/22
Timor,122,2021/12/23
Timor,122,2021/12/24
Timor,122,2021/12/25
Timor,122,2021/12/26
Timor,122,2021/12/27
Timor,122,2021/12/28
Timor,122,2021/12/29
Sierra Leone,121,2021/12/15
Sierra Leone,121,2021/12/16
Sierra Leone,121,2021/12/17
Sierra Leone,121,2021/12/18
Sierra Leone,121,2021/12/19
Sierra Leone,121,2021/12/20
Sierra Leone,121,2021/12/21
Sierra Leone,121,2021/12/22
Antigua and Barbuda,118,2021/12/23
Antigua and Barbuda,118,2021/12/24
Antigua and Barbuda,118,2021/12/25
Antigua and Barbuda,118,2021/12/26
Antigua and Barbuda,118,2021/12/27
Antigua and Barbuda,118,2021/12/28
Antigua and Barbuda,118,2021/12/29
Antigua and Barbuda,117,2021/12/15
Antigua and Barbuda,117,2021/12/16
Antigua and Barbuda,117,2021/12/17
Antigua and Barbuda,117,2021/12/18
Antigua and Barbuda,117,2021/12/19
Antigua and Barbuda,117,2021/12/20
Antigua and Barbuda,117,2021/12/21
Antigua and Barbuda,117,2021/12/22
Bermuda,106,2021/12/15
Bermuda,106,2021/12/16
Bermuda,106,2021/12/17
Bermuda,106,2021/12/18
Bermuda,106,2021/12/19
Bermuda,106,2021/12/20
Bermuda,106,2021/12/21
Bermuda,106,2021/12/22
Bermuda,106,2021/12/23
Bermuda,106,2021/12/24
Bermuda,106,2021/12/25
Bermuda,106,2021/12/26
Bermuda,106,2021/12/27
Bermuda,106,2021/12/28
Bermuda,106,2021/12/29
Central African Republic,101,2021/12/15
Central African Republic,101,2021/12/16
Central African Republic,101,2021/12/17
Central African Republic,101,2021/12/18
Central African Republic,101,2021/12/19
Central African Republic,101,2021/12/20
Central African Republic,101,2021/12/21
Central African Republic,101,2021/12/22
Central African Republic,101,2021/12/23
Central African Republic,101,2021/12/24
Central African Republic,101,2021/12/25
Central African Republic,101,2021/12/26
Central African Republic,101,2021/12/27
Central African Republic,101,2021/12/28
Central African Republic,101,2021/12/29
Gibraltar,100,2021/12/15
Gibraltar,100,2021/12/16
Gibraltar,100,2021/12/17
Gibraltar,100,2021/12/18
Gibraltar,100,2021/12/19
Gibraltar,100,2021/12/20
Gibraltar,100,2021/12/21
Gibraltar,100,2021/12/22
Gibraltar,100,2021/12/23
Gibraltar,100,2021/12/24
Gibraltar,100,2021/12/25
Gibraltar,100,2021/12/26
Gibraltar,100,2021/12/27
Gibraltar,100,2021/12/28
Gibraltar,100,2021/12/29
San Marino,99,2021/12/29
Brunei,98,2021/12/15
Brunei,98,2021/12/16
Brunei,98,2021/12/17
Brunei,98,2021/12/18
Brunei,98,2021/12/19
Brunei,98,2021/12/20
Brunei,98,2021/12/21
Brunei,98,2021/12/22
Brunei,98,2021/12/23
Brunei,98,2021/12/24
San Marino,98,2021/12/24
Brunei,98,2021/12/25
San Marino,98,2021/12/25
Brunei,98,2021/12/26
San Marino,98,2021/12/26
Brunei,98,2021/12/27
San Marino,98,2021/12/27
Brunei,98,2021/12/28
San Marino,98,2021/12/28
Brunei,98,2021/12/29
San Marino,97,2021/12/22
San Marino,97,2021/12/23
San Marino,96,2021/12/20
San Marino,96,2021/12/21
San Marino,95,2021/12/17
San Marino,95,2021/12/18
San Marino,95,2021/12/19
San Marino,94,2021/12/15
San Marino,94,2021/12/16
Saint Vincent and the Grenadines,81,2021/12/24
Saint Vincent and the Grenadines,81,2021/12/25
Saint Vincent and the Grenadines,81,2021/12/26
Saint Vincent and the Grenadines,81,2021/12/27
Saint Vincent and the Grenadines,81,2021/12/28
Saint Vincent and the Grenadines,81,2021/12/29
Saint Vincent and the Grenadines,79,2021/12/21
Saint Vincent and the Grenadines,79,2021/12/22
Saint Vincent and the Grenadines,79,2021/12/23
Saint Vincent and the Grenadines,77,2021/12/15
Saint Vincent and the Grenadines,77,2021/12/16
Saint Vincent and the Grenadines,77,2021/12/17
Saint Vincent and the Grenadines,77,2021/12/18
Saint Vincent and the Grenadines,77,2021/12/19
Saint Vincent and the Grenadines,77,2021/12/20
Eritrea,74,2021/12/29
Eritrea,73,2021/12/26
Eritrea,73,2021/12/27
Eritrea,73,2021/12/28
Eritrea,72,2021/12/23
Eritrea,72,2021/12/24
Eritrea,72,2021/12/25
Eritrea,70,2021/12/19
Eritrea,70,2021/12/20
Eritrea,70,2021/12/21
Eritrea,70,2021/12/22
Liechtenstein,69,2021/12/23
Liechtenstein,69,2021/12/24
Liechtenstein,69,2021/12/25
Liechtenstein,69,2021/12/26
Liechtenstein,69,2021/12/27
Liechtenstein,69,2021/12/28
Liechtenstein,69,2021/12/29
Liechtenstein,68,2021/12/15
Liechtenstein,68,2021/12/16
Liechtenstein,68,2021/12/17
Eritrea,68,2021/12/18
Liechtenstein,68,2021/12/18
Liechtenstein,68,2021/12/19
Liechtenstein,68,2021/12/20
Liechtenstein,68,2021/12/21
Liechtenstein,68,2021/12/22
Isle of Man,67,2021/12/15
Isle of Man,67,2021/12/16
Eritrea,67,2021/12/17
Isle of Man,67,2021/12/17
Isle of Man,67,2021/12/18
Isle of Man,67,2021/12/19
Isle of Man,67,2021/12/20
Isle of Man,67,2021/12/21
Isle of Man,67,2021/12/22
Isle of Man,67,2021/12/23
Isle of Man,67,2021/12/24
Isle of Man,67,2021/12/25
Isle of Man,67,2021/12/26
Isle of Man,67,2021/12/27
Isle of Man,67,2021/12/28
Isle of Man,67,2021/12/29
Eritrea,65,2021/12/15
Eritrea,65,2021/12/16
Sao Tome and Principe,57,2021/12/15
Sao Tome and Principe,57,2021/12/16
Sao Tome and Principe,57,2021/12/17
Sao Tome and Principe,57,2021/12/18
Sao Tome and Principe,57,2021/12/19
Sao Tome and Principe,57,2021/12/20
Sao Tome and Principe,57,2021/12/21
Sao Tome and Principe,57,2021/12/22
Sao Tome and Principe,57,2021/12/23
Sao Tome and Principe,57,2021/12/24
Sao Tome and Principe,57,2021/12/25
Sao Tome and Principe,57,2021/12/26
Sao Tome and Principe,57,2021/12/27
Sao Tome and Principe,57,2021/12/28
Sao Tome and Principe,57,2021/12/29
New Zealand,51,2021/12/28
New Zealand,51,2021/12/29
New Zealand,50,2021/12/25
New Zealand,50,2021/12/26
New Zealand,50,2021/12/27
New Zealand,49,2021/12/16
New Zealand,49,2021/12/17
New Zealand,49,2021/12/18
New Zealand,49,2021/12/19
New Zealand,49,2021/12/20
New Zealand,49,2021/12/21
New Zealand,49,2021/12/22
New Zealand,49,2021/12/23
New Zealand,49,2021/12/24
New Zealand,48,2021/12/15
Dominica,45,2021/12/27
Dominica,45,2021/12/28
Dominica,45,2021/12/29
Dominica,44,2021/12/20
Dominica,44,2021/12/21
Dominica,44,2021/12/22
Dominica,44,2021/12/23
Dominica,44,2021/12/24
Dominica,44,2021/12/25
Dominica,44,2021/12/26
Dominica,42,2021/12/15
Dominica,42,2021/12/16
Dominica,42,2021/12/17
Dominica,42,2021/12/18
Dominica,42,2021/12/19
British Virgin Islands,39,2021/12/15
British Virgin Islands,39,2021/12/16
British Virgin Islands,39,2021/12/17
British Virgin Islands,39,2021/12/18
British Virgin Islands,39,2021/12/19
British Virgin Islands,39,2021/12/20
British Virgin Islands,39,2021/12/21
British Virgin Islands,39,2021/12/22
British Virgin Islands,39,2021/12/23
British Virgin Islands,39,2021/12/24
British Virgin Islands,39,2021/12/25
British Virgin Islands,39,2021/12/26
British Virgin Islands,39,2021/12/27
British Virgin Islands,39,2021/12/28
British Virgin Islands,39,2021/12/29
Burundi,38,2021/12/15
Burundi,38,2021/12/16
Burundi,38,2021/12/17
Burundi,38,2021/12/18
Burundi,38,2021/12/19
Burundi,38,2021/12/20
Burundi,38,2021/12/21
Burundi,38,2021/12/22
Burundi,38,2021/12/23
Monaco,38,2021/12/23
Burundi,38,2021/12/24
Monaco,38,2021/12/24
Burundi,38,2021/12/25
Monaco,38,2021/12/25
Burundi,38,2021/12/26
Monaco,38,2021/12/26
Burundi,38,2021/12/27
Monaco,38,2021/12/27
Burundi,38,2021/12/28
Monaco,38,2021/12/28
Burundi,38,2021/12/29
Monaco,38,2021/12/29
Monaco,37,2021/12/19
Iceland,37,2021/12/20
Monaco,37,2021/12/20
Iceland,37,2021/12/21
Monaco,37,2021/12/21
Iceland,37,2021/12/22
Monaco,37,2021/12/22
Iceland,37,2021/12/23
Iceland,37,2021/12/24
Iceland,37,2021/12/25
Iceland,37,2021/12/26
Iceland,37,2021/12/27
Iceland,37,2021/12/28
Iceland,37,2021/12/29
Iceland,36,2021/12/15
Monaco,36,2021/12/15
Iceland,36,2021/12/16
Monaco,36,2021/12/16
Iceland,36,2021/12/17
Monaco,36,2021/12/17
Iceland,36,2021/12/18
Monaco,36,2021/12/18
Iceland,36,2021/12/19
Saint Kitts and Nevis,28,2021/12/15
Saint Kitts and Nevis,28,2021/12/16
Saint Kitts and Nevis,28,2021/12/17
Saint Kitts and Nevis,28,2021/12/18
Saint Kitts and Nevis,28,2021/12/19
Saint Kitts and Nevis,28,2021/12/20
Saint Kitts and Nevis,28,2021/12/21
Saint Kitts and Nevis,28,2021/12/22
Saint Kitts and Nevis,28,2021/12/23
Saint Kitts and Nevis,28,2021/12/24
Saint Kitts and Nevis,28,2021/12/25
Saint Kitts and Nevis,28,2021/12/26
Saint Kitts and Nevis,28,2021/12/27
Saint Kitts and Nevis,28,2021/12/28
Saint Kitts and Nevis,28,2021/12/29
Turks and Caicos Islands,26,2021/12/22
Turks and Caicos Islands,26,2021/12/23
Turks and Caicos Islands,26,2021/12/24
Turks and Caicos Islands,26,2021/12/25
Turks and Caicos Islands,26,2021/12/26
Turks and Caicos Islands,26,2021/12/27
Turks and Caicos Islands,26,2021/12/28
Turks and Caicos Islands,26,2021/12/29
Turks and Caicos Islands,25,2021/12/15
Turks and Caicos Islands,25,2021/12/16
Turks and Caicos Islands,25,2021/12/17
Turks and Caicos Islands,25,2021/12/18
Turks and Caicos Islands,25,2021/12/19
Turks and Caicos Islands,25,2021/12/20
Turks and Caicos Islands,25,2021/12/21
Bonaire Sint Eustatius and Saba,23,2021/12/25
Bonaire Sint Eustatius and Saba,23,2021/12/26
Bonaire Sint Eustatius and Saba,23,2021/12/27
Bonaire Sint Eustatius and Saba,23,2021/12/28
Bonaire Sint Eustatius and Saba,23,2021/12/29
Bonaire Sint Eustatius and Saba,22,2021/12/15
Bonaire Sint Eustatius and Saba,22,2021/12/16
Bonaire Sint Eustatius and Saba,22,2021/12/17
Bonaire Sint Eustatius and Saba,22,2021/12/18
Bonaire Sint Eustatius and Saba,22,2021/12/19
Bonaire Sint Eustatius and Saba,22,2021/12/20
Bonaire Sint Eustatius and Saba,22,2021/12/21
Bonaire Sint Eustatius and Saba,22,2021/12/22
Bonaire Sint Eustatius and Saba,22,2021/12/23
Bonaire Sint Eustatius and Saba,22,2021/12/24
International,15,2021/12/15
International,15,2021/12/16
International,15,2021/12/17
International,15,2021/12/18
International,15,2021/12/19
International,15,2021/12/20
International,15,2021/12/21
International,15,2021/12/22
International,15,2021/12/23
International,15,2021/12/24
International,15,2021/12/25
International,15,2021/12/26
International,15,2021/12/27
International,15,2021/12/28
International,15,2021/12/29
Faeroe Islands,13,2021/12/15
Faeroe Islands,13,2021/12/16
Faeroe Islands,13,2021/12/17
Faeroe Islands,13,2021/12/18
Faeroe Islands,13,2021/12/19
Faeroe Islands,13,2021/12/20
Faeroe Islands,13,2021/12/21
Faeroe Islands,13,2021/12/22
Faeroe Islands,13,2021/12/23
Faeroe Islands,13,2021/12/24
Faeroe Islands,13,2021/12/25
Faeroe Islands,13,2021/12/26
Faeroe Islands,13,2021/12/27
Faeroe Islands,13,2021/12/28
Faeroe Islands,13,2021/12/29
Cayman Islands,11,2021/12/23
Cayman Islands,11,2021/12/24
Cayman Islands,11,2021/12/25
Cayman Islands,11,2021/12/26
Cayman Islands,11,2021/12/27
Cayman Islands,11,2021/12/28
Cayman Islands,11,2021/12/29
Cayman Islands,9,2021/12/15
Cayman Islands,9,2021/12/16
Cayman Islands,9,2021/12/17
Cayman Islands,9,2021/12/18
Cayman Islands,9,2021/12/19
Cayman Islands,9,2021/12/20
Cayman Islands,9,2021/12/21
Cayman Islands,9,2021/12/22
Wallis and Futuna,7,2021/12/15
Wallis and Futuna,7,2021/12/16
Wallis and Futuna,7,2021/12/17
Wallis and Futuna,7,2021/12/18
Wallis and Futuna,7,2021/12/19
Wallis and Futuna,7,2021/12/20
Wallis and Futuna,7,2021/12/21
Wallis and Futuna,7,2021/12/22
Wallis and Futuna,7,2021/12/23
Wallis and Futuna,7,2021/12/24
Wallis and Futuna,7,2021/12/25
Wallis and Futuna,7,2021/12/26
Wallis and Futuna,7,2021/12/27
Wallis and Futuna,7,2021/12/28
Wallis and Futuna,7,2021/12/29
Anguilla,5,2021/12/20
Anguilla,5,2021/12/21
Anguilla,5,2021/12/22
Anguilla,5,2021/12/23
Anguilla,5,2021/12/24
Anguilla,5,2021/12/25
Anguilla,5,2021/12/26
Anguilla,5,2021/12/27
Anguilla,5,2021/12/28
Anguilla,5,2021/12/29
Anguilla,4,2021/12/15
Anguilla,4,2021/12/16
Anguilla,4,2021/12/17
Anguilla,4,2021/12/18
Anguilla,4,2021/12/19
Bhutan,3,2021/12/15
Bhutan,3,2021/12/16
Bhutan,3,2021/12/17
Bhutan,3,2021/12/18
Bhutan,3,2021/12/19
Bhutan,3,2021/12/20
Bhutan,3,2021/12/21
Bhutan,3,2021/12/22
Bhutan,3,2021/12/23
Bhutan,3,2021/12/24
Bhutan,3,2021/12/25
Bhutan,3,2021/12/26
Bhutan,3,2021/12/27
Bhutan,3,2021/12/28
Bhutan,3,2021/12/29
Montserrat,1,2021/12/15
Vanuatu,1,2021/12/15
Montserrat,1,2021/12/16
Vanuatu,1,2021/12/16
Montserrat,1,2021/12/17
Vanuatu,1,2021/12/17
Montserrat,1,2021/12/18
Vanuatu,1,2021/12/18
Montserrat,1,2021/12/19
Vanuatu,1,2021/12/19
Montserrat,1,2021/12/20
Vanuatu,1,2021/12/20
Montserrat,1,2021/12/21
Vanuatu,1,2021/12/21
Montserrat,1,2021/12/22
Vanuatu,1,2021/12/22
Montserrat,1,2021/12/23
Vanuatu,1,2021/12/23
Montserrat,1,2021/12/24
Vanuatu,1,2021/12/24
Greenland,1,2021/12/25
Montserrat,1,2021/12/25
Vanuatu,1,2021/12/25
Greenland,1,2021/12/26
Montserrat,1,2021/12/26
Vanuatu,1,2021/12/26
Greenland,1,2021/12/27
Montserrat,1,2021/12/27
Vanuatu,1,2021/12/27
Greenland,1,2021/12/28
Montserrat,1,2021/12/28
Vanuatu,1,2021/12/28
Greenland,1,2021/12/29
Montserrat,1,2021/12/29
Vanuatu,1,2021/12/29
