country,totalCases,date
World,284560000,2021/12/29
World,282860000,2021/12/28
World,281560000,2021/12/27
World,280240000,2021/12/26
World,279650000,2021/12/25
World,279020000,2021/12/24
World,278190000,2021/12/23
World,277200000,2021/12/22
World,276300000,2021/12/21
World,275510000,2021/12/20
World,274750000,2021/12/19
World,274280000,2021/12/18
World,273700000,2021/12/17
World,272970000,2021/12/16
World,272230000,2021/12/15
High income,131990000,2021/12/29
High income,130500000,2021/12/28
High income,129400000,2021/12/27
High income,128250000,2021/12/26
High income,127810000,2021/12/25
High income,127320000,2021/12/24
High income,126680000,2021/12/23
High income,125870000,2021/12/22
High income,125150000,2021/12/21
High income,124520000,2021/12/20
High income,123910000,2021/12/19
High income,123580000,2021/12/18
High income,123150000,2021/12/17
High income,122580000,2021/12/16
High income,122040000,2021/12/15
Europe,86770000,2021/12/29
Europe,85850000,2021/12/28
Upper middle income,85850000,2021/12/29
Upper middle income,85720000,2021/12/28
Upper middle income,85590000,2021/12/27
Upper middle income,85480000,2021/12/26
Upper middle income,85370000,2021/12/25
Upper middle income,85290000,2021/12/24
Upper middle income,85170000,2021/12/23
Europe,85130000,2021/12/27
Upper middle income,85050000,2021/12/22
Upper middle income,84940000,2021/12/21
Upper middle income,84830000,2021/12/20
Upper middle income,84740000,2021/12/19
Upper middle income,84650000,2021/12/18
Upper middle income,84550000,2021/12/17
Europe,84540000,2021/12/26
Upper middle income,84440000,2021/12/16
Asia,84340000,2021/12/29
Upper middle income,84320000,2021/12/15
Europe,84280000,2021/12/25
Asia,84280000,2021/12/28
Asia,84190000,2021/12/27
Asia,84120000,2021/12/26
Asia,84030000,2021/12/25
Asia,83980000,2021/12/24
Asia,83910000,2021/12/23
Asia,83840000,2021/12/22
Europe,83840000,2021/12/24
Asia,83760000,2021/12/21
Asia,83690000,2021/12/20
Asia,83620000,2021/12/19
Asia,83550000,2021/12/18
Asia,83480000,2021/12/17
Europe,83430000,2021/12/23
Asia,83420000,2021/12/16
Asia,83320000,2021/12/15
Europe,82900000,2021/12/22
Europe,82420000,2021/12/21
Europe,81960000,2021/12/20
Europe,81590000,2021/12/19
Europe,81320000,2021/12/18
Europe,80960000,2021/12/17
Europe,80560000,2021/12/16
Europe,80140000,2021/12/15
Lower middle income,65190000,2021/12/29
Lower middle income,65120000,2021/12/28
Lower middle income,65060000,2021/12/27
Lower middle income,65020000,2021/12/26
Lower middle income,64980000,2021/12/25
Lower middle income,64930000,2021/12/24
Lower middle income,64880000,2021/12/23
Lower middle income,64820000,2021/12/22
Lower middle income,64770000,2021/12/21
Lower middle income,64710000,2021/12/20
Lower middle income,64670000,2021/12/19
Lower middle income,64630000,2021/12/18
Lower middle income,64580000,2021/12/17
Lower middle income,64530000,2021/12/16
Lower middle income,64460000,2021/12/15
North America,63740000,2021/12/29
North America,63150000,2021/12/28
North America,62770000,2021/12/27
North America,62210000,2021/12/26
North America,62010000,2021/12/25
North America,61940000,2021/12/24
North America,61690000,2021/12/23
North America,61390000,2021/12/22
North America,61130000,2021/12/21
North America,60930000,2021/12/20
North America,60670000,2021/12/19
North America,60570000,2021/12/18
North America,60480000,2021/12/17
North America,60280000,2021/12/16
North America,60120000,2021/12/15
European Union,54870000,2021/12/29
European Union,54200000,2021/12/28
United States,53680000,2021/12/29
European Union,53670000,2021/12/27
European Union,53250000,2021/12/26
United States,53180000,2021/12/28
European Union,53150000,2021/12/25
European Union,52860000,2021/12/24
United States,52830000,2021/12/27
European Union,52620000,2021/12/23
United States,52280000,2021/12/26
European Union,52260000,2021/12/22
United States,52100000,2021/12/25
United States,52040000,2021/12/24
European Union,51940000,2021/12/21
United States,51820000,2021/12/23
European Union,51620000,2021/12/20
United States,51550000,2021/12/22
European Union,51400000,2021/12/19
United States,51310000,2021/12/21
European Union,51260000,2021/12/18
United States,51130000,2021/12/20
European Union,51020000,2021/12/17
United States,50890000,2021/12/19
United States,50810000,2021/12/18
European Union,50770000,2021/12/16
United States,50730000,2021/12/17
United States,50540000,2021/12/16
European Union,50500000,2021/12/15
United States,50390000,2021/12/15
South America,39590000,2021/12/29
South America,39520000,2021/12/28
South America,39470000,2021/12/27
South America,39430000,2021/12/26
South America,39410000,2021/12/25
South America,39390000,2021/12/24
South America,39360000,2021/12/23
South America,39330000,2021/12/22
South America,39310000,2021/12/21
South America,39290000,2021/12/20
South America,39270000,2021/12/19
South America,39260000,2021/12/18
South America,39240000,2021/12/17
South America,39230000,2021/12/16
South America,39210000,2021/12/15
India,34820000,2021/12/29
India,34810000,2021/12/28
India,34800000,2021/12/27
India,34790000,2021/12/25
India,34790000,2021/12/26
India,34780000,2021/12/24
India,34770000,2021/12/22
India,34770000,2021/12/23
India,34760000,2021/12/21
India,34750000,2021/12/19
India,34750000,2021/12/20
India,34730000,2021/12/16
India,34730000,2021/12/17
India,34730000,2021/12/18
India,34720000,2021/12/15
Brazil,22270000,2021/12/29
Brazil,22260000,2021/12/28
Brazil,22250000,2021/12/27
Brazil,22240000,2021/12/25
Brazil,22240000,2021/12/26
Brazil,22230000,2021/12/22
Brazil,22230000,2021/12/23
Brazil,22230000,2021/12/24
Brazil,22220000,2021/12/18
Brazil,22220000,2021/12/19
Brazil,22220000,2021/12/20
Brazil,22220000,2021/12/21
Brazil,22210000,2021/12/15
Brazil,22210000,2021/12/16
Brazil,22210000,2021/12/17
United Kingdom,12590000,2021/12/29
United Kingdom,12400000,2021/12/28
United Kingdom,12260000,2021/12/27
United Kingdom,12160000,2021/12/26
United Kingdom,12040000,2021/12/25
United Kingdom,11910000,2021/12/24
United Kingdom,11790000,2021/12/23
United Kingdom,11670000,2021/12/22
United Kingdom,11560000,2021/12/21
United Kingdom,11480000,2021/12/20
United Kingdom,11380000,2021/12/19
United Kingdom,11300000,2021/12/18
United Kingdom,11210000,2021/12/17
United Kingdom,11120000,2021/12/16
United Kingdom,11030000,2021/12/15
Russia,10280000,2021/12/29
Russia,10260000,2021/12/28
Russia,10240000,2021/12/27
Russia,10210000,2021/12/26
Russia,10190000,2021/12/25
Russia,10160000,2021/12/24
Russia,10140000,2021/12/23
Russia,10110000,2021/12/22
Russia,10090000,2021/12/21
Russia,10060000,2021/12/20
Russia,10040000,2021/12/19
Russia,10010000,2021/12/18
Russia,9980000,2021/12/17
Russia,9960000,2021/12/16
Russia,9930000,2021/12/15
Africa,9600000,2021/12/29
France,9580000,2021/12/29
Africa,9550000,2021/12/28
Africa,9510000,2021/12/27
Africa,9480000,2021/12/26
Africa,9450000,2021/12/25
Africa,9410000,2021/12/24
France,9370000,2021/12/28
Turkey,9370000,2021/12/28
Turkey,9370000,2021/12/29
Africa,9360000,2021/12/23
Turkey,9340000,2021/12/27
Africa,9310000,2021/12/22
Turkey,9310000,2021/12/26
Turkey,9270000,2021/12/24
Turkey,9270000,2021/12/25
Africa,9250000,2021/12/21
Turkey,9250000,2021/12/23
Turkey,9230000,2021/12/22
Africa,9220000,2021/12/20
Turkey,9210000,2021/12/21
Africa,9190000,2021/12/19
Turkey,9190000,2021/12/20
France,9190000,2021/12/27
Turkey,9170000,2021/12/19
Africa,9160000,2021/12/18
Turkey,9160000,2021/12/18
France,9160000,2021/12/26
Turkey,9140000,2021/12/17
Africa,9130000,2021/12/17
France,9130000,2021/12/25
Turkey,9120000,2021/12/16
Turkey,9100000,2021/12/15
Africa,9090000,2021/12/16
Africa,9040000,2021/12/15
France,9030000,2021/12/24
France,8930000,2021/12/23
France,8840000,2021/12/22
France,8760000,2021/12/21
France,8690000,2021/12/20
France,8670000,2021/12/19
France,8620000,2021/12/18
France,8560000,2021/12/17
France,8510000,2021/12/16
France,8440000,2021/12/15
Germany,7130000,2021/12/29
Germany,7060000,2021/12/28
Germany,7030000,2021/12/27
Germany,7010000,2021/12/26
Germany,7000000,2021/12/25
Germany,6980000,2021/12/23
Germany,6980000,2021/12/24
Germany,6940000,2021/12/22
Germany,6900000,2021/12/21
Germany,6830000,2021/12/20
Germany,6810000,2021/12/18
Germany,6810000,2021/12/19
Germany,6760000,2021/12/17
Germany,6740000,2021/12/16
Germany,6690000,2021/12/15
Iran,6190000,2021/12/27
Iran,6190000,2021/12/28
Iran,6190000,2021/12/29
Iran,6180000,2021/12/21
Iran,6180000,2021/12/22
Iran,6180000,2021/12/23
Iran,6180000,2021/12/24
Iran,6180000,2021/12/25
Iran,6180000,2021/12/26
Iran,6170000,2021/12/16
Iran,6170000,2021/12/17
Iran,6170000,2021/12/18
Iran,6170000,2021/12/19
Iran,6170000,2021/12/20
Iran,6160000,2021/12/15
Spain,6130000,2021/12/29
Spain,6030000,2021/12/28
Spain,5930000,2021/12/27
Italy,5850000,2021/12/29
Italy,5760000,2021/12/28
Spain,5720000,2021/12/23
Spain,5720000,2021/12/24
Spain,5720000,2021/12/25
Spain,5720000,2021/12/26
Italy,5680000,2021/12/27
Spain,5650000,2021/12/22
Italy,5650000,2021/12/26
Italy,5620000,2021/12/25
Spain,5590000,2021/12/21
Italy,5570000,2021/12/24
Argentina,5560000,2021/12/29
Spain,5540000,2021/12/20
Italy,5520000,2021/12/23
Argentina,5510000,2021/12/28
Argentina,5480000,2021/12/27
Italy,5470000,2021/12/22
Spain,5460000,2021/12/17
Spain,5460000,2021/12/18
Spain,5460000,2021/12/19
Argentina,5460000,2021/12/26
Argentina,5450000,2021/12/24
Argentina,5450000,2021/12/25
Italy,5440000,2021/12/21
Argentina,5430000,2021/12/23
Spain,5420000,2021/12/16
Argentina,5420000,2021/12/22
Italy,5410000,2021/12/20
Argentina,5400000,2021/12/20
Argentina,5400000,2021/12/21
Spain,5390000,2021/12/15
Argentina,5390000,2021/12/18
Argentina,5390000,2021/12/19
Italy,5390000,2021/12/19
Argentina,5380000,2021/12/16
Argentina,5380000,2021/12/17
Argentina,5370000,2021/12/15
Italy,5360000,2021/12/18
Italy,5340000,2021/12/17
Italy,5310000,2021/12/16
Italy,5280000,2021/12/15
Colombia,5140000,2021/12/29
Colombia,5130000,2021/12/27
Colombia,5130000,2021/12/28
Colombia,5120000,2021/12/23
Colombia,5120000,2021/12/24
Colombia,5120000,2021/12/25
Colombia,5120000,2021/12/26
Colombia,5110000,2021/12/18
Colombia,5110000,2021/12/19
Colombia,5110000,2021/12/20
Colombia,5110000,2021/12/21
Colombia,5110000,2021/12/22
Colombia,5100000,2021/12/15
Colombia,5100000,2021/12/16
Colombia,5100000,2021/12/17
Indonesia,4260000,2021/12/15
Indonesia,4260000,2021/12/16
Indonesia,4260000,2021/12/17
Indonesia,4260000,2021/12/18
Indonesia,4260000,2021/12/19
Indonesia,4260000,2021/12/20
Indonesia,4260000,2021/12/21
Indonesia,4260000,2021/12/22
Indonesia,4260000,2021/12/23
Indonesia,4260000,2021/12/24
Indonesia,4260000,2021/12/25
Indonesia,4260000,2021/12/26
Indonesia,4260000,2021/12/27
Indonesia,4260000,2021/12/28
Indonesia,4260000,2021/12/29
Poland,4080000,2021/12/29
Poland,4060000,2021/12/28
Poland,4050000,2021/12/26
Poland,4050000,2021/12/27
Poland,4040000,2021/12/25
Poland,4030000,2021/12/24
Poland,4020000,2021/12/23
Poland,4000000,2021/12/22
Poland,3980000,2021/12/21
Poland,3970000,2021/12/20
Poland,3960000,2021/12/19
Mexico,3960000,2021/12/29
Mexico,3950000,2021/12/24
Mexico,3950000,2021/12/25
Mexico,3950000,2021/12/26
Mexico,3950000,2021/12/27
Mexico,3950000,2021/12/28
Poland,3940000,2021/12/18
Mexico,3940000,2021/12/22
Mexico,3940000,2021/12/23
Mexico,3930000,2021/12/16
Mexico,3930000,2021/12/17
Mexico,3930000,2021/12/18
Mexico,3930000,2021/12/19
Mexico,3930000,2021/12/20
Mexico,3930000,2021/12/21
Mexico,3920000,2021/12/15
Poland,3920000,2021/12/17
Poland,3900000,2021/12/16
Poland,3880000,2021/12/15
Ukraine,3830000,2021/12/27
Ukraine,3830000,2021/12/28
Ukraine,3830000,2021/12/29
Ukraine,3820000,2021/12/24
Ukraine,3820000,2021/12/25
Ukraine,3820000,2021/12/26
Ukraine,3810000,2021/12/23
Ukraine,3800000,2021/12/22
Ukraine,3790000,2021/12/19
Ukraine,3790000,2021/12/20
Ukraine,3790000,2021/12/21
Ukraine,3780000,2021/12/18
Ukraine,3770000,2021/12/17
Ukraine,3760000,2021/12/16
Ukraine,3750000,2021/12/15
South Africa,3430000,2021/12/29
South Africa,3420000,2021/12/27
South Africa,3420000,2021/12/28
South Africa,3410000,2021/12/25
South Africa,3410000,2021/12/26
South Africa,3390000,2021/12/24
South Africa,3370000,2021/12/23
South Africa,3350000,2021/12/22
South Africa,3330000,2021/12/21
South Africa,3320000,2021/12/20
South Africa,3310000,2021/12/19
South Africa,3290000,2021/12/18
South Africa,3280000,2021/12/17
South Africa,3260000,2021/12/16
South Africa,3230000,2021/12/15
Netherlands,3110000,2021/12/29
Netherlands,3090000,2021/12/28
Netherlands,3080000,2021/12/27
Netherlands,3070000,2021/12/26
Netherlands,3060000,2021/12/25
Netherlands,3050000,2021/12/24
Netherlands,3030000,2021/12/23
Netherlands,3020000,2021/12/22
Netherlands,3010000,2021/12/21
Netherlands,3000000,2021/12/20
Netherlands,2980000,2021/12/19
Netherlands,2970000,2021/12/18
Netherlands,2960000,2021/12/17
Netherlands,2940000,2021/12/16
Netherlands,2930000,2021/12/15
Philippines,2840000,2021/12/15
Philippines,2840000,2021/12/16
Philippines,2840000,2021/12/17
Philippines,2840000,2021/12/18
Philippines,2840000,2021/12/19
Philippines,2840000,2021/12/20
Philippines,2840000,2021/12/21
Philippines,2840000,2021/12/22
Philippines,2840000,2021/12/23
Philippines,2840000,2021/12/24
Philippines,2840000,2021/12/25
Philippines,2840000,2021/12/26
Philippines,2840000,2021/12/27
Philippines,2840000,2021/12/28
Philippines,2840000,2021/12/29
Malaysia,2750000,2021/12/28
Malaysia,2750000,2021/12/29
Malaysia,2740000,2021/12/24
Malaysia,2740000,2021/12/25
Malaysia,2740000,2021/12/26
Malaysia,2740000,2021/12/27
Malaysia,2730000,2021/12/22
Malaysia,2730000,2021/12/23
Malaysia,2720000,2021/12/18
Malaysia,2720000,2021/12/19
Malaysia,2720000,2021/12/20
Malaysia,2720000,2021/12/21
Malaysia,2710000,2021/12/16
Malaysia,2710000,2021/12/17
Malaysia,2700000,2021/12/15
Czechia,2460000,2021/12/29
Czechia,2450000,2021/12/26
Czechia,2450000,2021/12/27
Czechia,2450000,2021/12/28
Czechia,2440000,2021/12/25
Czechia,2410000,2021/12/20
Czechia,2410000,2021/12/21
Czechia,2410000,2021/12/22
Czechia,2410000,2021/12/23
Czechia,2410000,2021/12/24
Czechia,2400000,2021/12/18
Czechia,2400000,2021/12/19
Czechia,2390000,2021/12/17
Czechia,2380000,2021/12/16
Czechia,2370000,2021/12/15
Peru,2280000,2021/12/25
Peru,2280000,2021/12/26
Peru,2280000,2021/12/27
Peru,2280000,2021/12/28
Peru,2280000,2021/12/29
Peru,2270000,2021/12/19
Peru,2270000,2021/12/20
Peru,2270000,2021/12/21
Peru,2270000,2021/12/22
Peru,2270000,2021/12/23
Peru,2270000,2021/12/24
Peru,2260000,2021/12/15
Peru,2260000,2021/12/16
Peru,2260000,2021/12/17
Peru,2260000,2021/12/18
Thailand,2220000,2021/12/29
Thailand,2210000,2021/12/25
Thailand,2210000,2021/12/26
Thailand,2210000,2021/12/27
Thailand,2210000,2021/12/28
Thailand,2200000,2021/12/21
Thailand,2200000,2021/12/22
Thailand,2200000,2021/12/23
Thailand,2200000,2021/12/24
Thailand,2190000,2021/12/16
Thailand,2190000,2021/12/17
Thailand,2190000,2021/12/18
Thailand,2190000,2021/12/19
Thailand,2190000,2021/12/20
Thailand,2180000,2021/12/15
Canada,2120000,2021/12/29
Iraq,2090000,2021/12/15
Iraq,2090000,2021/12/16
Iraq,2090000,2021/12/17
Iraq,2090000,2021/12/18
Iraq,2090000,2021/12/19
Iraq,2090000,2021/12/20
Iraq,2090000,2021/12/21
Iraq,2090000,2021/12/22
Iraq,2090000,2021/12/23
Iraq,2090000,2021/12/24
Iraq,2090000,2021/12/25
Iraq,2090000,2021/12/26
Iraq,2090000,2021/12/27
Iraq,2090000,2021/12/28
Iraq,2090000,2021/12/29
Belgium,2080000,2021/12/29
Belgium,2060000,2021/12/28
Belgium,2050000,2021/12/27
Belgium,2040000,2021/12/24
Belgium,2040000,2021/12/25
Belgium,2040000,2021/12/26
Canada,2040000,2021/12/28
Belgium,2030000,2021/12/23
Belgium,2020000,2021/12/20
Belgium,2020000,2021/12/21
Belgium,2020000,2021/12/22
Canada,2020000,2021/12/27
Belgium,2000000,2021/12/18
Belgium,2000000,2021/12/19
Canada,2000000,2021/12/26
Belgium,1990000,2021/12/17
Canada,1990000,2021/12/25
Belgium,1980000,2021/12/15
Belgium,1980000,2021/12/16
Canada,1980000,2021/12/24
Canada,1960000,2021/12/23
Canada,1940000,2021/12/22
Canada,1920000,2021/12/21
Canada,1910000,2021/12/20
Canada,1890000,2021/12/19
Canada,1880000,2021/12/17
Canada,1880000,2021/12/18
Canada,1870000,2021/12/16
Canada,1860000,2021/12/15
Romania,1810000,2021/12/29
Romania,1800000,2021/12/15
Romania,1800000,2021/12/16
Romania,1800000,2021/12/17
Romania,1800000,2021/12/18
Romania,1800000,2021/12/19
Romania,1800000,2021/12/20
Romania,1800000,2021/12/21
Romania,1800000,2021/12/22
Chile,1800000,2021/12/23
Romania,1800000,2021/12/23
Chile,1800000,2021/12/24
Romania,1800000,2021/12/24
Chile,1800000,2021/12/25
Romania,1800000,2021/12/25
Chile,1800000,2021/12/26
Romania,1800000,2021/12/26
Chile,1800000,2021/12/27
Romania,1800000,2021/12/27
Chile,1800000,2021/12/28
Romania,1800000,2021/12/28
Chile,1800000,2021/12/29
Chile,1790000,2021/12/15
Chile,1790000,2021/12/16
Chile,1790000,2021/12/17
Chile,1790000,2021/12/18
Chile,1790000,2021/12/19
Chile,1790000,2021/12/20
Chile,1790000,2021/12/21
Chile,1790000,2021/12/22
Japan,1730000,2021/12/15
Japan,1730000,2021/12/16
Japan,1730000,2021/12/17
Japan,1730000,2021/12/18
Japan,1730000,2021/12/19
Japan,1730000,2021/12/20
Japan,1730000,2021/12/21
Japan,1730000,2021/12/22
Japan,1730000,2021/12/23
Japan,1730000,2021/12/24
Japan,1730000,2021/12/25
Japan,1730000,2021/12/26
Japan,1730000,2021/12/27
Japan,1730000,2021/12/28
Japan,1730000,2021/12/29
Vietnam,1690000,2021/12/29
Vietnam,1680000,2021/12/28
Vietnam,1670000,2021/12/27
Vietnam,1650000,2021/12/26
Vietnam,1640000,2021/12/25
Vietnam,1620000,2021/12/24
Vietnam,1600000,2021/12/23
Vietnam,1590000,2021/12/22
Bangladesh,1580000,2021/12/15
Bangladesh,1580000,2021/12/16
Bangladesh,1580000,2021/12/17
Bangladesh,1580000,2021/12/18
Bangladesh,1580000,2021/12/19
Bangladesh,1580000,2021/12/20
Bangladesh,1580000,2021/12/21
Bangladesh,1580000,2021/12/22
Bangladesh,1580000,2021/12/23
Bangladesh,1580000,2021/12/24
Bangladesh,1580000,2021/12/25
Bangladesh,1580000,2021/12/26
Bangladesh,1580000,2021/12/27
Bangladesh,1580000,2021/12/28
Bangladesh,1580000,2021/12/29
Vietnam,1570000,2021/12/21
Vietnam,1560000,2021/12/20
Vietnam,1540000,2021/12/19
Low income,1530000,2021/12/29
Vietnam,1520000,2021/12/18
Vietnam,1510000,2021/12/17
Low income,1510000,2021/12/28
Low income,1500000,2021/12/27
Vietnam,1490000,2021/12/16
Low income,1490000,2021/12/26
Low income,1480000,2021/12/25
Low income,1470000,2021/12/24
Vietnam,1460000,2021/12/15
Low income,1460000,2021/12/23
Low income,1440000,2021/12/22
Low income,1430000,2021/12/20
Low income,1430000,2021/12/21
Low income,1420000,2021/12/18
Low income,1420000,2021/12/19
Low income,1410000,2021/12/16
Low income,1410000,2021/12/17
Low income,1400000,2021/12/15
Israel,1370000,2021/12/27
Israel,1370000,2021/12/28
Israel,1370000,2021/12/29
Israel,1360000,2021/12/19
Israel,1360000,2021/12/20
Israel,1360000,2021/12/21
Israel,1360000,2021/12/22
Israel,1360000,2021/12/23
Israel,1360000,2021/12/24
Israel,1360000,2021/12/25
Israel,1360000,2021/12/26
Slovakia,1360000,2021/12/28
Slovakia,1360000,2021/12/29
Israel,1350000,2021/12/15
Israel,1350000,2021/12/16
Israel,1350000,2021/12/17
Israel,1350000,2021/12/18
Slovakia,1350000,2021/12/24
Slovakia,1350000,2021/12/25
Slovakia,1350000,2021/12/26
Slovakia,1350000,2021/12/27
Slovakia,1340000,2021/12/23
Slovakia,1330000,2021/12/19
Slovakia,1330000,2021/12/20
Slovakia,1330000,2021/12/21
Slovakia,1330000,2021/12/22
Portugal,1330000,2021/12/29
Slovakia,1320000,2021/12/17
Slovakia,1320000,2021/12/18
Slovakia,1310000,2021/12/16
Slovakia,1300000,2021/12/15
Portugal,1300000,2021/12/28
Serbia,1300000,2021/12/29
Sweden,1300000,2021/12/29
Pakistan,1290000,2021/12/15
Pakistan,1290000,2021/12/16
Pakistan,1290000,2021/12/17
Pakistan,1290000,2021/12/18
Pakistan,1290000,2021/12/19
Pakistan,1290000,2021/12/20
Pakistan,1290000,2021/12/21
Pakistan,1290000,2021/12/22
Serbia,1290000,2021/12/22
Pakistan,1290000,2021/12/23
Serbia,1290000,2021/12/23
Pakistan,1290000,2021/12/24
Serbia,1290000,2021/12/24
Pakistan,1290000,2021/12/25
Serbia,1290000,2021/12/25
Pakistan,1290000,2021/12/26
Serbia,1290000,2021/12/26
Pakistan,1290000,2021/12/27
Portugal,1290000,2021/12/27
Serbia,1290000,2021/12/27
Pakistan,1290000,2021/12/28
Serbia,1290000,2021/12/28
Sweden,1290000,2021/12/28
Pakistan,1290000,2021/12/29
Switzerland,1290000,2021/12/29
Serbia,1280000,2021/12/15
Serbia,1280000,2021/12/16
Serbia,1280000,2021/12/17
Serbia,1280000,2021/12/18
Serbia,1280000,2021/12/19
Serbia,1280000,2021/12/20
Serbia,1280000,2021/12/21
Portugal,1280000,2021/12/25
Portugal,1280000,2021/12/26
Switzerland,1280000,2021/12/28
Sweden,1270000,2021/12/22
Sweden,1270000,2021/12/23
Portugal,1270000,2021/12/24
Sweden,1270000,2021/12/24
Sweden,1270000,2021/12/25
Sweden,1270000,2021/12/26
Austria,1270000,2021/12/27
Sweden,1270000,2021/12/27
Austria,1270000,2021/12/28
Austria,1270000,2021/12/29
Sweden,1260000,2021/12/21
Austria,1260000,2021/12/22
Austria,1260000,2021/12/23
Austria,1260000,2021/12/24
Austria,1260000,2021/12/25
Austria,1260000,2021/12/26
Switzerland,1260000,2021/12/27
Sweden,1250000,2021/12/16
Austria,1250000,2021/12/17
Sweden,1250000,2021/12/17
Austria,1250000,2021/12/18
Sweden,1250000,2021/12/18
Austria,1250000,2021/12/19
Sweden,1250000,2021/12/19
Austria,1250000,2021/12/20
Sweden,1250000,2021/12/20
Austria,1250000,2021/12/21
Portugal,1250000,2021/12/23
Hungary,1250000,2021/12/27
Hungary,1250000,2021/12/28
Hungary,1250000,2021/12/29
Austria,1240000,2021/12/15
Sweden,1240000,2021/12/15
Austria,1240000,2021/12/16
Portugal,1240000,2021/12/22
Hungary,1240000,2021/12/23
Hungary,1240000,2021/12/24
Hungary,1240000,2021/12/25
Hungary,1240000,2021/12/26
Portugal,1230000,2021/12/19
Hungary,1230000,2021/12/20
Portugal,1230000,2021/12/20
Hungary,1230000,2021/12/21
Portugal,1230000,2021/12/21
Hungary,1230000,2021/12/22
Switzerland,1230000,2021/12/23
Switzerland,1230000,2021/12/24
Switzerland,1230000,2021/12/25
Switzerland,1230000,2021/12/26
Hungary,1220000,2021/12/17
Portugal,1220000,2021/12/17
Hungary,1220000,2021/12/18
Portugal,1220000,2021/12/18
Hungary,1220000,2021/12/19
Switzerland,1220000,2021/12/22
Hungary,1210000,2021/12/15
Portugal,1210000,2021/12/15
Hungary,1210000,2021/12/16
Portugal,1210000,2021/12/16
Switzerland,1200000,2021/12/20
Switzerland,1200000,2021/12/21
Switzerland,1180000,2021/12/17
Switzerland,1180000,2021/12/18
Switzerland,1180000,2021/12/19
Switzerland,1170000,2021/12/16
Switzerland,1150000,2021/12/15
Greece,1130000,2021/12/29
Greece,1110000,2021/12/28
Greece,1080000,2021/12/27
Kazakhstan,1070000,2021/12/16
Kazakhstan,1070000,2021/12/17
Kazakhstan,1070000,2021/12/18
Kazakhstan,1070000,2021/12/19
Kazakhstan,1070000,2021/12/20
Kazakhstan,1070000,2021/12/21
Kazakhstan,1070000,2021/12/22
Kazakhstan,1070000,2021/12/23
Kazakhstan,1070000,2021/12/24
Greece,1070000,2021/12/25
Kazakhstan,1070000,2021/12/25
Greece,1070000,2021/12/26
Kazakhstan,1070000,2021/12/26
Kazakhstan,1070000,2021/12/27
Kazakhstan,1070000,2021/12/28
Kazakhstan,1070000,2021/12/29
Kazakhstan,1060000,2021/12/15
Greece,1060000,2021/12/23
Greece,1060000,2021/12/24
Greece,1050000,2021/12/22
Jordan,1050000,2021/12/22
Jordan,1050000,2021/12/23
Jordan,1050000,2021/12/24
Jordan,1050000,2021/12/25
Jordan,1050000,2021/12/26
Jordan,1050000,2021/12/27
Jordan,1050000,2021/12/28
Jordan,1050000,2021/12/29
Jordan,1040000,2021/12/19
Greece,1040000,2021/12/20
Jordan,1040000,2021/12/20
Greece,1040000,2021/12/21
Jordan,1040000,2021/12/21
Jordan,1030000,2021/12/16
Greece,1030000,2021/12/17
Jordan,1030000,2021/12/17
Greece,1030000,2021/12/18
Jordan,1030000,2021/12/18
Greece,1030000,2021/12/19
Greece,1020000,2021/12/15
Jordan,1020000,2021/12/15
Greece,1020000,2021/12/16
Cuba,965243,2021/12/29
Cuba,965002,2021/12/28
Cuba,964857,2021/12/27
Cuba,964729,2021/12/26
Cuba,964607,2021/12/25
Cuba,964482,2021/12/24
Cuba,964406,2021/12/23
Cuba,964317,2021/12/22
Cuba,964237,2021/12/21
Cuba,964176,2021/12/20
Cuba,964097,2021/12/19
Cuba,964035,2021/12/18
Cuba,963958,2021/12/17
Cuba,963885,2021/12/16
Cuba,963813,2021/12/15
Morocco,959098,2021/12/29
Morocco,957594,2021/12/28
Morocco,956410,2021/12/27
Morocco,956119,2021/12/26
Morocco,955587,2021/12/25
Morocco,954853,2021/12/24
Morocco,954199,2021/12/23
Morocco,953724,2021/12/22
Morocco,953297,2021/12/21
Morocco,952916,2021/12/20
Morocco,952814,2021/12/19
Morocco,952628,2021/12/18
Morocco,952398,2021/12/17
Morocco,952189,2021/12/16
Morocco,951984,2021/12/15
Georgia,930544,2021/12/29
Georgia,928030,2021/12/28
Georgia,925354,2021/12/27
Georgia,924368,2021/12/26
Georgia,922707,2021/12/25
Georgia,920617,2021/12/24
Georgia,918641,2021/12/23
Georgia,916477,2021/12/22
Georgia,913738,2021/12/21
Georgia,910456,2021/12/20
Georgia,909160,2021/12/19
Georgia,906965,2021/12/18
Georgia,904181,2021/12/17
Georgia,901202,2021/12/16
Georgia,898079,2021/12/15
Nepal,827972,2021/12/29
Nepal,827763,2021/12/28
Nepal,827522,2021/12/27
Nepal,827271,2021/12/26
Nepal,827058,2021/12/25
Nepal,826901,2021/12/24
Nepal,826664,2021/12/23
Nepal,826423,2021/12/22
Nepal,826206,2021/12/21
Nepal,825954,2021/12/20
Nepal,825736,2021/12/19
Nepal,825603,2021/12/18
Nepal,825445,2021/12/17
Nepal,825176,2021/12/16
Nepal,825016,2021/12/15
Denmark,762299,2021/12/29
United Arab Emirates,757145,2021/12/29
United Arab Emirates,754911,2021/12/28
United Arab Emirates,753065,2021/12/27
United Arab Emirates,751333,2021/12/26
United Arab Emirates,749530,2021/12/25
United Arab Emirates,747909,2021/12/24
Ireland,747895,2021/12/29
United Arab Emirates,746557,2021/12/23
United Arab Emirates,745555,2021/12/22
United Arab Emirates,744890,2021/12/21
United Arab Emirates,744438,2021/12/20
United Arab Emirates,744137,2021/12/19
United Arab Emirates,743586,2021/12/17
United Arab Emirates,743586,2021/12/18
United Arab Emirates,743352,2021/12/16
United Arab Emirates,743152,2021/12/15
Bulgaria,740682,2021/12/29
Denmark,739071,2021/12/28
Bulgaria,737233,2021/12/28
Bulgaria,735998,2021/12/27
Bulgaria,734720,2021/12/26
Bulgaria,733882,2021/12/25
Bulgaria,733139,2021/12/24
Bulgaria,732106,2021/12/23
Ireland,731467,2021/12/28
Bulgaria,730140,2021/12/22
Bulgaria,728677,2021/12/21
Bulgaria,726794,2021/12/20
Denmark,726071,2021/12/27
Bulgaria,724793,2021/12/19
Bulgaria,724337,2021/12/18
Tunisia,724092,2021/12/28
Tunisia,724092,2021/12/29
Bulgaria,723433,2021/12/17
Tunisia,723422,2021/12/27
Tunisia,722795,2021/12/25
Tunisia,722795,2021/12/26
Ireland,722461,2021/12/27
Tunisia,722443,2021/12/24
Tunisia,722123,2021/12/23
Bulgaria,721819,2021/12/16
Tunisia,721797,2021/12/22
Tunisia,721450,2021/12/21
Tunisia,721103,2021/12/20
Tunisia,721031,2021/12/19
Tunisia,720853,2021/12/18
Tunisia,720518,2021/12/16
Tunisia,720518,2021/12/17
Bulgaria,720376,2021/12/15
Tunisia,720143,2021/12/15
Lebanon,719103,2021/12/29
Lebanon,715950,2021/12/28
Ireland,715726,2021/12/26
Lebanon,713670,2021/12/27
Lebanon,712570,2021/12/26
Lebanon,711259,2021/12/25
Lebanon,709242,2021/12/24
Lebanon,707123,2021/12/23
Lebanon,705477,2021/12/22
Ireland,705322,2021/12/25
Croatia,703720,2021/12/29
Lebanon,703555,2021/12/21
Lebanon,701749,2021/12/20
Lebanon,700943,2021/12/19
Lebanon,699464,2021/12/18
Croatia,697952,2021/12/28
Lebanon,697774,2021/12/17
Belarus,696220,2021/12/29
Lebanon,696168,2021/12/16
Belarus,694727,2021/12/28
Lebanon,694256,2021/12/15
Belarus,694226,2021/12/27
Croatia,693813,2021/12/27
Belarus,693584,2021/12/26
Croatia,693253,2021/12/26
Croatia,693102,2021/12/25
Belarus,692601,2021/12/25
Ireland,691557,2021/12/24
Belarus,691072,2021/12/24
Croatia,689831,2021/12/24
Belarus,689151,2021/12/23
Belarus,687948,2021/12/22
Croatia,686590,2021/12/23
Belarus,686294,2021/12/21
Belarus,685462,2021/12/20
Denmark,685036,2021/12/24
Denmark,685036,2021/12/25
Denmark,685036,2021/12/26
Belarus,684628,2021/12/19
Belarus,683172,2021/12/18
Croatia,682759,2021/12/22
Belarus,681517,2021/12/17
Ireland,680375,2021/12/23
Belarus,679873,2021/12/16
Croatia,678533,2021/12/21
Belarus,678277,2021/12/15
Croatia,675730,2021/12/20
Croatia,675363,2021/12/19
Denmark,673807,2021/12/23
Croatia,673427,2021/12/18
Ireland,672964,2021/12/22
Croatia,669940,2021/12/17
Ireland,666657,2021/12/21
Croatia,666162,2021/12/16
Croatia,662397,2021/12/15
Ireland,661388,2021/12/20
Denmark,661320,2021/12/22
Ireland,656600,2021/12/19
Ireland,651476,2021/12/18
Denmark,647934,2021/12/21
Ireland,644143,2021/12/17
Ireland,640548,2021/12/16
Ireland,636407,2021/12/15
Denmark,627356,2021/12/20
Guatemala,626675,2021/12/29
South Korea,625967,2021/12/29
Guatemala,625854,2021/12/28
Guatemala,625257,2021/12/27
Guatemala,625166,2021/12/26
Guatemala,625127,2021/12/25
Guatemala,625029,2021/12/24
Guatemala,624866,2021/12/23
Guatemala,624544,2021/12/22
Guatemala,624171,2021/12/21
Guatemala,623795,2021/12/20
Guatemala,623731,2021/12/19
Guatemala,623662,2021/12/18
Guatemala,623449,2021/12/17
Guatemala,623195,2021/12/16
Guatemala,622866,2021/12/15
South Korea,620938,2021/12/28
Denmark,617274,2021/12/19
Azerbaijan,615842,2021/12/29
South Korea,615532,2021/12/27
Azerbaijan,615312,2021/12/28
Azerbaijan,614936,2021/12/27
Azerbaijan,614630,2021/12/26
Azerbaijan,614119,2021/12/25
Azerbaijan,613618,2021/12/24
Azerbaijan,613059,2021/12/23
Azerbaijan,612205,2021/12/22
South Korea,611670,2021/12/26
Azerbaijan,611557,2021/12/21
Azerbaijan,610895,2021/12/20
Azerbaijan,610318,2021/12/19
Azerbaijan,609397,2021/12/18
Denmark,609062,2021/12/18
Azerbaijan,608815,2021/12/17
Azerbaijan,608060,2021/12/16
South Korea,607463,2021/12/25
Azerbaijan,607076,2021/12/15
South Korea,602045,2021/12/24
Denmark,600468,2021/12/17
South Korea,596209,2021/12/23
South Korea,589978,2021/12/22
Denmark,589274,2021/12/16
Sri Lanka,586183,2021/12/29
Bolivia,585624,2021/12/29
Sri Lanka,584586,2021/12/28
Sri Lanka,584107,2021/12/27
Sri Lanka,583649,2021/12/26
Sri Lanka,583251,2021/12/25
South Korea,583065,2021/12/21
Sri Lanka,582722,2021/12/24
Sri Lanka,582149,2021/12/23
Sri Lanka,581595,2021/12/22
Sri Lanka,580922,2021/12/21
Bolivia,580690,2021/12/28
Sri Lanka,580209,2021/12/20
Sri Lanka,579685,2021/12/19
Denmark,579275,2021/12/15
Sri Lanka,579134,2021/12/18
Sri Lanka,578439,2021/12/17
Bolivia,577808,2021/12/27
Sri Lanka,577724,2021/12/16
Sri Lanka,576966,2021/12/15
Bolivia,576602,2021/12/26
South Korea,575615,2021/12/20
Bolivia,575247,2021/12/24
Bolivia,575247,2021/12/25
Bolivia,570876,2021/12/23
Costa Rica,570556,2021/12/28
Costa Rica,570556,2021/12/29
South Korea,570414,2021/12/19
Bolivia,568967,2021/12/21
Bolivia,568967,2021/12/22
Costa Rica,568860,2021/12/21
Costa Rica,568860,2021/12/22
Costa Rica,568860,2021/12/23
Costa Rica,568860,2021/12/24
Costa Rica,568860,2021/12/25
Costa Rica,568860,2021/12/26
Costa Rica,568860,2021/12/27
Costa Rica,568538,2021/12/17
Costa Rica,568538,2021/12/18
Costa Rica,568538,2021/12/19
Costa Rica,568538,2021/12/20
Costa Rica,568428,2021/12/16
Costa Rica,568373,2021/12/15
South Korea,565098,2021/12/18
Bolivia,564747,2021/12/19
Bolivia,564747,2021/12/20
Bolivia,563858,2021/12/18
Bolivia,560684,2021/12/17
South Korea,558864,2021/12/17
Bolivia,558565,2021/12/16
Bolivia,556765,2021/12/15
Saudi Arabia,554665,2021/12/29
Saudi Arabia,553921,2021/12/28
Saudi Arabia,553319,2021/12/27
Saudi Arabia,552795,2021/12/26
Saudi Arabia,552406,2021/12/25
Saudi Arabia,552081,2021/12/24
Saudi Arabia,551749,2021/12/23
South Korea,551551,2021/12/16
Saudi Arabia,551462,2021/12/22
Saudi Arabia,551210,2021/12/21
Saudi Arabia,550988,2021/12/20
Saudi Arabia,550842,2021/12/19
Saudi Arabia,550738,2021/12/18
Saudi Arabia,550622,2021/12/17
Saudi Arabia,550542,2021/12/16
Saudi Arabia,550457,2021/12/15
South Korea,544117,2021/12/15
Ecuador,542960,2021/12/28
Ecuador,542960,2021/12/29
Ecuador,542341,2021/12/27
Ecuador,540122,2021/12/24
Ecuador,540122,2021/12/25
Ecuador,540122,2021/12/26
Ecuador,538218,2021/12/21
Ecuador,538218,2021/12/22
Ecuador,538218,2021/12/23
Ecuador,537032,2021/12/20
Ecuador,536129,2021/12/17
Ecuador,536129,2021/12/18
Ecuador,536129,2021/12/19
Ecuador,535414,2021/12/16
Ecuador,534176,2021/12/15
Myanmar,530276,2021/12/29
Myanmar,530000,2021/12/28
Myanmar,529813,2021/12/27
Myanmar,529613,2021/12/26
Myanmar,529503,2021/12/25
Myanmar,529327,2021/12/24
Myanmar,529114,2021/12/23
Myanmar,528838,2021/12/22
Myanmar,528639,2021/12/21
Myanmar,528380,2021/12/20
Myanmar,528253,2021/12/19
Myanmar,528101,2021/12/18
Myanmar,527931,2021/12/17
Myanmar,527714,2021/12/16
Myanmar,527503,2021/12/15
Oceania,524562,2021/12/29
Lithuania,515892,2021/12/29
Lithuania,513830,2021/12/28
Lithuania,512231,2021/12/27
Lithuania,511580,2021/12/26
Lithuania,510752,2021/12/25
Lithuania,509497,2021/12/24
Lithuania,507916,2021/12/23
Lithuania,506144,2021/12/22
Lithuania,504422,2021/12/21
Lithuania,502969,2021/12/20
Oceania,502695,2021/12/28
Lithuania,502345,2021/12/19
Lithuania,500986,2021/12/18
Lithuania,499262,2021/12/17
Lithuania,497643,2021/12/16
Lithuania,495686,2021/12/15
Panama,491043,2021/12/29
Panama,489695,2021/12/28
Panama,488341,2021/12/27
Panama,487767,2021/12/26
Panama,487204,2021/12/25
Panama,485512,2021/12/23
Panama,485512,2021/12/24
Oceania,484963,2021/12/27
Panama,484793,2021/12/22
Panama,483638,2021/12/21
Panama,483386,2021/12/20
Panama,483063,2021/12/19
Panama,482677,2021/12/17
Panama,482677,2021/12/18
Panama,481824,2021/12/16
Panama,481438,2021/12/15
Oceania,472881,2021/12/26
Palestine,469748,2021/12/29
Palestine,469452,2021/12/28
Palestine,468619,2021/12/27
Palestine,467682,2021/12/23
Palestine,467682,2021/12/24
Palestine,467682,2021/12/25
Palestine,467682,2021/12/26
Palestine,467391,2021/12/22
Palestine,467058,2021/12/21
Palestine,466669,2021/12/20
Paraguay,465824,2021/12/29
Paraguay,465564,2021/12/27
Paraguay,465564,2021/12/28
Palestine,465094,2021/12/15
Palestine,465094,2021/12/16
Palestine,465094,2021/12/17
Palestine,465094,2021/12/18
Palestine,465094,2021/12/19
Paraguay,465028,2021/12/23
Paraguay,465028,2021/12/24
Paraguay,465028,2021/12/25
Paraguay,465028,2021/12/26
Paraguay,464793,2021/12/21
Paraguay,464793,2021/12/22
Paraguay,464703,2021/12/20
Paraguay,464096,2021/12/17
Paraguay,464096,2021/12/18
Paraguay,464096,2021/12/19
Paraguay,464004,2021/12/15
Paraguay,464004,2021/12/16
Oceania,462953,2021/12/25
Slovenia,460435,2021/12/29
Slovenia,458568,2021/12/28
Slovenia,456755,2021/12/27
Slovenia,456057,2021/12/26
Slovenia,455386,2021/12/25
Slovenia,454298,2021/12/24
Oceania,453358,2021/12/24
Slovenia,453093,2021/12/23
Slovenia,451966,2021/12/22
Slovenia,450703,2021/12/21
Slovenia,449149,2021/12/20
Slovenia,448562,2021/12/19
Slovenia,447794,2021/12/18
Slovenia,446506,2021/12/17
Slovenia,445228,2021/12/16
Venezuela,443983,2021/12/28
Venezuela,443983,2021/12/29
Slovenia,443873,2021/12/15
Oceania,443343,2021/12/23
Venezuela,443332,2021/12/26
Venezuela,443332,2021/12/27
Venezuela,442999,2021/12/24
Venezuela,442999,2021/12/25
Venezuela,442431,2021/12/23
Venezuela,442178,2021/12/22
Venezuela,441937,2021/12/21
Venezuela,441562,2021/12/19
Venezuela,441562,2021/12/20
Venezuela,440784,2021/12/18
Venezuela,440398,2021/12/17
Venezuela,439935,2021/12/16
Venezuela,439444,2021/12/15
Oceania,435003,2021/12/22
Oceania,426458,2021/12/21
Oceania,420842,2021/12/20
Dominican Republic,416270,2021/12/29
Oceania,416229,2021/12/19
Kuwait,416077,2021/12/29
Kuwait,415678,2021/12/28
Dominican Republic,415359,2021/12/28
Kuwait,415349,2021/12/27
Kuwait,415151,2021/12/26
Kuwait,414911,2021/12/25
Kuwait,414761,2021/12/24
Dominican Republic,414704,2021/12/27
Kuwait,414591,2021/12/23
Kuwait,414413,2021/12/22
Kuwait,414270,2021/12/21
Dominican Republic,414226,2021/12/26
Kuwait,414178,2021/12/20
Kuwait,414098,2021/12/19
Kuwait,414023,2021/12/18
Kuwait,413972,2021/12/17
Kuwait,413891,2021/12/16
Dominican Republic,413887,2021/12/25
Kuwait,413847,2021/12/15
Dominican Republic,413191,2021/12/24
Dominican Republic,412685,2021/12/23
Dominican Republic,412263,2021/12/22
Oceania,412128,2021/12/18
Dominican Republic,412022,2021/12/21
Dominican Republic,411883,2021/12/20
Dominican Republic,411721,2021/12/19
Dominican Republic,411449,2021/12/18
Dominican Republic,411266,2021/12/17
Dominican Republic,411014,2021/12/16
Dominican Republic,410926,2021/12/15
Ethiopia,410445,2021/12/29
Uruguay,410311,2021/12/29
Uruguay,408894,2021/12/28
Oceania,408207,2021/12/17
Uruguay,407981,2021/12/27
Uruguay,407381,2021/12/26
Uruguay,407099,2021/12/25
Uruguay,406739,2021/12/24
Uruguay,406127,2021/12/23
Ethiopia,405745,2021/12/28
Uruguay,405681,2021/12/22
Uruguay,405236,2021/12/21
Uruguay,404821,2021/12/20
Uruguay,404460,2021/12/19
Uruguay,404255,2021/12/18
Oceania,404060,2021/12/16
Uruguay,403899,2021/12/17
Uruguay,403582,2021/12/16
Uruguay,403293,2021/12/15
Ethiopia,400560,2021/12/27
Oceania,400140,2021/12/15
Ethiopia,398696,2021/12/26
Ethiopia,395750,2021/12/25
Ethiopia,390737,2021/12/24
Mongolia,389089,2021/12/29
Mongolia,388755,2021/12/27
Mongolia,388755,2021/12/28
Mongolia,388598,2021/12/26
Mongolia,388311,2021/12/24
Mongolia,388311,2021/12/25
Mongolia,387875,2021/12/22
Mongolia,387875,2021/12/23
Mongolia,387684,2021/12/21
Libya,387543,2021/12/29
Norway,387196,2021/12/29
Mongolia,387116,2021/12/19
Mongolia,387116,2021/12/20
Libya,386878,2021/12/28
Mongolia,386787,2021/12/18
Mongolia,386520,2021/12/17
Libya,386279,2021/12/27
Mongolia,386258,2021/12/16
Ethiopia,386164,2021/12/23
Mongolia,385973,2021/12/15
Libya,385398,2021/12/26
Libya,384663,2021/12/24
Libya,384663,2021/12/25
Libya,384005,2021/12/23
Egypt,383857,2021/12/29
Libya,383445,2021/12/22
Egypt,383003,2021/12/28
Libya,382884,2021/12/21
Norway,382789,2021/12/28
Ethiopia,382371,2021/12/22
Libya,382341,2021/12/20
Egypt,382194,2021/12/27
Libya,381749,2021/12/19
Egypt,381343,2021/12/26
Libya,381023,2021/12/17
Libya,381023,2021/12/18
Egypt,380520,2021/12/25
Libya,380464,2021/12/16
Libya,379816,2021/12/15
Egypt,379654,2021/12/24
Honduras,379402,2021/12/28
Honduras,379402,2021/12/29
Ethiopia,379379,2021/12/21
Honduras,379276,2021/12/27
Honduras,379073,2021/12/25
Honduras,379073,2021/12/26
Egypt,378843,2021/12/23
Honduras,378685,2021/12/15
Honduras,378685,2021/12/16
Honduras,378685,2021/12/17
Honduras,378685,2021/12/18
Honduras,378685,2021/12/19
Honduras,378685,2021/12/20
Honduras,378685,2021/12/21
Honduras,378685,2021/12/22
Honduras,378685,2021/12/23
Honduras,378685,2021/12/24
Norway,378087,2021/12/27
Egypt,377960,2021/12/22
Egypt,377081,2021/12/21
Ethiopia,377056,2021/12/20
Ethiopia,376375,2021/12/19
Egypt,376233,2021/12/20
Ethiopia,375810,2021/12/18
Moldova,375358,2021/12/29
Egypt,375330,2021/12/19
Moldova,375065,2021/12/28
Ethiopia,375019,2021/12/17
Moldova,374763,2021/12/27
Moldova,374526,2021/12/26
Egypt,374411,2021/12/18
Ethiopia,374402,2021/12/16
Moldova,374349,2021/12/25
Norway,374337,2021/12/26
Moldova,374120,2021/12/24
Ethiopia,373860,2021/12/15
Moldova,373752,2021/12/23
Egypt,373509,2021/12/17
Moldova,373373,2021/12/22
Moldova,372983,2021/12/21
Egypt,372599,2021/12/16
Moldova,372429,2021/12/20
Moldova,372200,2021/12/19
Moldova,372154,2021/12/18
Norway,372123,2021/12/25
Moldova,371850,2021/12/17
Egypt,371698,2021/12/15
Moldova,371410,2021/12/16
Moldova,370951,2021/12/15
Norway,370134,2021/12/24
Norway,367866,2021/12/23
Norway,363554,2021/12/22
Australia,361322,2021/12/29
Norway,359264,2021/12/21
Norway,354465,2021/12/20
Norway,350424,2021/12/19
Norway,347402,2021/12/18
Armenia,344737,2021/12/29
Armenia,344649,2021/12/28
Armenia,344540,2021/12/27
Armenia,344481,2021/12/26
Armenia,344379,2021/12/25
Armenia,344261,2021/12/24
Armenia,344126,2021/12/23
Armenia,343997,2021/12/22
Armenia,343845,2021/12/21
Armenia,343708,2021/12/20
Norway,343697,2021/12/17
Armenia,343636,2021/12/19
Armenia,343506,2021/12/18
Armenia,343350,2021/12/17
Armenia,343157,2021/12/16
Armenia,342977,2021/12/15
Australia,339953,2021/12/28
Norway,339008,2021/12/16
Norway,334488,2021/12/15
Australia,322275,2021/12/27
Australia,310478,2021/12/26
Oman,305357,2021/12/29
Oman,305253,2021/12/28
Oman,305174,2021/12/27
Oman,305105,2021/12/26
Oman,304984,2021/12/23
Oman,304984,2021/12/24
Oman,304984,2021/12/25
Oman,304938,2021/12/22
Oman,304896,2021/12/21
Oman,304874,2021/12/20
Oman,304843,2021/12/19
Oman,304783,2021/12/16
Oman,304783,2021/12/17
Oman,304783,2021/12/18
Oman,304761,2021/12/15
Australia,300594,2021/12/25
Australia,291135,2021/12/24
Bosnia and Herzegovina,289676,2021/12/29
Kenya,288951,2021/12/29
Bosnia and Herzegovina,288876,2021/12/28
Bosnia and Herzegovina,288128,2021/12/27
Bosnia and Herzegovina,287276,2021/12/24
Bosnia and Herzegovina,287276,2021/12/25
Bosnia and Herzegovina,287276,2021/12/26
Bosnia and Herzegovina,286792,2021/12/23
Bosnia and Herzegovina,286276,2021/12/22
Bosnia and Herzegovina,285724,2021/12/21
Kenya,285654,2021/12/28
Bosnia and Herzegovina,285133,2021/12/20
Bosnia and Herzegovina,284272,2021/12/17
Bosnia and Herzegovina,284272,2021/12/18
Bosnia and Herzegovina,284272,2021/12/19
Kenya,284150,2021/12/27
Bosnia and Herzegovina,283784,2021/12/16
Bosnia and Herzegovina,283109,2021/12/15
Kenya,282554,2021/12/26
Kenya,281358,2021/12/25
Australia,281280,2021/12/23
Bahrain,280876,2021/12/29
Bahrain,280482,2021/12/28
Bahrain,280109,2021/12/27
Bahrain,279805,2021/12/26
Bahrain,279518,2021/12/25
Bahrain,279277,2021/12/24
Bahrain,279056,2021/12/23
Bahrain,278875,2021/12/22
Singapore,278750,2021/12/29
Bahrain,278714,2021/12/21
Bahrain,278600,2021/12/20
Bahrain,278499,2021/12/19
Bahrain,278410,2021/12/18
Singapore,278409,2021/12/28
Bahrain,278309,2021/12/17
Bahrain,278257,2021/12/16
Bahrain,278202,2021/12/15
Singapore,278044,2021/12/27
Singapore,277764,2021/12/26
Kenya,277609,2021/12/24
Singapore,277555,2021/12/25
Singapore,277307,2021/12/24
Singapore,277042,2021/12/23
Singapore,276720,2021/12/22
Singapore,276385,2021/12/21
Singapore,276105,2021/12/20
Singapore,275910,2021/12/19
Singapore,275655,2021/12/18
Singapore,275384,2021/12/17
Singapore,274972,2021/12/16
Kenya,274645,2021/12/23
Singapore,274617,2021/12/15
Latvia,274271,2021/12/29
Australia,273062,2021/12/22
Latvia,272952,2021/12/28
Latvia,271766,2021/12/27
Latvia,271431,2021/12/26
Latvia,271228,2021/12/25
Latvia,271106,2021/12/24
Kenya,270899,2021/12/22
Latvia,270158,2021/12/23
Latvia,269204,2021/12/22
Latvia,268456,2021/12/21
Kenya,267571,2021/12/21
Latvia,267465,2021/12/20
Latvia,267139,2021/12/19
Latvia,266716,2021/12/18
Latvia,265806,2021/12/17
Latvia,264965,2021/12/16
Kenya,264727,2021/12/20
Australia,264705,2021/12/21
Latvia,264031,2021/12/15
Kenya,263707,2021/12/19
Kenya,262335,2021/12/18
Kenya,260166,2021/12/17
Australia,259174,2021/12/20
Kenya,258557,2021/12/16
Kenya,257614,2021/12/15
Australia,254682,2021/12/19
Australia,250651,2021/12/18
Qatar,249245,2021/12/29
Qatar,248802,2021/12/28
Qatar,248435,2021/12/27
Qatar,248092,2021/12/26
Qatar,247796,2021/12/25
Qatar,247517,2021/12/24
Qatar,247269,2021/12/23
Qatar,247082,2021/12/22
Qatar,246897,2021/12/21
Australia,246789,2021/12/17
Qatar,246714,2021/12/20
Qatar,246537,2021/12/19
Qatar,246367,2021/12/18
Qatar,246188,2021/12/17
Qatar,246024,2021/12/16
Qatar,245855,2021/12/15
Zambia,243638,2021/12/29
Australia,242772,2021/12/16
Nigeria,240387,2021/12/29
Finland,239339,2021/12/29
Nigeria,239019,2021/12/28
Australia,238970,2021/12/15
Estonia,238957,2021/12/29
Nigeria,238420,2021/12/27
Zambia,238383,2021/12/28
Estonia,238079,2021/12/28
Nigeria,237561,2021/12/26
Estonia,237099,2021/12/27
Finland,236755,2021/12/28
Estonia,236565,2021/12/26
Estonia,236133,2021/12/25
Nigeria,236014,2021/12/25
Estonia,235668,2021/12/24
Estonia,234958,2021/12/23
Nigeria,234709,2021/12/24
Zambia,234476,2021/12/27
Estonia,234092,2021/12/22
Finland,234041,2021/12/27
Estonia,233367,2021/12/21
Nigeria,233353,2021/12/23
Zambia,233120,2021/12/26
Estonia,232506,2021/12/20
Estonia,232120,2021/12/19
Estonia,231694,2021/12/18
Zambia,231581,2021/12/25
Nigeria,231413,2021/12/22
Estonia,231117,2021/12/17
Estonia,230514,2021/12/16
Finland,230392,2021/12/24
Finland,230392,2021/12/25
Finland,230392,2021/12/26
Estonia,229869,2021/12/15
Zambia,228932,2021/12/24
Finland,227169,2021/12/23
Zambia,225260,2021/12/23
Nigeria,225255,2021/12/20
Nigeria,225255,2021/12/21
Finland,224169,2021/12/22
North Macedonia,224134,2021/12/29
North Macedonia,223739,2021/12/28
Nigeria,223483,2021/12/19
North Macedonia,223330,2021/12/27
North Macedonia,223211,2021/12/26
North Macedonia,222932,2021/12/25
North Macedonia,222666,2021/12/24
Nigeria,222655,2021/12/17
Nigeria,222655,2021/12/18
North Macedonia,222333,2021/12/23
North Macedonia,222064,2021/12/22
Zambia,221880,2021/12/22
North Macedonia,221744,2021/12/21
North Macedonia,221411,2021/12/20
Finland,221292,2021/12/21
North Macedonia,221285,2021/12/19
North Macedonia,221095,2021/12/18
Nigeria,221071,2021/12/16
North Macedonia,220794,2021/12/17
North Macedonia,220467,2021/12/16
North Macedonia,220169,2021/12/15
Nigeria,220020,2021/12/15
Finland,219250,2021/12/20
Zambia,219023,2021/12/21
Algeria,217647,2021/12/29
Algeria,217265,2021/12/28
Zambia,217117,2021/12/20
Algeria,216930,2021/12/27
Algeria,216637,2021/12/26
Zambia,216508,2021/12/19
Algeria,216376,2021/12/25
Algeria,216098,2021/12/24
Algeria,215723,2021/12/23
Zambia,215472,2021/12/18
Algeria,215430,2021/12/22
Algeria,215145,2021/12/21
Algeria,214835,2021/12/20
Algeria,214592,2021/12/19
Zambia,214433,2021/12/17
Algeria,214330,2021/12/18
Algeria,214044,2021/12/17
Algeria,213745,2021/12/16
Algeria,213533,2021/12/15
Finland,213318,2021/12/17
Finland,213318,2021/12/18
Finland,213318,2021/12/19
Zambia,213139,2021/12/16
Botswana,212482,2021/12/27
Botswana,212482,2021/12/28
Botswana,212482,2021/12/29
Zambia,212278,2021/12/15
Finland,211239,2021/12/16
Finland,209258,2021/12/15
Botswana,208994,2021/12/23
Botswana,208994,2021/12/24
Botswana,208994,2021/12/25
Botswana,208994,2021/12/26
Albania,208899,2021/12/29
Albania,208352,2021/12/28
Albania,207709,2021/12/26
Albania,207709,2021/12/27
Zimbabwe,207548,2021/12/28
Zimbabwe,207548,2021/12/29
Albania,207542,2021/12/25
Albania,207221,2021/12/24
Albania,206935,2021/12/23
Albania,206616,2021/12/22
Albania,206273,2021/12/21
Albania,205897,2021/12/20
Albania,205777,2021/12/19
Albania,205549,2021/12/18
Zimbabwe,205449,2021/12/27
Albania,205224,2021/12/17
Albania,204928,2021/12/16
Botswana,204701,2021/12/20
Botswana,204701,2021/12/21
Botswana,204701,2021/12/22
Albania,204627,2021/12/15
Zimbabwe,204351,2021/12/26
Zimbabwe,203746,2021/12/25
Zimbabwe,202736,2021/12/24
Zimbabwe,201344,2021/12/23
Botswana,199864,2021/12/16
Botswana,199864,2021/12/17
Botswana,199864,2021/12/18
Botswana,199864,2021/12/19
Zimbabwe,199404,2021/12/22
Uzbekistan,198626,2021/12/29
Uzbekistan,198487,2021/12/28
Uzbekistan,198387,2021/12/27
Uzbekistan,198242,2021/12/26
Uzbekistan,198099,2021/12/25
Uzbekistan,197918,2021/12/24
Zimbabwe,197768,2021/12/21
Uzbekistan,197753,2021/12/23
Botswana,197644,2021/12/15
Uzbekistan,197566,2021/12/22
Uzbekistan,197392,2021/12/21
Uzbekistan,197268,2021/12/20
Uzbekistan,197074,2021/12/19
Uzbekistan,196900,2021/12/18
Uzbekistan,196739,2021/12/17
Uzbekistan,196522,2021/12/16
Uzbekistan,196303,2021/12/15
Zimbabwe,195079,2021/12/20
Zimbabwe,191673,2021/12/19
Zimbabwe,189567,2021/12/17
Zimbabwe,189567,2021/12/18
Kyrgyzstan,184592,2021/12/29
Kyrgyzstan,184552,2021/12/28
Kyrgyzstan,184506,2021/12/26
Kyrgyzstan,184506,2021/12/27
Kyrgyzstan,184439,2021/12/24
Kyrgyzstan,184439,2021/12/25
Kyrgyzstan,184356,2021/12/22
Kyrgyzstan,184356,2021/12/23
Kyrgyzstan,184269,2021/12/21
Kyrgyzstan,184218,2021/12/20
Kyrgyzstan,184195,2021/12/19
Kyrgyzstan,184163,2021/12/18
Kyrgyzstan,184123,2021/12/17
Kyrgyzstan,184094,2021/12/16
Kyrgyzstan,184055,2021/12/15
Zimbabwe,182057,2021/12/16
Mozambique,179272,2021/12/29
Zimbabwe,177690,2021/12/15
Mozambique,175648,2021/12/28
Mozambique,172175,2021/12/27
Mozambique,171502,2021/12/26
Mozambique,170975,2021/12/25
Mozambique,170077,2021/12/24
Mozambique,167307,2021/12/23
Montenegro,166581,2021/12/29
Montenegro,165074,2021/12/28
Mozambique,164862,2021/12/22
Montenegro,163954,2021/12/27
Montenegro,163373,2021/12/26
Montenegro,162828,2021/12/25
Mozambique,162525,2021/12/21
Montenegro,162364,2021/12/24
Montenegro,161944,2021/12/23
Montenegro,161672,2021/12/22
Kosovo,161389,2021/12/29
Montenegro,161364,2021/12/21
Kosovo,161356,2021/12/28
Kosovo,161343,2021/12/27
Kosovo,161339,2021/12/26
Kosovo,161327,2021/12/25
Kosovo,161311,2021/12/24
Kosovo,161298,2021/12/23
Kosovo,161294,2021/12/22
Kosovo,161274,2021/12/21
Kosovo,161265,2021/12/20
Kosovo,161262,2021/12/19
Kosovo,161258,2021/12/18
Kosovo,161246,2021/12/17
Kosovo,161235,2021/12/16
Kosovo,161227,2021/12/15
Montenegro,161127,2021/12/20
Montenegro,160995,2021/12/19
Montenegro,160818,2021/12/18
Montenegro,160655,2021/12/17
Montenegro,160457,2021/12/16
Mozambique,160457,2021/12/20
Montenegro,160270,2021/12/15
Mozambique,159904,2021/12/19
Mozambique,158111,2021/12/17
Mozambique,158111,2021/12/18
Afghanistan,158037,2021/12/29
Afghanistan,157998,2021/12/28
Afghanistan,157967,2021/12/27
Afghanistan,157951,2021/12/26
Cyprus,157928,2021/12/29
Afghanistan,157895,2021/12/25
Afghanistan,157887,2021/12/24
Afghanistan,157878,2021/12/23
Afghanistan,157841,2021/12/22
Afghanistan,157816,2021/12/21
Afghanistan,157797,2021/12/20
Afghanistan,157787,2021/12/19
Afghanistan,157745,2021/12/18
Afghanistan,157734,2021/12/17
Afghanistan,157725,2021/12/16
Afghanistan,157665,2021/12/15
Mozambique,156729,2021/12/16
Mozambique,155495,2021/12/15
Cyprus,154926,2021/12/28
Cyprus,152685,2021/12/27
Cyprus,150760,2021/12/26
Cyprus,149848,2021/12/25
Cyprus,149580,2021/12/24
Cyprus,148663,2021/12/23
Cyprus,147685,2021/12/22
Cyprus,146802,2021/12/21
Namibia,146720,2021/12/29
Namibia,146459,2021/12/28
Namibia,146097,2021/12/27
Cyprus,145996,2021/12/20
Namibia,145637,2021/12/26
Cyprus,145161,2021/12/19
Cyprus,144713,2021/12/18
Namibia,144629,2021/12/25
Cyprus,144205,2021/12/17
Namibia,143576,2021/12/24
Cyprus,143510,2021/12/16
Cyprus,142878,2021/12/15
Ghana,141295,2021/12/29
Namibia,141045,2021/12/22
Namibia,141045,2021/12/23
Ghana,140221,2021/12/28
Namibia,139518,2021/12/20
Namibia,139518,2021/12/21
Ghana,138957,2021/12/27
Namibia,138184,2021/12/19
Uganda,137337,2021/12/29
Namibia,136921,2021/12/18
Ghana,136436,2021/12/26
Uganda,136065,2021/12/28
Uganda,135091,2021/12/27
Namibia,134694,2021/12/17
Ghana,134555,2021/12/23
Ghana,134555,2021/12/24
Ghana,134555,2021/12/25
Uganda,134348,2021/12/26
Namibia,134154,2021/12/16
Ghana,133555,2021/12/22
Namibia,133444,2021/12/15
Uganda,133232,2021/12/25
Ghana,132609,2021/12/21
Ghana,132132,2021/12/20
Uganda,131981,2021/12/24
Ghana,131911,2021/12/16
Ghana,131911,2021/12/17
Ghana,131911,2021/12/18
Ghana,131911,2021/12/19
Ghana,131840,2021/12/15
Uganda,130888,2021/12/23
Uganda,130178,2021/12/22
Uganda,129676,2021/12/21
Uganda,129319,2021/12/20
Uganda,129061,2021/12/19
Uganda,128764,2021/12/18
Uganda,128578,2021/12/17
Uganda,128369,2021/12/16
Uganda,128279,2021/12/15
El Salvador,121741,2021/12/24
El Salvador,121741,2021/12/25
El Salvador,121741,2021/12/26
El Salvador,121741,2021/12/27
El Salvador,121741,2021/12/28
El Salvador,121741,2021/12/29
El Salvador,121661,2021/12/23
El Salvador,121623,2021/12/21
El Salvador,121623,2021/12/22
El Salvador,121530,2021/12/19
El Salvador,121530,2021/12/20
El Salvador,121484,2021/12/18
El Salvador,121437,2021/12/17
El Salvador,121384,2021/12/16
El Salvador,121267,2021/12/15
Cambodia,120473,2021/12/29
Cambodia,120469,2021/12/28
Cambodia,120464,2021/12/27
Cambodia,120449,2021/12/26
Cambodia,120445,2021/12/25
Cambodia,120440,2021/12/24
Cambodia,120434,2021/12/23
Cambodia,120430,2021/12/22
Cambodia,120427,2021/12/21
Cambodia,120423,2021/12/20
Cambodia,120416,2021/12/19
Cambodia,120410,2021/12/18
Cambodia,120405,2021/12/17
Cambodia,120397,2021/12/16
Cambodia,120390,2021/12/15
Cameroon,109367,2021/12/28
Cameroon,109367,2021/12/29
Rwanda,109070,2021/12/29
Laos,108782,2021/12/29
Cameroon,108676,2021/12/26
Cameroon,108676,2021/12/27
Cameroon,108451,2021/12/23
Cameroon,108451,2021/12/24
Cameroon,108451,2021/12/25
Cameroon,108410,2021/12/22
Cameroon,108026,2021/12/20
Cameroon,108026,2021/12/21
Laos,107740,2021/12/28
Cameroon,107662,2021/12/15
Cameroon,107662,2021/12/16
Cameroon,107662,2021/12/17
Cameroon,107662,2021/12/18
Cameroon,107662,2021/12/19
Rwanda,106987,2021/12/28
Laos,106778,2021/12/27
Laos,106231,2021/12/26
Rwanda,105989,2021/12/27
Laos,105380,2021/12/25
Rwanda,105027,2021/12/26
Rwanda,104512,2021/12/25
Laos,104373,2021/12/24
Rwanda,103799,2021/12/24
Rwanda,103170,2021/12/23
Rwanda,102697,2021/12/22
Rwanda,102232,2021/12/21
China,101890,2021/12/29
Rwanda,101889,2021/12/20
Laos,101865,2021/12/22
Laos,101865,2021/12/23
China,101683,2021/12/28
Rwanda,101582,2021/12/19
China,101486,2021/12/27
Rwanda,101413,2021/12/18
Luxembourg,101256,2021/12/29
Rwanda,101183,2021/12/17
China,101125,2021/12/26
Rwanda,101030,2021/12/16
China,100917,2021/12/25
Rwanda,100888,2021/12/15
China,100871,2021/12/24
China,100731,2021/12/23
China,100644,2021/12/22
China,100545,2021/12/21
Laos,100524,2021/12/21
China,100467,2021/12/20
China,100386,2021/12/19
China,100284,2021/12/18
Luxembourg,100203,2021/12/28
China,100201,2021/12/17
China,100076,2021/12/16
China,100000,2021/12/15
Luxembourg,99717,2021/12/27
Laos,99396,2021/12/20
Luxembourg,98983,2021/12/24
Luxembourg,98983,2021/12/25
Luxembourg,98983,2021/12/26
Laos,98572,2021/12/19
Luxembourg,98440,2021/12/23
Luxembourg,97858,2021/12/22
Laos,97505,2021/12/18
Luxembourg,97258,2021/12/21
Luxembourg,97029,2021/12/20
Laos,96256,2021/12/17
Luxembourg,96108,2021/12/17
Luxembourg,96108,2021/12/18
Luxembourg,96108,2021/12/19
Luxembourg,95759,2021/12/16
Maldives,95420,2021/12/29
Luxembourg,95222,2021/12/15
Maldives,95222,2021/12/28
Maldives,95032,2021/12/27
Maldives,94864,2021/12/26
Maldives,94732,2021/12/25
Maldives,94564,2021/12/24
Laos,94554,2021/12/16
Maldives,94444,2021/12/23
Maldives,94299,2021/12/22
Maldives,94178,2021/12/21
Maldives,94057,2021/12/20
Maldives,93957,2021/12/19
Maldives,93864,2021/12/18
Maldives,93733,2021/12/17
Maldives,93629,2021/12/16
Maldives,93532,2021/12/15
Laos,93061,2021/12/15
Jamaica,92950,2021/12/28
Jamaica,92950,2021/12/29
Jamaica,92705,2021/12/26
Jamaica,92705,2021/12/27
Jamaica,92513,2021/12/25
Jamaica,92355,2021/12/24
Jamaica,92279,2021/12/23
Jamaica,92226,2021/12/22
Jamaica,92127,2021/12/21
Jamaica,92089,2021/12/20
Jamaica,92018,2021/12/18
Jamaica,92018,2021/12/19
Jamaica,91972,2021/12/17
Jamaica,91927,2021/12/16
Jamaica,91868,2021/12/15
Trinidad and Tobago,90829,2021/12/29
Trinidad and Tobago,90364,2021/12/28
Trinidad and Tobago,90004,2021/12/27
Trinidad and Tobago,89829,2021/12/26
Trinidad and Tobago,89364,2021/12/25
Trinidad and Tobago,88944,2021/12/24
Trinidad and Tobago,87980,2021/12/23
Trinidad and Tobago,87052,2021/12/22
Trinidad and Tobago,86596,2021/12/21
Trinidad and Tobago,85873,2021/12/20
Trinidad and Tobago,85422,2021/12/19
Trinidad and Tobago,84793,2021/12/18
Trinidad and Tobago,83837,2021/12/17
Trinidad and Tobago,83130,2021/12/16
Trinidad and Tobago,82563,2021/12/15
Angola,78475,2021/12/29
Angola,76787,2021/12/28
Democratic Republic of Congo,74793,2021/12/29
Senegal,74672,2021/12/29
Senegal,74516,2021/12/28
Senegal,74469,2021/12/27
Senegal,74412,2021/12/26
Senegal,74353,2021/12/25
Senegal,74302,2021/12/24
Senegal,74256,2021/12/23
Senegal,74223,2021/12/22
Senegal,74196,2021/12/21
Senegal,74183,2021/12/20
Senegal,74161,2021/12/19
Senegal,74141,2021/12/18
Senegal,74129,2021/12/17
Senegal,74115,2021/12/16
Senegal,74105,2021/12/15
Malawi,73238,2021/12/29
Democratic Republic of Congo,72349,2021/12/27
Democratic Republic of Congo,72349,2021/12/28
Malawi,72135,2021/12/28
Angola,71752,2021/12/26
Angola,71752,2021/12/27
Malawi,71551,2021/12/27
Angola,71142,2021/12/25
Malawi,71007,2021/12/26
Malawi,70682,2021/12/25
Angola,70221,2021/12/24
Democratic Republic of Congo,70059,2021/12/23
Democratic Republic of Congo,70059,2021/12/24
Democratic Republic of Congo,70059,2021/12/25
Democratic Republic of Congo,70059,2021/12/26
Malawi,69735,2021/12/24
Malawi,68470,2021/12/23
Angola,68362,2021/12/23
Democratic Republic of Congo,67298,2021/12/20
Democratic Republic of Congo,67298,2021/12/21
Democratic Republic of Congo,67298,2021/12/22
Malawi,67278,2021/12/22
Angola,67199,2021/12/22
Cote d'Ivoire,66568,2021/12/29
Angola,66566,2021/12/21
Malawi,66166,2021/12/21
Angola,66086,2021/12/20
Angola,65938,2021/12/19
Angola,65868,2021/12/18
Angola,65760,2021/12/17
Angola,65648,2021/12/16
Angola,65565,2021/12/15
Eswatini,65473,2021/12/29
Malawi,65223,2021/12/20
Cote d'Ivoire,65066,2021/12/28
Eswatini,64873,2021/12/28
Malawi,64741,2021/12/19
Eswatini,64561,2021/12/27
Cote d'Ivoire,64527,2021/12/27
Democratic Republic of Congo,64448,2021/12/17
Democratic Republic of Congo,64448,2021/12/18
Democratic Republic of Congo,64448,2021/12/19
Eswatini,64443,2021/12/26
Malawi,64412,2021/12/18
Eswatini,64381,2021/12/25
Eswatini,63953,2021/12/24
Malawi,63944,2021/12/17
Cote d'Ivoire,63847,2021/12/25
Cote d'Ivoire,63847,2021/12/26
Eswatini,63440,2021/12/23
Malawi,63408,2021/12/16
Cote d'Ivoire,63392,2021/12/24
Democratic Republic of Congo,63388,2021/12/16
Cote d'Ivoire,62960,2021/12/23
Malawi,62933,2021/12/15
Eswatini,62890,2021/12/22
Cote d'Ivoire,62583,2021/12/22
Cote d'Ivoire,62336,2021/12/21
Cote d'Ivoire,62166,2021/12/20
Eswatini,62094,2021/12/21
Cote d'Ivoire,62077,2021/12/18
Cote d'Ivoire,62077,2021/12/19
Cote d'Ivoire,62032,2021/12/17
Cote d'Ivoire,61998,2021/12/16
Cote d'Ivoire,61943,2021/12/15
Democratic Republic of Congo,61932,2021/12/15
Eswatini,61146,2021/12/20
Eswatini,60036,2021/12/19
Eswatini,59714,2021/12/18
Eswatini,58876,2021/12/17
Eswatini,57842,2021/12/16
Eswatini,56200,2021/12/15
Fiji,53332,2021/12/29
Fiji,53023,2021/12/27
Fiji,53023,2021/12/28
Fiji,52815,2021/12/24
Fiji,52815,2021/12/25
Fiji,52815,2021/12/26
Fiji,52706,2021/12/22
Fiji,52706,2021/12/23
Fiji,52651,2021/12/20
Fiji,52651,2021/12/21
Fiji,52623,2021/12/17
Fiji,52623,2021/12/18
Fiji,52623,2021/12/19
Fiji,52604,2021/12/15
Fiji,52604,2021/12/16
Suriname,52031,2021/12/29
Suriname,51791,2021/12/28
Suriname,51683,2021/12/27
Suriname,51578,2021/12/25
Suriname,51578,2021/12/26
Suriname,51563,2021/12/24
Suriname,51542,2021/12/23
Suriname,51518,2021/12/22
Suriname,51498,2021/12/21
Suriname,51416,2021/12/19
Suriname,51416,2021/12/20
Suriname,51406,2021/12/18
Suriname,51361,2021/12/17
Suriname,51323,2021/12/15
Suriname,51323,2021/12/16
Madagascar,50279,2021/12/29
Syria,50204,2021/12/29
Syria,50167,2021/12/28
Syria,50127,2021/12/27
Syria,50089,2021/12/26
Syria,50051,2021/12/25
Syria,50007,2021/12/24
Syria,49961,2021/12/23
Syria,49911,2021/12/22
Syria,49861,2021/12/21
Syria,49806,2021/12/20
Syria,49751,2021/12/19
Malta,49717,2021/12/29
Syria,49693,2021/12/18
Syria,49631,2021/12/17
Madagascar,49590,2021/12/25
Madagascar,49590,2021/12/26
Madagascar,49590,2021/12/27
Madagascar,49590,2021/12/28
Syria,49565,2021/12/16
Syria,49493,2021/12/15
Malta,48380,2021/12/28
Madagascar,47295,2021/12/18
Madagascar,47295,2021/12/19
Madagascar,47295,2021/12/20
Madagascar,47295,2021/12/21
Madagascar,47295,2021/12/22
Madagascar,47295,2021/12/23
Madagascar,47295,2021/12/24
Malta,47082,2021/12/27
Sudan,46518,2021/12/29
French Polynesia,46382,2021/12/27
French Polynesia,46382,2021/12/28
French Polynesia,46382,2021/12/29
French Polynesia,46376,2021/12/23
French Polynesia,46376,2021/12/24
French Polynesia,46376,2021/12/25
French Polynesia,46376,2021/12/26
French Polynesia,46375,2021/12/22
French Polynesia,46350,2021/12/21
French Polynesia,46342,2021/12/16
French Polynesia,46342,2021/12/17
French Polynesia,46342,2021/12/18
French Polynesia,46342,2021/12/19
French Polynesia,46342,2021/12/20
French Polynesia,46335,2021/12/15
Sudan,46292,2021/12/28
Malta,46250,2021/12/26
Sudan,46166,2021/12/27
Sudan,46100,2021/12/23
Sudan,46100,2021/12/24
Sudan,46100,2021/12/25
Sudan,46100,2021/12/26
Sudan,46037,2021/12/22
Sudan,45901,2021/12/20
Sudan,45901,2021/12/21
Madagascar,45794,2021/12/15
Madagascar,45794,2021/12/16
Madagascar,45794,2021/12/17
Malta,45678,2021/12/25
Sudan,45112,2021/12/15
Sudan,45112,2021/12/16
Sudan,45112,2021/12/17
Sudan,45112,2021/12/18
Sudan,45112,2021/12/19
Malta,44761,2021/12/24
Malta,43806,2021/12/23
Malta,43073,2021/12/22
Malta,42491,2021/12/21
Malta,42105,2021/12/20
Malta,41853,2021/12/19
Malta,41571,2021/12/18
Malta,41280,2021/12/17
Malta,41059,2021/12/16
Mauritania,40906,2021/12/29
Malta,40892,2021/12/15
Mauritania,40737,2021/12/28
Mauritania,40614,2021/12/27
Mauritania,40504,2021/12/26
Mauritania,40453,2021/12/25
Mauritania,40389,2021/12/24
Mauritania,40308,2021/12/23
Mauritania,40239,2021/12/22
Mauritania,40182,2021/12/21
Mauritania,40126,2021/12/20
Mauritania,40083,2021/12/19
Mauritania,40027,2021/12/18
Mauritania,39990,2021/12/17
Mauritania,39964,2021/12/16
Cape Verde,39947,2021/12/29
Mauritania,39924,2021/12/15
Gabon,39910,2021/12/27
Gabon,39910,2021/12/28
Gabon,39910,2021/12/29
Cape Verde,39345,2021/12/28
Guyana,39238,2021/12/29
Cape Verde,39173,2021/12/27
Guyana,39151,2021/12/28
Guyana,39119,2021/12/27
Guyana,39107,2021/12/26
Guyana,39086,2021/12/25
Cape Verde,39072,2021/12/26
Guyana,39042,2021/12/24
Cape Verde,39013,2021/12/25
Guyana,38998,2021/12/23
Guyana,38966,2021/12/22
Guyana,38926,2021/12/21
Guyana,38891,2021/12/20
Guyana,38870,2021/12/19
Cape Verde,38865,2021/12/24
Guyana,38817,2021/12/18
Guyana,38751,2021/12/17
Cape Verde,38751,2021/12/23
Guyana,38728,2021/12/16
Guyana,38684,2021/12/15
Cape Verde,38655,2021/12/22
Cape Verde,38619,2021/12/21
Cape Verde,38596,2021/12/20
Cape Verde,38589,2021/12/19
Cape Verde,38573,2021/12/18
Cape Verde,38557,2021/12/17
Cape Verde,38541,2021/12/16
Cape Verde,38527,2021/12/15
Gabon,38039,2021/12/22
Gabon,38039,2021/12/23
Gabon,38039,2021/12/24
Gabon,38039,2021/12/25
Gabon,38039,2021/12/26
Gabon,37830,2021/12/20
Gabon,37830,2021/12/21
Gabon,37743,2021/12/17
Gabon,37743,2021/12/18
Gabon,37743,2021/12/19
Gabon,37681,2021/12/15
Gabon,37681,2021/12/16
Papua New Guinea,36137,2021/12/29
Papua New Guinea,36130,2021/12/27
Papua New Guinea,36130,2021/12/28
Papua New Guinea,36110,2021/12/24
Papua New Guinea,36110,2021/12/25
Papua New Guinea,36110,2021/12/26
Papua New Guinea,36059,2021/12/23
Papua New Guinea,36040,2021/12/22
Papua New Guinea,36006,2021/12/21
Papua New Guinea,36004,2021/12/17
Papua New Guinea,36004,2021/12/18
Papua New Guinea,36004,2021/12/19
Papua New Guinea,36004,2021/12/20
Papua New Guinea,35966,2021/12/15
Papua New Guinea,35966,2021/12/16
Belize,32067,2021/12/29
Belize,31734,2021/12/28
Belize,31503,2021/12/24
Belize,31503,2021/12/25
Belize,31503,2021/12/26
Belize,31503,2021/12/27
Belize,31444,2021/12/23
Guinea,31412,2021/12/29
Belize,31387,2021/12/22
Belize,31322,2021/12/21
Belize,31294,2021/12/20
Belize,31246,2021/12/17
Belize,31246,2021/12/18
Belize,31246,2021/12/19
Guinea,31238,2021/12/28
Belize,31217,2021/12/16
Belize,31187,2021/12/15
Guinea,31130,2021/12/27
Guinea,31117,2021/12/26
Guinea,31038,2021/12/25
Guinea,30976,2021/12/24
Guinea,30938,2021/12/23
Guinea,30888,2021/12/22
Guinea,30814,2021/12/15
Guinea,30814,2021/12/16
Guinea,30814,2021/12/17
Guinea,30814,2021/12/18
Guinea,30814,2021/12/19
Guinea,30814,2021/12/20
Guinea,30814,2021/12/21
Tanzania,29306,2021/12/29
Togo,28925,2021/12/28
Togo,28925,2021/12/29
Togo,28504,2021/12/27
Togo,28268,2021/12/26
Lesotho,28195,2021/12/29
Lesotho,28126,2021/12/26
Lesotho,28126,2021/12/27
Lesotho,28126,2021/12/28
Barbados,28063,2021/12/29
Togo,27992,2021/12/25
Barbados,27836,2021/12/28
Barbados,27724,2021/12/27
Barbados,27673,2021/12/26
Barbados,27629,2021/12/25
Lesotho,27595,2021/12/24
Lesotho,27595,2021/12/25
Barbados,27486,2021/12/23
Barbados,27486,2021/12/24
Togo,27405,2021/12/23
Togo,27405,2021/12/24
Burundi,27366,2021/12/29
Barbados,27308,2021/12/22
Barbados,27218,2021/12/20
Barbados,27218,2021/12/21
Barbados,27169,2021/12/18
Barbados,27169,2021/12/19
Barbados,27126,2021/12/17
Togo,27108,2021/12/22
Barbados,27071,2021/12/16
Barbados,27027,2021/12/15
Burundi,26999,2021/12/28
Togo,26911,2021/12/21
Togo,26742,2021/12/20
Togo,26678,2021/12/19
Togo,26550,2021/12/17
Togo,26550,2021/12/18
Tanzania,26483,2021/12/15
Tanzania,26483,2021/12/16
Tanzania,26483,2021/12/17
Tanzania,26483,2021/12/18
Tanzania,26483,2021/12/19
Tanzania,26483,2021/12/20
Tanzania,26483,2021/12/21
Tanzania,26483,2021/12/22
Tanzania,26483,2021/12/23
Tanzania,26483,2021/12/24
Tanzania,26483,2021/12/25
Tanzania,26483,2021/12/26
Tanzania,26483,2021/12/27
Tanzania,26483,2021/12/28
Togo,26466,2021/12/16
Togo,26442,2021/12/15
Burundi,26224,2021/12/27
Lesotho,26004,2021/12/21
Lesotho,26004,2021/12/22
Lesotho,26004,2021/12/23
Haiti,25985,2021/12/29
Haiti,25976,2021/12/28
Haiti,25974,2021/12/27
Haiti,25950,2021/12/24
Haiti,25950,2021/12/25
Haiti,25950,2021/12/26
Haiti,25945,2021/12/23
Haiti,25941,2021/12/22
Haiti,25923,2021/12/20
Haiti,25923,2021/12/21
Haiti,25920,2021/12/18
Haiti,25920,2021/12/19
Haiti,25907,2021/12/16
Haiti,25907,2021/12/17
Haiti,25879,2021/12/15
Lesotho,25609,2021/12/20
Lesotho,25528,2021/12/19
Iceland,25314,2021/12/28
Iceland,25314,2021/12/29
Benin,24935,2021/12/22
Benin,24935,2021/12/23
Benin,24935,2021/12/24
Benin,24935,2021/12/25
Benin,24935,2021/12/26
Benin,24935,2021/12/27
Benin,24935,2021/12/28
Benin,24935,2021/12/29
Benin,24907,2021/12/15
Benin,24907,2021/12/16
Benin,24907,2021/12/17
Benin,24907,2021/12/18
Benin,24907,2021/12/19
Benin,24907,2021/12/20
Benin,24907,2021/12/21
Lesotho,24733,2021/12/18
Seychelles,24546,2021/12/29
Seychelles,24451,2021/12/28
Seychelles,24412,2021/12/27
Iceland,24340,2021/12/27
Lesotho,24298,2021/12/17
Seychelles,24249,2021/12/23
Seychelles,24249,2021/12/24
Seychelles,24249,2021/12/25
Seychelles,24249,2021/12/26
Bahamas,24204,2021/12/29
Seychelles,24197,2021/12/22
Seychelles,24152,2021/12/21
Seychelles,24128,2021/12/20
Seychelles,24047,2021/12/16
Seychelles,24047,2021/12/17
Seychelles,24047,2021/12/18
Seychelles,24047,2021/12/19
Seychelles,23960,2021/12/15
Lesotho,23903,2021/12/16
Burundi,23657,2021/12/23
Burundi,23657,2021/12/24
Burundi,23657,2021/12/25
Burundi,23657,2021/12/26
Bahamas,23539,2021/12/24
Bahamas,23539,2021/12/25
Bahamas,23539,2021/12/26
Bahamas,23539,2021/12/27
Bahamas,23539,2021/12/28
Somalia,23532,2021/12/23
Somalia,23532,2021/12/24
Somalia,23532,2021/12/25
Somalia,23532,2021/12/26
Somalia,23532,2021/12/27
Somalia,23532,2021/12/28
Somalia,23532,2021/12/29
Lesotho,23478,2021/12/15
Bahamas,23380,2021/12/23
Mauritius,23293,2021/12/29
Bahamas,23240,2021/12/22
Mauritius,23208,2021/12/27
Mauritius,23208,2021/12/28
Mauritius,23170,2021/12/26
Somalia,23169,2021/12/17
Somalia,23169,2021/12/18
Somalia,23169,2021/12/19
Somalia,23169,2021/12/20
Somalia,23169,2021/12/21
Somalia,23169,2021/12/22
Bahamas,23135,2021/12/21
Bahamas,23112,2021/12/20
Mauritius,23105,2021/12/25
Mauritius,23077,2021/12/24
Somalia,23074,2021/12/15
Somalia,23074,2021/12/16
Mauritius,23020,2021/12/22
Mauritius,23020,2021/12/23
Burundi,23009,2021/12/21
Burundi,23009,2021/12/22
Bahamas,22995,2021/12/17
Bahamas,22995,2021/12/18
Bahamas,22995,2021/12/19
Mauritius,22979,2021/12/20
Mauritius,22979,2021/12/21
Bahamas,22971,2021/12/16
Mauritius,22965,2021/12/19
Bahamas,22950,2021/12/15
Mauritius,22907,2021/12/18
Mauritius,22869,2021/12/17
Andorra,22823,2021/12/29
Mauritius,22815,2021/12/16
Mauritius,22769,2021/12/15
Burundi,22639,2021/12/20
Andorra,22540,2021/12/28
Andorra,22332,2021/12/27
Iceland,22087,2021/12/23
Iceland,22087,2021/12/24
Iceland,22087,2021/12/25
Iceland,22087,2021/12/26
Andorra,21730,2021/12/24
Andorra,21730,2021/12/25
Andorra,21730,2021/12/26
Iceland,21587,2021/12/22
Andorra,21571,2021/12/23
Burundi,21422,2021/12/16
Burundi,21422,2021/12/17
Burundi,21422,2021/12/18
Burundi,21422,2021/12/19
Andorra,21372,2021/12/22
Iceland,21215,2021/12/21
Burundi,21143,2021/12/15
Andorra,21062,2021/12/20
Andorra,21062,2021/12/21
Iceland,20890,2021/12/20
Andorra,20549,2021/12/16
Andorra,20549,2021/12/17
Andorra,20549,2021/12/18
Andorra,20549,2021/12/19
Mali,20468,2021/12/29
Mali,20287,2021/12/28
Iceland,20232,2021/12/17
Iceland,20232,2021/12/18
Iceland,20232,2021/12/19
Curacao,20199,2021/12/29
Andorra,20136,2021/12/15
Mali,20120,2021/12/27
Congo,20089,2021/12/27
Congo,20089,2021/12/28
Congo,20089,2021/12/29
Mali,20079,2021/12/26
Iceland,20044,2021/12/16
Mali,20011,2021/12/25
Mali,19866,2021/12/24
Iceland,19861,2021/12/15
Timor,19833,2021/12/18
Timor,19833,2021/12/19
Timor,19833,2021/12/20
Timor,19833,2021/12/21
Timor,19833,2021/12/22
Timor,19833,2021/12/23
Timor,19833,2021/12/24
Timor,19833,2021/12/25
Timor,19833,2021/12/26
Timor,19833,2021/12/27
Timor,19833,2021/12/28
Timor,19833,2021/12/29
Timor,19832,2021/12/17
Timor,19830,2021/12/15
Timor,19830,2021/12/16
Mali,19758,2021/12/23
Curacao,19645,2021/12/28
Mali,19553,2021/12/22
Congo,19490,2021/12/21
Congo,19490,2021/12/22
Congo,19490,2021/12/23
Congo,19490,2021/12/24
Congo,19490,2021/12/25
Congo,19490,2021/12/26
Mali,19470,2021/12/21
Mali,19365,2021/12/20
Mali,19306,2021/12/19
Curacao,19247,2021/12/27
Mali,19192,2021/12/18
Congo,19179,2021/12/16
Congo,19179,2021/12/17
Congo,19179,2021/12/18
Congo,19179,2021/12/19
Congo,19179,2021/12/20
Congo,19066,2021/12/15
Mali,19064,2021/12/17
Curacao,19049,2021/12/26
Aruba,19021,2021/12/29
Mali,18938,2021/12/16
Curacao,18884,2021/12/25
Mali,18855,2021/12/15
Curacao,18622,2021/12/24
Aruba,18350,2021/12/28
Curacao,18299,2021/12/23
Curacao,18082,2021/12/22
Curacao,17901,2021/12/21
Aruba,17896,2021/12/27
Curacao,17807,2021/12/20
Curacao,17770,2021/12/19
Curacao,17747,2021/12/18
Curacao,17720,2021/12/17
Curacao,17693,2021/12/16
Curacao,17657,2021/12/15
Aruba,17648,2021/12/26
Burkina Faso,17632,2021/12/28
Burkina Faso,17632,2021/12/29
Aruba,17500,2021/12/25
Tajikistan,17493,2021/12/15
Tajikistan,17493,2021/12/16
Tajikistan,17493,2021/12/17
Tajikistan,17493,2021/12/18
Tajikistan,17493,2021/12/19
Tajikistan,17493,2021/12/20
Tajikistan,17493,2021/12/21
Tajikistan,17493,2021/12/22
Tajikistan,17493,2021/12/23
Tajikistan,17493,2021/12/24
Tajikistan,17493,2021/12/25
Tajikistan,17493,2021/12/26
Tajikistan,17493,2021/12/27
Tajikistan,17493,2021/12/28
Tajikistan,17493,2021/12/29
Nicaragua,17487,2021/12/28
Nicaragua,17487,2021/12/29
Nicaragua,17442,2021/12/21
Nicaragua,17442,2021/12/22
Nicaragua,17442,2021/12/23
Nicaragua,17442,2021/12/24
Nicaragua,17442,2021/12/25
Nicaragua,17442,2021/12/26
Nicaragua,17442,2021/12/27
Nicaragua,17391,2021/12/15
Nicaragua,17391,2021/12/16
Nicaragua,17391,2021/12/17
Nicaragua,17391,2021/12/18
Nicaragua,17391,2021/12/19
Nicaragua,17391,2021/12/20
Aruba,17324,2021/12/24
Aruba,17165,2021/12/23
Aruba,17041,2021/12/22
Burkina Faso,17040,2021/12/21
Burkina Faso,17040,2021/12/22
Burkina Faso,17040,2021/12/23
Burkina Faso,17040,2021/12/24
Burkina Faso,17040,2021/12/25
Burkina Faso,17040,2021/12/26
Burkina Faso,17040,2021/12/27
Aruba,16920,2021/12/21
Aruba,16848,2021/12/20
Aruba,16807,2021/12/19
Aruba,16778,2021/12/18
Aruba,16751,2021/12/17
Aruba,16716,2021/12/16
Aruba,16673,2021/12/15
Burkina Faso,16672,2021/12/15
Burkina Faso,16672,2021/12/16
Burkina Faso,16672,2021/12/17
Burkina Faso,16672,2021/12/18
Burkina Faso,16672,2021/12/19
Burkina Faso,16672,2021/12/20
Brunei,15465,2021/12/29
Brunei,15461,2021/12/28
Brunei,15458,2021/12/27
Brunei,15429,2021/12/23
Brunei,15429,2021/12/24
Brunei,15429,2021/12/25
Brunei,15429,2021/12/26
Brunei,15426,2021/12/22
Brunei,15418,2021/12/21
Brunei,15412,2021/12/20
Brunei,15402,2021/12/19
Brunei,15386,2021/12/18
Brunei,15385,2021/12/17
Brunei,15376,2021/12/16
Brunei,15372,2021/12/15
South Sudan,15152,2021/12/29
South Sudan,14860,2021/12/28
South Sudan,14843,2021/12/26
South Sudan,14843,2021/12/27
South Sudan,14577,2021/12/24
South Sudan,14577,2021/12/25
South Sudan,14275,2021/12/23
New Zealand,14057,2021/12/29
South Sudan,14002,2021/12/22
New Zealand,13986,2021/12/28
New Zealand,13932,2021/12/27
New Zealand,13899,2021/12/26
New Zealand,13855,2021/12/25
South Sudan,13831,2021/12/21
New Zealand,13719,2021/12/23
New Zealand,13719,2021/12/24
New Zealand,13648,2021/12/22
Equatorial Guinea,13637,2021/12/28
Equatorial Guinea,13637,2021/12/29
Equatorial Guinea,13630,2021/12/25
Equatorial Guinea,13630,2021/12/26
Equatorial Guinea,13630,2021/12/27
Equatorial Guinea,13623,2021/12/23
Equatorial Guinea,13623,2021/12/24
Djibouti,13619,2021/12/29
Equatorial Guinea,13618,2021/12/17
Equatorial Guinea,13618,2021/12/18
Equatorial Guinea,13618,2021/12/19
Equatorial Guinea,13618,2021/12/20
Equatorial Guinea,13618,2021/12/21
Equatorial Guinea,13618,2021/12/22
Equatorial Guinea,13617,2021/12/15
Equatorial Guinea,13617,2021/12/16
South Sudan,13614,2021/12/20
Djibouti,13603,2021/12/28
Djibouti,13593,2021/12/27
New Zealand,13589,2021/12/21
Djibouti,13572,2021/12/26
Djibouti,13568,2021/12/25
Djibouti,13555,2021/12/23
Djibouti,13555,2021/12/24
Djibouti,13546,2021/12/21
Djibouti,13546,2021/12/22
Djibouti,13538,2021/12/20
Djibouti,13535,2021/12/19
New Zealand,13531,2021/12/20
Djibouti,13528,2021/12/18
Djibouti,13527,2021/12/17
Djibouti,13526,2021/12/15
Djibouti,13526,2021/12/16
New Zealand,13495,2021/12/19
Isle of Man,13487,2021/12/28
Isle of Man,13487,2021/12/29
Isle of Man,13451,2021/12/27
Isle of Man,13438,2021/12/25
Isle of Man,13438,2021/12/26
New Zealand,13425,2021/12/18
Isle of Man,13425,2021/12/24
Saint Lucia,13410,2021/12/29
Isle of Man,13401,2021/12/23
New Zealand,13366,2021/12/17
Isle of Man,13364,2021/12/22
Saint Lucia,13357,2021/12/28
Saint Lucia,13319,2021/12/27
New Zealand,13317,2021/12/16
South Sudan,13309,2021/12/17
South Sudan,13309,2021/12/18
South Sudan,13309,2021/12/19
Saint Lucia,13302,2021/12/26
Saint Lucia,13275,2021/12/25
Isle of Man,13258,2021/12/21
Saint Lucia,13248,2021/12/24
New Zealand,13238,2021/12/15
Saint Lucia,13225,2021/12/23
Saint Lucia,13209,2021/12/22
Saint Lucia,13177,2021/12/21
Saint Lucia,13166,2021/12/20
Isle of Man,13154,2021/12/20
Saint Lucia,13149,2021/12/19
Saint Lucia,13136,2021/12/17
Saint Lucia,13136,2021/12/18
Saint Lucia,13127,2021/12/16
Saint Lucia,13115,2021/12/15
Isle of Man,13097,2021/12/19
South Sudan,13049,2021/12/16
Isle of Man,13037,2021/12/18
Isle of Man,12974,2021/12/17
South Sudan,12969,2021/12/15
Isle of Man,12895,2021/12/16
New Caledonia,12826,2021/12/29
Isle of Man,12812,2021/12/15
New Caledonia,12717,2021/12/27
New Caledonia,12717,2021/12/28
New Caledonia,12701,2021/12/23
New Caledonia,12701,2021/12/24
New Caledonia,12701,2021/12/25
New Caledonia,12701,2021/12/26
New Caledonia,12670,2021/12/22
New Caledonia,12655,2021/12/21
New Caledonia,12638,2021/12/20
Hong Kong,12618,2021/12/29
Hong Kong,12604,2021/12/28
Hong Kong,12598,2021/12/27
Hong Kong,12589,2021/12/26
New Caledonia,12581,2021/12/17
New Caledonia,12581,2021/12/18
New Caledonia,12581,2021/12/19
Hong Kong,12580,2021/12/25
New Caledonia,12557,2021/12/16
Hong Kong,12555,2021/12/24
Hong Kong,12550,2021/12/23
Hong Kong,12548,2021/12/22
Hong Kong,12541,2021/12/21
Hong Kong,12533,2021/12/20
Hong Kong,12526,2021/12/19
New Caledonia,12525,2021/12/15
Hong Kong,12518,2021/12/18
Hong Kong,12513,2021/12/17
Hong Kong,12506,2021/12/16
Hong Kong,12496,2021/12/15
Central African Republic,12163,2021/12/27
Central African Republic,12163,2021/12/28
Central African Republic,12163,2021/12/29
Central African Republic,11961,2021/12/15
Central African Republic,11961,2021/12/16
Central African Republic,11961,2021/12/17
Central African Republic,11961,2021/12/18
Central African Republic,11961,2021/12/19
Central African Republic,11961,2021/12/20
Central African Republic,11961,2021/12/21
Central African Republic,11961,2021/12/22
Central African Republic,11961,2021/12/23
Central African Republic,11961,2021/12/24
Central African Republic,11961,2021/12/25
Central African Republic,11961,2021/12/26
Gambia,10136,2021/12/27
Gambia,10136,2021/12/28
Gambia,10136,2021/12/29
Yemen,10125,2021/12/29
Yemen,10123,2021/12/28
Yemen,10118,2021/12/27
Yemen,10115,2021/12/26
Yemen,10111,2021/12/25
Yemen,10109,2021/12/24
Yemen,10105,2021/12/23
Yemen,10103,2021/12/21
Yemen,10103,2021/12/22
Yemen,10102,2021/12/20
Yemen,10101,2021/12/19
Yemen,10097,2021/12/18
Yemen,10092,2021/12/17
Gambia,10087,2021/12/23
Gambia,10087,2021/12/24
Gambia,10087,2021/12/25
Gambia,10087,2021/12/26
Yemen,10086,2021/12/16
Yemen,10081,2021/12/15
Gambia,10078,2021/12/21
Gambia,10078,2021/12/22
Gambia,10051,2021/12/17
Gambia,10051,2021/12/18
Gambia,10051,2021/12/19
Gambia,10051,2021/12/20
Gambia,10045,2021/12/15
Gambia,10045,2021/12/16
Gibraltar,8421,2021/12/29
Cayman Islands,8386,2021/12/23
Cayman Islands,8386,2021/12/24
Cayman Islands,8386,2021/12/25
Cayman Islands,8386,2021/12/26
Cayman Islands,8386,2021/12/27
Cayman Islands,8386,2021/12/28
Cayman Islands,8386,2021/12/29
Gibraltar,8297,2021/12/28
Cayman Islands,8245,2021/12/21
Cayman Islands,8245,2021/12/22
Gibraltar,8220,2021/12/27
Gibraltar,8142,2021/12/25
Gibraltar,8142,2021/12/26
Cayman Islands,8097,2021/12/17
Cayman Islands,8097,2021/12/18
Cayman Islands,8097,2021/12/19
Cayman Islands,8097,2021/12/20
Gibraltar,8084,2021/12/24
Cayman Islands,8036,2021/12/16
Gibraltar,8014,2021/12/23
Cayman Islands,8007,2021/12/15
Gibraltar,7954,2021/12/22
Eritrea,7948,2021/12/29
Eritrea,7931,2021/12/28
Gibraltar,7902,2021/12/21
Eritrea,7902,2021/12/27
Eritrea,7886,2021/12/26
Eritrea,7873,2021/12/25
Eritrea,7853,2021/12/24
Gibraltar,7843,2021/12/20
Eritrea,7829,2021/12/23
Gibraltar,7822,2021/12/19
Eritrea,7817,2021/12/22
San Marino,7808,2021/12/29
Eritrea,7807,2021/12/21
Eritrea,7779,2021/12/20
Gibraltar,7778,2021/12/18
Eritrea,7763,2021/12/19
Eritrea,7753,2021/12/18
Eritrea,7731,2021/12/17
Gibraltar,7730,2021/12/17
Eritrea,7713,2021/12/16
Eritrea,7686,2021/12/15
Gibraltar,7683,2021/12/16
San Marino,7657,2021/12/28
San Marino,7656,2021/12/27
Gibraltar,7629,2021/12/15
San Marino,7526,2021/12/24
San Marino,7526,2021/12/25
San Marino,7526,2021/12/26
San Marino,7447,2021/12/23
San Marino,7351,2021/12/22
Niger,7307,2021/12/28
Niger,7307,2021/12/29
Niger,7289,2021/12/27
Niger,7271,2021/12/26
Niger,7268,2021/12/25
Niger,7263,2021/12/24
Niger,7242,2021/12/23
Niger,7237,2021/12/22
Niger,7214,2021/12/20
Niger,7214,2021/12/21
Niger,7199,2021/12/18
Niger,7199,2021/12/19
Niger,7185,2021/12/16
Niger,7185,2021/12/17
Niger,7176,2021/12/15
San Marino,7160,2021/12/20
San Marino,7160,2021/12/21
San Marino,7007,2021/12/17
San Marino,7007,2021/12/18
San Marino,7007,2021/12/19
San Marino,6915,2021/12/16
Sierra Leone,6891,2021/12/29
Sierra Leone,6819,2021/12/28
San Marino,6807,2021/12/15
Sierra Leone,6779,2021/12/27
Sierra Leone,6744,2021/12/26
Sierra Leone,6706,2021/12/25
Sierra Leone,6659,2021/12/24
Sierra Leone,6610,2021/12/23
Sierra Leone,6573,2021/12/22
Dominica,6559,2021/12/27
Dominica,6559,2021/12/28
Dominica,6559,2021/12/29
Sierra Leone,6525,2021/12/21
Dominica,6520,2021/12/22
Dominica,6520,2021/12/23
Dominica,6520,2021/12/24
Dominica,6520,2021/12/25
Dominica,6520,2021/12/26
Sierra Leone,6510,2021/12/20
Sierra Leone,6505,2021/12/19
Guinea-Bissau,6476,2021/12/29
Guinea-Bissau,6474,2021/12/28
Sierra Leone,6471,2021/12/18
Guinea-Bissau,6466,2021/12/26
Guinea-Bissau,6466,2021/12/27
Guinea-Bissau,6462,2021/12/24
Guinea-Bissau,6462,2021/12/25
Guinea-Bissau,6458,2021/12/21
Guinea-Bissau,6458,2021/12/22
Guinea-Bissau,6458,2021/12/23
Guinea-Bissau,6456,2021/12/18
Guinea-Bissau,6456,2021/12/19
Guinea-Bissau,6456,2021/12/20
Guinea-Bissau,6455,2021/12/16
Guinea-Bissau,6455,2021/12/17
Guinea-Bissau,6452,2021/12/15
Sierra Leone,6452,2021/12/17
Sierra Leone,6434,2021/12/15
Sierra Leone,6434,2021/12/16
Dominica,6430,2021/12/20
Dominica,6430,2021/12/21
Dominica,6286,2021/12/15
Dominica,6286,2021/12/16
Dominica,6286,2021/12/17
Dominica,6286,2021/12/18
Dominica,6286,2021/12/19
Liberia,6278,2021/12/29
Liberia,6228,2021/12/27
Liberia,6228,2021/12/28
Liechtenstein,6131,2021/12/29
Bermuda,6064,2021/12/28
Bermuda,6064,2021/12/29
Liechtenstein,6059,2021/12/28
Comoros,6043,2021/12/29
Bermuda,6014,2021/12/23
Bermuda,6014,2021/12/24
Bermuda,6014,2021/12/25
Bermuda,6014,2021/12/26
Bermuda,6014,2021/12/27
Grenada,6009,2021/12/29
Grenada,5968,2021/12/28
Grenada,5961,2021/12/27
Grenada,5956,2021/12/25
Grenada,5956,2021/12/26
Liechtenstein,5954,2021/12/27
Grenada,5948,2021/12/23
Grenada,5948,2021/12/24
Liechtenstein,5934,2021/12/26
Grenada,5933,2021/12/22
Liberia,5929,2021/12/21
Liberia,5929,2021/12/22
Liberia,5929,2021/12/23
Liberia,5929,2021/12/24
Liberia,5929,2021/12/25
Liberia,5929,2021/12/26
Grenada,5921,2021/12/21
Grenada,5920,2021/12/20
Grenada,5919,2021/12/17
Grenada,5919,2021/12/18
Grenada,5919,2021/12/19
Bermuda,5917,2021/12/20
Bermuda,5917,2021/12/21
Bermuda,5917,2021/12/22
Liberia,5916,2021/12/20
Grenada,5915,2021/12/15
Grenada,5915,2021/12/16
Liechtenstein,5896,2021/12/23
Liechtenstein,5896,2021/12/24
Liechtenstein,5896,2021/12/25
Comoros,5867,2021/12/28
Liechtenstein,5852,2021/12/22
Saint Vincent and the Grenadines,5850,2021/12/29
Liberia,5844,2021/12/15
Liberia,5844,2021/12/16
Liberia,5844,2021/12/17
Liberia,5844,2021/12/18
Liberia,5844,2021/12/19
Saint Vincent and the Grenadines,5843,2021/12/28
Saint Vincent and the Grenadines,5828,2021/12/24
Saint Vincent and the Grenadines,5828,2021/12/25
Saint Vincent and the Grenadines,5828,2021/12/26
Saint Vincent and the Grenadines,5828,2021/12/27
Liechtenstein,5824,2021/12/21
Bermuda,5815,2021/12/16
Bermuda,5815,2021/12/17
Bermuda,5815,2021/12/18
Bermuda,5815,2021/12/19
Saint Vincent and the Grenadines,5810,2021/12/22
Saint Vincent and the Grenadines,5810,2021/12/23
Bermuda,5784,2021/12/15
Saint Vincent and the Grenadines,5784,2021/12/21
Saint Vincent and the Grenadines,5758,2021/12/17
Saint Vincent and the Grenadines,5758,2021/12/18
Saint Vincent and the Grenadines,5758,2021/12/19
Saint Vincent and the Grenadines,5758,2021/12/20
Comoros,5729,2021/12/27
Saint Vincent and the Grenadines,5723,2021/12/15
Saint Vincent and the Grenadines,5723,2021/12/16
Chad,5703,2021/12/15
Chad,5703,2021/12/16
Chad,5703,2021/12/17
Chad,5703,2021/12/18
Chad,5703,2021/12/19
Chad,5703,2021/12/20
Liechtenstein,5703,2021/12/20
Chad,5703,2021/12/21
Chad,5703,2021/12/22
Chad,5703,2021/12/23
Chad,5703,2021/12/24
Chad,5703,2021/12/25
Chad,5703,2021/12/26
Chad,5703,2021/12/27
Chad,5703,2021/12/28
Chad,5703,2021/12/29
Liechtenstein,5661,2021/12/19
Liechtenstein,5647,2021/12/17
Liechtenstein,5647,2021/12/18
Comoros,5603,2021/12/26
Liechtenstein,5593,2021/12/16
Liechtenstein,5552,2021/12/15
Faeroe Islands,5548,2021/12/29
Comoros,5479,2021/12/25
Comoros,5336,2021/12/24
Faeroe Islands,5261,2021/12/27
Faeroe Islands,5261,2021/12/28
Faeroe Islands,5149,2021/12/26
Faeroe Islands,5145,2021/12/25
Comoros,5123,2021/12/23
Faeroe Islands,5115,2021/12/24
Faeroe Islands,5039,2021/12/23
Monaco,4985,2021/12/29
Comoros,4952,2021/12/22
Faeroe Islands,4892,2021/12/22
Monaco,4889,2021/12/28
Monaco,4809,2021/12/27
Faeroe Islands,4792,2021/12/21
Monaco,4766,2021/12/26
Monaco,4750,2021/12/25
Faeroe Islands,4735,2021/12/19
Faeroe Islands,4735,2021/12/20
Comoros,4677,2021/12/20
Comoros,4677,2021/12/21
Monaco,4670,2021/12/24
Comoros,4649,2021/12/18
Comoros,4649,2021/12/19
Faeroe Islands,4639,2021/12/17
Faeroe Islands,4639,2021/12/18
Comoros,4606,2021/12/17
Monaco,4606,2021/12/23
Comoros,4589,2021/12/16
Comoros,4576,2021/12/15
Monaco,4485,2021/12/21
Monaco,4485,2021/12/22
Faeroe Islands,4477,2021/12/15
Faeroe Islands,4477,2021/12/16
Monaco,4406,2021/12/19
Monaco,4406,2021/12/20
Monaco,4386,2021/12/18
Monaco,4339,2021/12/17
Antigua and Barbuda,4259,2021/12/27
Antigua and Barbuda,4259,2021/12/28
Antigua and Barbuda,4259,2021/12/29
Antigua and Barbuda,4236,2021/12/25
Antigua and Barbuda,4236,2021/12/26
Antigua and Barbuda,4216,2021/12/23
Antigua and Barbuda,4216,2021/12/24
Antigua and Barbuda,4205,2021/12/22
Antigua and Barbuda,4201,2021/12/21
Antigua and Barbuda,4198,2021/12/18
Antigua and Barbuda,4198,2021/12/19
Antigua and Barbuda,4198,2021/12/20
Antigua and Barbuda,4186,2021/12/17
Antigua and Barbuda,4178,2021/12/16
Antigua and Barbuda,4177,2021/12/15
Monaco,4114,2021/12/15
Monaco,4114,2021/12/16
Sao Tome and Principe,3819,2021/12/29
Sao Tome and Principe,3790,2021/12/28
Sao Tome and Principe,3759,2021/12/27
Sao Tome and Principe,3758,2021/12/26
Sao Tome and Principe,3755,2021/12/25
Sao Tome and Principe,3744,2021/12/24
Sao Tome and Principe,3741,2021/12/23
Sao Tome and Principe,3737,2021/12/22
Sao Tome and Principe,3736,2021/12/21
Sao Tome and Principe,3735,2021/12/16
Sao Tome and Principe,3735,2021/12/17
Sao Tome and Principe,3735,2021/12/18
Sao Tome and Principe,3735,2021/12/19
Sao Tome and Principe,3735,2021/12/20
Sao Tome and Principe,3733,2021/12/15
Bonaire Sint Eustatius and Saba,3336,2021/12/29
Bonaire Sint Eustatius and Saba,3304,2021/12/28
Bonaire Sint Eustatius and Saba,3288,2021/12/27
Turks and Caicos Islands,3283,2021/12/28
Turks and Caicos Islands,3283,2021/12/29
Bonaire Sint Eustatius and Saba,3277,2021/12/26
Turks and Caicos Islands,3276,2021/12/27
Bonaire Sint Eustatius and Saba,3272,2021/12/25
Bonaire Sint Eustatius and Saba,3254,2021/12/24
Bonaire Sint Eustatius and Saba,3245,2021/12/23
Bonaire Sint Eustatius and Saba,3236,2021/12/22
Turks and Caicos Islands,3235,2021/12/25
Turks and Caicos Islands,3235,2021/12/26
Turks and Caicos Islands,3219,2021/12/24
Bonaire Sint Eustatius and Saba,3218,2021/12/21
Bonaire Sint Eustatius and Saba,3213,2021/12/20
Turks and Caicos Islands,3208,2021/12/23
Bonaire Sint Eustatius and Saba,3204,2021/12/19
Bonaire Sint Eustatius and Saba,3193,2021/12/18
Bonaire Sint Eustatius and Saba,3179,2021/12/17
Turks and Caicos Islands,3178,2021/12/22
Bonaire Sint Eustatius and Saba,3175,2021/12/16
Turks and Caicos Islands,3172,2021/12/20
Turks and Caicos Islands,3172,2021/12/21
Turks and Caicos Islands,3163,2021/12/18
Turks and Caicos Islands,3163,2021/12/19
Bonaire Sint Eustatius and Saba,3162,2021/12/15
Turks and Caicos Islands,3158,2021/12/17
Turks and Caicos Islands,3151,2021/12/15
Turks and Caicos Islands,3151,2021/12/16
British Virgin Islands,3071,2021/12/27
British Virgin Islands,3071,2021/12/28
British Virgin Islands,3071,2021/12/29
British Virgin Islands,3016,2021/12/23
British Virgin Islands,3016,2021/12/24
British Virgin Islands,3016,2021/12/25
British Virgin Islands,3016,2021/12/26
Saint Kitts and Nevis,2918,2021/12/29
British Virgin Islands,2886,2021/12/16
British Virgin Islands,2886,2021/12/17
British Virgin Islands,2886,2021/12/18
British Virgin Islands,2886,2021/12/19
British Virgin Islands,2886,2021/12/20
British Virgin Islands,2886,2021/12/21
British Virgin Islands,2886,2021/12/22
Saint Kitts and Nevis,2877,2021/12/28
Saint Kitts and Nevis,2848,2021/12/27
Saint Kitts and Nevis,2843,2021/12/26
British Virgin Islands,2842,2021/12/15
Saint Kitts and Nevis,2836,2021/12/25
Saint Kitts and Nevis,2822,2021/12/24
Saint Kitts and Nevis,2815,2021/12/22
Saint Kitts and Nevis,2815,2021/12/23
Saint Kitts and Nevis,2809,2021/12/21
Saint Kitts and Nevis,2808,2021/12/20
Saint Kitts and Nevis,2801,2021/12/17
Saint Kitts and Nevis,2801,2021/12/18
Saint Kitts and Nevis,2801,2021/12/19
Saint Kitts and Nevis,2798,2021/12/16
Saint Kitts and Nevis,2797,2021/12/15
Bhutan,2660,2021/12/26
Bhutan,2660,2021/12/27
Bhutan,2660,2021/12/28
Bhutan,2660,2021/12/29
Bhutan,2659,2021/12/22
Bhutan,2659,2021/12/23
Bhutan,2659,2021/12/24
Bhutan,2659,2021/12/25
Bhutan,2658,2021/12/21
Bhutan,2657,2021/12/19
Bhutan,2657,2021/12/20
Bhutan,2656,2021/12/17
Bhutan,2656,2021/12/18
Bhutan,2652,2021/12/15
Bhutan,2652,2021/12/16
Greenland,2437,2021/12/28
Greenland,2437,2021/12/29
Greenland,2306,2021/12/27
Greenland,2249,2021/12/23
Greenland,2249,2021/12/24
Greenland,2249,2021/12/25
Greenland,2249,2021/12/26
Greenland,2182,2021/12/22
Greenland,1969,2021/12/17
Greenland,1969,2021/12/18
Greenland,1969,2021/12/19
Greenland,1969,2021/12/20
Greenland,1969,2021/12/21
Greenland,1937,2021/12/16
Greenland,1917,2021/12/15
Anguilla,1674,2021/12/28
Anguilla,1674,2021/12/29
Anguilla,1646,2021/12/24
Anguilla,1646,2021/12/25
Anguilla,1646,2021/12/26
Anguilla,1646,2021/12/27
Anguilla,1629,2021/12/20
Anguilla,1629,2021/12/21
Anguilla,1629,2021/12/22
Anguilla,1629,2021/12/23
Anguilla,1592,2021/12/15
Anguilla,1592,2021/12/16
Anguilla,1592,2021/12/17
Anguilla,1592,2021/12/18
Anguilla,1592,2021/12/19
International,721,2021/12/15
International,721,2021/12/16
International,721,2021/12/17
International,721,2021/12/18
International,721,2021/12/19
International,721,2021/12/20
International,721,2021/12/21
International,721,2021/12/22
International,721,2021/12/23
International,721,2021/12/24
International,721,2021/12/25
International,721,2021/12/26
International,721,2021/12/27
International,721,2021/12/28
International,721,2021/12/29
Wallis and Futuna,454,2021/12/15
Wallis and Futuna,454,2021/12/16
Wallis and Futuna,454,2021/12/17
Wallis and Futuna,454,2021/12/18
Wallis and Futuna,454,2021/12/19
Wallis and Futuna,454,2021/12/20
Wallis and Futuna,454,2021/12/21
Wallis and Futuna,454,2021/12/22
Wallis and Futuna,454,2021/12/23
Wallis and Futuna,454,2021/12/24
Wallis and Futuna,454,2021/12/25
Wallis and Futuna,454,2021/12/26
Wallis and Futuna,454,2021/12/27
Wallis and Futuna,454,2021/12/28
Wallis and Futuna,454,2021/12/29
Saint Pierre and Miquelon,98,2021/12/24
Saint Pierre and Miquelon,98,2021/12/25
Saint Pierre and Miquelon,98,2021/12/26
Saint Pierre and Miquelon,98,2021/12/27
Saint Pierre and Miquelon,98,2021/12/28
Saint Pierre and Miquelon,98,2021/12/29
Saint Pierre and Miquelon,96,2021/12/15
Saint Pierre and Miquelon,96,2021/12/16
Saint Pierre and Miquelon,96,2021/12/17
Saint Pierre and Miquelon,96,2021/12/18
Saint Pierre and Miquelon,96,2021/12/19
Saint Pierre and Miquelon,96,2021/12/20
Saint Pierre and Miquelon,96,2021/12/21
Saint Pierre and Miquelon,96,2021/12/22
Saint Pierre and Miquelon,96,2021/12/23
Falkland Islands,83,2021/12/15
Falkland Islands,83,2021/12/16
Falkland Islands,83,2021/12/17
Falkland Islands,83,2021/12/18
Falkland Islands,83,2021/12/19
Falkland Islands,83,2021/12/20
Falkland Islands,83,2021/12/21
Falkland Islands,83,2021/12/22
Falkland Islands,83,2021/12/23
Falkland Islands,83,2021/12/24
Falkland Islands,83,2021/12/25
Falkland Islands,83,2021/12/26
Falkland Islands,83,2021/12/27
Falkland Islands,83,2021/12/28
Falkland Islands,83,2021/12/29
Macao,78,2021/12/27
Macao,78,2021/12/28
Macao,78,2021/12/29
Macao,77,2021/12/15
Macao,77,2021/12/16
Macao,77,2021/12/17
Macao,77,2021/12/18
Macao,77,2021/12/19
Macao,77,2021/12/20
Macao,77,2021/12/21
Macao,77,2021/12/22
Macao,77,2021/12/23
Macao,77,2021/12/24
Macao,77,2021/12/25
Macao,77,2021/12/26
Montserrat,45,2021/12/20
Montserrat,45,2021/12/21
Montserrat,45,2021/12/22
Montserrat,45,2021/12/23
Montserrat,45,2021/12/24
Montserrat,45,2021/12/25
Montserrat,45,2021/12/26
Montserrat,45,2021/12/27
Montserrat,45,2021/12/28
Montserrat,45,2021/12/29
Montserrat,44,2021/12/15
Montserrat,44,2021/12/16
Montserrat,44,2021/12/17
Montserrat,44,2021/12/18
Montserrat,44,2021/12/19
Vatican,27,2021/12/15
Vatican,27,2021/12/16
Vatican,27,2021/12/17
Vatican,27,2021/12/18
Vatican,27,2021/12/19
Vatican,27,2021/12/20
Vatican,27,2021/12/21
Vatican,27,2021/12/22
Vatican,27,2021/12/23
Vatican,27,2021/12/24
Vatican,27,2021/12/25
Vatican,27,2021/12/26
Vatican,27,2021/12/27
Vatican,27,2021/12/28
Vatican,27,2021/12/29
Solomon Islands,24,2021/12/29
Solomon Islands,22,2021/12/27
Solomon Islands,22,2021/12/28
Solomon Islands,20,2021/12/15
Solomon Islands,20,2021/12/16
Solomon Islands,20,2021/12/17
Solomon Islands,20,2021/12/18
Solomon Islands,20,2021/12/19
Solomon Islands,20,2021/12/20
Solomon Islands,20,2021/12/21
Solomon Islands,20,2021/12/22
Solomon Islands,20,2021/12/23
Solomon Islands,20,2021/12/24
Solomon Islands,20,2021/12/25
Solomon Islands,20,2021/12/26
Palau,8,2021/12/15
Palau,8,2021/12/16
Palau,8,2021/12/17
Palau,8,2021/12/18
Palau,8,2021/12/19
Palau,8,2021/12/20
Palau,8,2021/12/21
Palau,8,2021/12/22
Palau,8,2021/12/23
Palau,8,2021/12/24
Palau,8,2021/12/25
Palau,8,2021/12/26
Palau,8,2021/12/27
Palau,8,2021/12/28
Palau,8,2021/12/29
Vanuatu,7,2021/12/15
Vanuatu,7,2021/12/16
Vanuatu,7,2021/12/17
Vanuatu,7,2021/12/18
Vanuatu,7,2021/12/19
Vanuatu,7,2021/12/20
Vanuatu,7,2021/12/21
Vanuatu,7,2021/12/22
Vanuatu,7,2021/12/23
Vanuatu,7,2021/12/24
Vanuatu,7,2021/12/25
Vanuatu,7,2021/12/26
Vanuatu,7,2021/12/27
Vanuatu,7,2021/12/28
Vanuatu,7,2021/12/29
Marshall Islands,4,2021/12/15
Saint Helena,4,2021/12/15
Marshall Islands,4,2021/12/16
Saint Helena,4,2021/12/16
Marshall Islands,4,2021/12/17
Saint Helena,4,2021/12/17
Marshall Islands,4,2021/12/18
Saint Helena,4,2021/12/18
Marshall Islands,4,2021/12/19
Saint Helena,4,2021/12/19
Marshall Islands,4,2021/12/20
Saint Helena,4,2021/12/20
Marshall Islands,4,2021/12/21
Saint Helena,4,2021/12/21
Marshall Islands,4,2021/12/22
Saint Helena,4,2021/12/22
Marshall Islands,4,2021/12/23
Saint Helena,4,2021/12/23
Marshall Islands,4,2021/12/24
Saint Helena,4,2021/12/24
Marshall Islands,4,2021/12/25
Saint Helena,4,2021/12/25
Marshall Islands,4,2021/12/26
Saint Helena,4,2021/12/26
Marshall Islands,4,2021/12/27
Saint Helena,4,2021/12/27
Marshall Islands,4,2021/12/28
Saint Helena,4,2021/12/28
Marshall Islands,4,2021/12/29
Saint Helena,4,2021/12/29
Samoa,3,2021/12/15
Samoa,3,2021/12/16
Samoa,3,2021/12/17
Samoa,3,2021/12/18
Samoa,3,2021/12/19
Samoa,3,2021/12/20
Samoa,3,2021/12/21
Samoa,3,2021/12/22
Samoa,3,2021/12/23
Samoa,3,2021/12/24
Samoa,3,2021/12/25
Samoa,3,2021/12/26
Samoa,3,2021/12/27
Samoa,3,2021/12/28
Samoa,3,2021/12/29
Cook Islands,2,2021/12/15
Kiribati,2,2021/12/15
Cook Islands,2,2021/12/16
Kiribati,2,2021/12/16
Cook Islands,2,2021/12/17
Kiribati,2,2021/12/17
Cook Islands,2,2021/12/18
Kiribati,2,2021/12/18
Cook Islands,2,2021/12/19
Kiribati,2,2021/12/19
Cook Islands,2,2021/12/20
Kiribati,2,2021/12/20
Cook Islands,2,2021/12/21
Kiribati,2,2021/12/21
Cook Islands,2,2021/12/22
Kiribati,2,2021/12/22
Cook Islands,2,2021/12/23
Kiribati,2,2021/12/23
Cook Islands,2,2021/12/24
Kiribati,2,2021/12/24
Cook Islands,2,2021/12/25
Kiribati,2,2021/12/25
Cook Islands,2,2021/12/26
Kiribati,2,2021/12/26
Cook Islands,2,2021/12/27
Kiribati,2,2021/12/27
Cook Islands,2,2021/12/28
Kiribati,2,2021/12/28
Cook Islands,2,2021/12/29
Kiribati,2,2021/12/29
Micronesia (country),1,2021/12/15
Tonga,1,2021/12/15
Micronesia (country),1,2021/12/16
Tonga,1,2021/12/16
Micronesia (country),1,2021/12/17
Tonga,1,2021/12/17
Micronesia (country),1,2021/12/18
Tonga,1,2021/12/18
Micronesia (country),1,2021/12/19
Tonga,1,2021/12/19
Micronesia (country),1,2021/12/20
Tonga,1,2021/12/20
Micronesia (country),1,2021/12/21
Tonga,1,2021/12/21
Micronesia (country),1,2021/12/22
Tonga,1,2021/12/22
Micronesia (country),1,2021/12/23
Tonga,1,2021/12/23
Micronesia (country),1,2021/12/24
Tonga,1,2021/12/24
Micronesia (country),1,2021/12/25
Tonga,1,2021/12/25
Micronesia (country),1,2021/12/26
Tonga,1,2021/12/26
Micronesia (country),1,2021/12/27
Tonga,1,2021/12/27
Micronesia (country),1,2021/12/28
Tonga,1,2021/12/28
Micronesia (country),1,2021/12/29
Tonga,1,2021/12/29
