country,vaccine,date
Afghanistan,4140000,2021/12/15
Africa,176970000,2021/12/15
Albania,1110000,2021/12/15
Algeria,7020000,2021/12/15
Andorra,56628,2021/12/15
Angola,7250000,2021/12/15
Anguilla,10079,2021/12/15
Antigua and Barbuda,62154,2021/12/15
Argentina,37480000,2021/12/15
Armenia,869750,2021/12/15
Aruba,84051,2021/12/15
Asia,3050000000,2021/12/15
Australia,20270000,2021/12/15
Austria,6530000,2021/12/15
Azerbaijan,5130000,2021/12/15
Bahamas,154135,2021/12/15
Bahrain,1190000,2021/12/15
Bangladesh,87200000,2021/12/15
Barbados,154868,2021/12/15
Belarus,4060000,2021/12/15
Belgium,8890000,2021/12/15
Belize,229714,2021/12/15
Benin,1360000,2021/12/15
Bermuda,46194,2021/12/15
Bhutan,589762,2021/12/15
Bolivia,5300000,2021/12/15
Bonaire Sint Eustatius and Saba,NaN,2021/12/15
Bosnia and Herzegovina,882641,2021/12/15
Botswana,1130000,2021/12/15
Brazil,165140000,2021/12/15
British Virgin Islands,18357,2021/12/15
Brunei,405092,2021/12/15
Bulgaria,1900000,2021/12/15
Burkina Faso,442769,2021/12/15
Burundi,4010,2021/12/15
Cambodia,14220000,2021/12/15
Cameroon,806176,2021/12/15
Canada,31300000,2021/12/15
Cape Verde,302802,2021/12/15
Cayman Islands,58569,2021/12/15
Central African Republic,446712,2021/12/15
Chad,285922,2021/12/15
Chile,17110000,2021/12/15
China,1260000000,2021/12/15
Colombia,37840000,2021/12/15
Comoros,282378,2021/12/15
Congo,734721,2021/12/15
Cook Islands,12841,2021/12/15
Costa Rica,3920000,2021/12/15
Cote d'Ivoire,3310000,2021/12/15
Croatia,2240000,2021/12/15
Cuba,10240000,2021/12/15
Curacao,103588,2021/12/15
Cyprus,636379,2021/12/15
Czechia,6760000,2021/12/15
Democratic Republic of Congo,202178,2021/12/15
Denmark,4700000,2021/12/15
Djibouti,108945,2021/12/15
Dominica,29184,2021/12/15
Dominican Republic,6920000,2021/12/15
Ecuador,14050000,2021/12/15
Egypt,30510000,2021/12/15
El Salvador,4470000,2021/12/15
Equatorial Guinea,249215,2021/12/15
Estonia,835243,2021/12/15
Eswatini,326455,2021/12/15
Ethiopia,9060000,2021/12/15
Europe,478180000,2021/12/15
European Union,318680000,2021/12/15
Faeroe Islands,41387,2021/12/15
Falkland Islands,NaN,2021/12/15
Fiji,659250,2021/12/15
Finland,4320000,2021/12/15
France,52540000,2021/12/15
French Polynesia,167068,2021/12/15
Gabon,392898,2021/12/15
Gambia,245081,2021/12/15
Georgia,1290000,2021/12/15
Germany,60740000,2021/12/15
Ghana,2650000,2021/12/15
Gibraltar,41099,2021/12/15
Greece,7290000,2021/12/15
Greenland,40385,2021/12/15
Grenada,41064,2021/12/15
Guatemala,6320000,2021/12/15
Guernsey,NaN,2021/12/15
Guinea,1690000,2021/12/15
Guinea-Bissau,385186,2021/12/15
Guyana,406072,2021/12/15
Haiti,120569,2021/12/15
High income,914460000,2021/12/15
Honduras,4920000,2021/12/15
Hong Kong,4820000,2021/12/15
Hungary,6200000,2021/12/15
Iceland,287229,2021/12/15
India,822550000,2021/12/15
Indonesia,149210000,2021/12/15
Iran,58570000,2021/12/15
Iraq,8110000,2021/12/15
Ireland,3880000,2021/12/15
Isle of Man,68522,2021/12/15
Israel,6440000,2021/12/15
Italy,47750000,2021/12/15
Jamaica,700128,2021/12/15
Japan,100110000,2021/12/15
Jersey,80760,2021/12/15
Jordan,4250000,2021/12/15
Kazakhstan,8880000,2021/12/15
Kenya,5740000,2021/12/15
Kiribati,59492,2021/12/15
Kosovo,875615,2021/12/15
Kuwait,3320000,2021/12/15
Kyrgyzstan,1170000,2021/12/15
Laos,3740000,2021/12/15
Latvia,1300000,2021/12/15
Lebanon,2100000,2021/12/15
Lesotho,648817,2021/12/15
Liberia,784838,2021/12/15
Libya,1800000,2021/12/15
Liechtenstein,25978,2021/12/15
Lithuania,1900000,2021/12/15
Low income,49690000,2021/12/15
Lower middle income,1570000000,2021/12/15
Luxembourg,456661,2021/12/15
Macao,489450,2021/12/15
Madagascar,589003,2021/12/15
Malawi,1300000,2021/12/15
Malaysia,25960000,2021/12/15
Maldives,396322,2021/12/15
Mali,843144,2021/12/15
Malta,437396,2021/12/15
Mauritania,1110000,2021/12/15
Mauritius,916524,2021/12/15
Mexico,81770000,2021/12/15
Moldova,989897,2021/12/15
Monaco,NaN,2021/12/15
Mongolia,2260000,2021/12/15
Montenegro,280454,2021/12/15
Montserrat,1547,2021/12/15
Morocco,24570000,2021/12/15
Mozambique,7240000,2021/12/15
Myanmar,18830000,2021/12/15
Namibia,387413,2021/12/15
Nauru,NaN,2021/12/15
Nepal,12250000,2021/12/15
Netherlands,13310000,2021/12/15
New Caledonia,182049,2021/12/15
New Zealand,3960000,2021/12/15
Nicaragua,4630000,2021/12/15
Niger,507223,2021/12/15
Nigeria,8180000,2021/12/15
Niue,NaN,2021/12/15
North America,399570000,2021/12/15
North Macedonia,836816,2021/12/15
Northern Cyprus,284357,2021/12/15
Norway,4270000,2021/12/15
Oceania,26100000,2021/12/15
Oman,3120000,2021/12/15
Pakistan,86330000,2021/12/15
Palestine,2050000,2021/12/15
Panama,3020000,2021/12/15
Papua New Guinea,282571,2021/12/15
Paraguay,3440000,2021/12/15
Peru,23890000,2021/12/15
Philippines,56110000,2021/12/15
Pitcairn,NaN,2021/12/15
Poland,21250000,2021/12/15
Portugal,9170000,2021/12/15
Qatar,NaN,2021/12/15
Romania,7980000,2021/12/15
Russia,70660000,2021/12/15
Rwanda,6850000,2021/12/15
Saint Helena,NaN,2021/12/15
Saint Kitts and Nevis,27436,2021/12/15
Saint Lucia,55218,2021/12/15
Saint Vincent and the Grenadines,33192,2021/12/15
Samoa,141356,2021/12/15
San Marino,24282,2021/12/15
Sao Tome and Principe,86396,2021/12/15
Saudi Arabia,24830000,2021/12/15
Senegal,1330000,2021/12/15
Serbia,3290000,2021/12/15
Seychelles,82323,2021/12/15
Sierra Leone,747044,2021/12/15
Singapore,4800000,2021/12/15
Sint Maarten (Dutch part),27086,2021/12/15
Slovakia,2700000,2021/12/15
Slovenia,1240000,2021/12/15
Solomon Islands,176593,2021/12/15
Somalia,1090000,2021/12/15
South Africa,18600000,2021/12/15
South America,316390000,2021/12/15
South Korea,43180000,2021/12/15
South Sudan,227262,2021/12/15
Spain,38590000,2021/12/15
Sri Lanka,15960000,2021/12/15
Sudan,4020000,2021/12/15
Suriname,260304,2021/12/15
Sweden,7670000,2021/12/15
Switzerland,5930000,2021/12/15
Syria,1000000,2021/12/15
Taiwan,18540000,2021/12/15
Tajikistan,3520000,2021/12/15
Tanzania,1590000,2021/12/15
Thailand,50100000,2021/12/15
Timor,662963,2021/12/15
Togo,1370000,2021/12/15
Tokelau,NaN,2021/12/15
Tonga,73609,2021/12/15
Trinidad and Tobago,700738,2021/12/15
Tunisia,6350000,2021/12/15
Turkey,56590000,2021/12/15
Turkmenistan,NaN,2021/12/15
Turks and Caicos Islands,NaN,2021/12/15
Tuvalu,NaN,2021/12/15
Uganda,8350000,2021/12/15
Ukraine,14270000,2021/12/15
United Arab Emirates,9880000,2021/12/15
United Kingdom,51360000,2021/12/15
United States,239870000,2021/12/15
Upper middle income,1910000000,2021/12/15
Uruguay,2760000,2021/12/15
Uzbekistan,18350000,2021/12/15
Vanuatu,100264,2021/12/15
Venezuela,18390000,2021/12/15
Vietnam,75220000,2021/12/15
Wallis and Futuna,6016,2021/12/15
World,4440000000,2021/12/15
Yemen,556652,2021/12/15
Zambia,NaN,2021/12/15
Zimbabwe,4000000,2021/12/15
Afghanistan,4140000,2021/12/16
Africa,177400000,2021/12/16
Albania,1110000,2021/12/16
Algeria,7020000,2021/12/16
Andorra,56628,2021/12/16
Angola,7250000,2021/12/16
Anguilla,10079,2021/12/16
Antigua and Barbuda,62154,2021/12/16
Argentina,37530000,2021/12/16
Armenia,903661,2021/12/16
Aruba,84084,2021/12/16
Asia,3050000000,2021/12/16
Australia,20290000,2021/12/16
Austria,6540000,2021/12/16
Azerbaijan,5130000,2021/12/16
Bahamas,155709,2021/12/16
Bahrain,1190000,2021/12/16
Bangladesh,87330000,2021/12/16
Barbados,154990,2021/12/16
Belarus,4360000,2021/12/16
Belgium,8890000,2021/12/16
Belize,229714,2021/12/16
Benin,1360000,2021/12/16
Bermuda,46194,2021/12/16
Bhutan,589762,2021/12/16
Bolivia,5330000,2021/12/16
Bonaire Sint Eustatius and Saba,NaN,2021/12/16
Bosnia and Herzegovina,882641,2021/12/16
Botswana,1130000,2021/12/16
Brazil,165280000,2021/12/16
British Virgin Islands,18357,2021/12/16
Brunei,405092,2021/12/16
Bulgaria,1900000,2021/12/16
Burkina Faso,442769,2021/12/16
Burundi,4010,2021/12/16
Cambodia,14220000,2021/12/16
Cameroon,806176,2021/12/16
Canada,31340000,2021/12/16
Cape Verde,302802,2021/12/16
Cayman Islands,58569,2021/12/16
Central African Republic,446712,2021/12/16
Chad,285922,2021/12/16
Chile,17130000,2021/12/16
China,1260000000,2021/12/16
Colombia,37840000,2021/12/16
Comoros,282378,2021/12/16
Congo,734721,2021/12/16
Cook Islands,12841,2021/12/16
Costa Rica,3920000,2021/12/16
Cote d'Ivoire,3310000,2021/12/16
Croatia,2240000,2021/12/16
Cuba,10270000,2021/12/16
Curacao,103597,2021/12/16
Cyprus,636379,2021/12/16
Czechia,6770000,2021/12/16
Democratic Republic of Congo,202178,2021/12/16
Denmark,4720000,2021/12/16
Djibouti,108945,2021/12/16
Dominica,29200,2021/12/16
Dominican Republic,6920000,2021/12/16
Ecuador,14070000,2021/12/16
Egypt,31540000,2021/12/16
El Salvador,4470000,2021/12/16
Equatorial Guinea,249215,2021/12/16
Estonia,835735,2021/12/16
Eswatini,326455,2021/12/16
Ethiopia,9090000,2021/12/16
Europe,478630000,2021/12/16
European Union,318980000,2021/12/16
Faeroe Islands,41387,2021/12/16
Falkland Islands,NaN,2021/12/16
Fiji,659250,2021/12/16
Finland,4340000,2021/12/16
France,52560000,2021/12/16
French Polynesia,167068,2021/12/16
Gabon,392898,2021/12/16
Gambia,245081,2021/12/16
Georgia,1290000,2021/12/16
Germany,60840000,2021/12/16
Ghana,2650000,2021/12/16
Gibraltar,41120,2021/12/16
Greece,7300000,2021/12/16
Greenland,40385,2021/12/16
Grenada,41064,2021/12/16
Guatemala,6350000,2021/12/16
Guernsey,NaN,2021/12/16
Guinea,1720000,2021/12/16
Guinea-Bissau,385186,2021/12/16
Guyana,408266,2021/12/16
Haiti,120569,2021/12/16
High income,915480000,2021/12/16
Honduras,4920000,2021/12/16
Hong Kong,4820000,2021/12/16
Hungary,6210000,2021/12/16
Iceland,287229,2021/12/16
India,823450000,2021/12/16
Indonesia,149210000,2021/12/16
Iran,59130000,2021/12/16
Iraq,8110000,2021/12/16
Ireland,3880000,2021/12/16
Isle of Man,68522,2021/12/16
Israel,6440000,2021/12/16
Italy,47790000,2021/12/16
Jamaica,701488,2021/12/16
Japan,100130000,2021/12/16
Jersey,80760,2021/12/16
Jordan,4260000,2021/12/16
Kazakhstan,8890000,2021/12/16
Kenya,5740000,2021/12/16
Kiribati,59492,2021/12/16
Kosovo,875947,2021/12/16
Kuwait,3320000,2021/12/16
Kyrgyzstan,1170000,2021/12/16
Laos,3740000,2021/12/16
Latvia,1300000,2021/12/16
Lebanon,2110000,2021/12/16
Lesotho,648817,2021/12/16
Liberia,784838,2021/12/16
Libya,1800000,2021/12/16
Liechtenstein,26004,2021/12/16
Lithuania,1900000,2021/12/16
Low income,49770000,2021/12/16
Lower middle income,1570000000,2021/12/16
Luxembourg,457300,2021/12/16
Macao,489783,2021/12/16
Madagascar,589003,2021/12/16
Malawi,1320000,2021/12/16
Malaysia,25960000,2021/12/16
Maldives,396358,2021/12/16
Mali,843144,2021/12/16
Malta,437589,2021/12/16
Mauritania,1110000,2021/12/16
Mauritius,916524,2021/12/16
Mexico,81790000,2021/12/16
Moldova,989897,2021/12/16
Monaco,NaN,2021/12/16
Mongolia,2260000,2021/12/16
Montenegro,280689,2021/12/16
Montserrat,1547,2021/12/16
Morocco,24570000,2021/12/16
Mozambique,7240000,2021/12/16
Myanmar,18830000,2021/12/16
Namibia,387413,2021/12/16
Nauru,NaN,2021/12/16
Nepal,12250000,2021/12/16
Netherlands,13310000,2021/12/16
New Caledonia,182049,2021/12/16
New Zealand,3960000,2021/12/16
Nicaragua,4630000,2021/12/16
Niger,507223,2021/12/16
Nigeria,8180000,2021/12/16
Niue,NaN,2021/12/16
North America,400100000,2021/12/16
North Macedonia,840411,2021/12/16
Northern Cyprus,284357,2021/12/16
Norway,4270000,2021/12/16
Oceania,26130000,2021/12/16
Oman,3120000,2021/12/16
Pakistan,86970000,2021/12/16
Palestine,2050000,2021/12/16
Panama,3020000,2021/12/16
Papua New Guinea,282571,2021/12/16
Paraguay,3440000,2021/12/16
Peru,23960000,2021/12/16
Philippines,56110000,2021/12/16
Pitcairn,NaN,2021/12/16
Poland,21290000,2021/12/16
Portugal,9170000,2021/12/16
Qatar,NaN,2021/12/16
Romania,7980000,2021/12/16
Russia,70710000,2021/12/16
Rwanda,6850000,2021/12/16
Saint Helena,NaN,2021/12/16
Saint Kitts and Nevis,27484,2021/12/16
Saint Lucia,55278,2021/12/16
Saint Vincent and the Grenadines,33192,2021/12/16
Samoa,141356,2021/12/16
San Marino,24306,2021/12/16
Sao Tome and Principe,86396,2021/12/16
Saudi Arabia,24840000,2021/12/16
Senegal,1330000,2021/12/16
Serbia,3290000,2021/12/16
Seychelles,82323,2021/12/16
Sierra Leone,747044,2021/12/16
Singapore,4800000,2021/12/16
Sint Maarten (Dutch part),27086,2021/12/16
Slovakia,2700000,2021/12/16
Slovenia,1240000,2021/12/16
Solomon Islands,176593,2021/12/16
Somalia,1090000,2021/12/16
South Africa,18660000,2021/12/16
South America,316730000,2021/12/16
South Korea,43280000,2021/12/16
South Sudan,227262,2021/12/16
Spain,38610000,2021/12/16
Sri Lanka,15960000,2021/12/16
Sudan,4020000,2021/12/16
Suriname,260304,2021/12/16
Sweden,7720000,2021/12/16
Switzerland,5930000,2021/12/16
Syria,1190000,2021/12/16
Taiwan,18560000,2021/12/16
Tajikistan,3520000,2021/12/16
Tanzania,1590000,2021/12/16
Thailand,50100000,2021/12/16
Timor,662963,2021/12/16
Togo,1370000,2021/12/16
Tokelau,NaN,2021/12/16
Tonga,73609,2021/12/16
Trinidad and Tobago,701503,2021/12/16
Tunisia,6370000,2021/12/16
Turkey,56610000,2021/12/16
Turkmenistan,NaN,2021/12/16
Turks and Caicos Islands,NaN,2021/12/16
Tuvalu,NaN,2021/12/16
Uganda,8350000,2021/12/16
Ukraine,14310000,2021/12/16
United Arab Emirates,9890000,2021/12/16
United Kingdom,51390000,2021/12/16
United States,240260000,2021/12/16
Upper middle income,1910000000,2021/12/16
Uruguay,2760000,2021/12/16
Uzbekistan,18390000,2021/12/16
Vanuatu,100264,2021/12/16
Venezuela,18390000,2021/12/16
Vietnam,75630000,2021/12/16
Wallis and Futuna,6016,2021/12/16
World,4450000000,2021/12/16
Yemen,556652,2021/12/16
Zambia,NaN,2021/12/16
Zimbabwe,4020000,2021/12/16
Afghanistan,4140000,2021/12/17
Africa,177530000,2021/12/17
Albania,1120000,2021/12/17
Algeria,7020000,2021/12/17
Andorra,56628,2021/12/17
Angola,7250000,2021/12/17
Anguilla,10079,2021/12/17
Antigua and Barbuda,62154,2021/12/17
Argentina,37580000,2021/12/17
Armenia,903661,2021/12/17
Aruba,84191,2021/12/17
Asia,3060000000,2021/12/17
Australia,20310000,2021/12/17
Austria,6550000,2021/12/17
Azerbaijan,5130000,2021/12/17
Bahamas,155709,2021/12/17
Bahrain,1190000,2021/12/17
Bangladesh,87550000,2021/12/17
Barbados,155137,2021/12/17
Belarus,4360000,2021/12/17
Belgium,8890000,2021/12/17
Belize,229714,2021/12/17
Benin,1560000,2021/12/17
Bermuda,46194,2021/12/17
Bhutan,589762,2021/12/17
Bolivia,5350000,2021/12/17
Bonaire Sint Eustatius and Saba,NaN,2021/12/17
Bosnia and Herzegovina,882641,2021/12/17
Botswana,1130000,2021/12/17
Brazil,165390000,2021/12/17
British Virgin Islands,18357,2021/12/17
Brunei,405092,2021/12/17
Bulgaria,1900000,2021/12/17
Burkina Faso,442769,2021/12/17
Burundi,4010,2021/12/17
Cambodia,14220000,2021/12/17
Cameroon,806176,2021/12/17
Canada,31390000,2021/12/17
Cape Verde,302802,2021/12/17
Cayman Islands,58569,2021/12/17
Central African Republic,446712,2021/12/17
Chad,285922,2021/12/17
Chile,17150000,2021/12/17
China,1260000000,2021/12/17
Colombia,37840000,2021/12/17
Comoros,282378,2021/12/17
Congo,734721,2021/12/17
Cook Islands,12841,2021/12/17
Costa Rica,3930000,2021/12/17
Cote d'Ivoire,3310000,2021/12/17
Croatia,2240000,2021/12/17
Cuba,10300000,2021/12/17
Curacao,103613,2021/12/17
Cyprus,636379,2021/12/17
Czechia,6780000,2021/12/17
Democratic Republic of Congo,202178,2021/12/17
Denmark,4730000,2021/12/17
Djibouti,108945,2021/12/17
Dominica,29200,2021/12/17
Dominican Republic,6920000,2021/12/17
Ecuador,14080000,2021/12/17
Egypt,31540000,2021/12/17
El Salvador,4470000,2021/12/17
Equatorial Guinea,249215,2021/12/17
Estonia,836391,2021/12/17
Eswatini,326455,2021/12/17
Ethiopia,9140000,2021/12/17
Europe,479290000,2021/12/17
European Union,319270000,2021/12/17
Faeroe Islands,41387,2021/12/17
Falkland Islands,NaN,2021/12/17
Fiji,661452,2021/12/17
Finland,4340000,2021/12/17
France,52590000,2021/12/17
French Polynesia,169995,2021/12/17
Gabon,392898,2021/12/17
Gambia,245081,2021/12/17
Georgia,1300000,2021/12/17
Germany,60950000,2021/12/17
Ghana,2650000,2021/12/17
Gibraltar,41134,2021/12/17
Greece,7310000,2021/12/17
Greenland,40385,2021/12/17
Grenada,41064,2021/12/17
Guatemala,6370000,2021/12/17
Guernsey,NaN,2021/12/17
Guinea,1720000,2021/12/17
Guinea-Bissau,389157,2021/12/17
Guyana,408266,2021/12/17
Haiti,122580,2021/12/17
High income,916480000,2021/12/17
Honduras,4920000,2021/12/17
Hong Kong,4830000,2021/12/17
Hungary,6210000,2021/12/17
Iceland,287229,2021/12/17
India,825530000,2021/12/17
Indonesia,151250000,2021/12/17
Iran,59130000,2021/12/17
Iraq,8270000,2021/12/17
Ireland,3890000,2021/12/17
Isle of Man,68539,2021/12/17
Israel,6450000,2021/12/17
Italy,47830000,2021/12/17
Jamaica,703395,2021/12/17
Japan,100130000,2021/12/17
Jersey,80892,2021/12/17
Jordan,4260000,2021/12/17
Kazakhstan,8890000,2021/12/17
Kenya,5740000,2021/12/17
Kiribati,59492,2021/12/17
Kosovo,875947,2021/12/17
Kuwait,3320000,2021/12/17
Kyrgyzstan,1170000,2021/12/17
Laos,3740000,2021/12/17
Latvia,1300000,2021/12/17
Lebanon,2130000,2021/12/17
Lesotho,648817,2021/12/17
Liberia,784838,2021/12/17
Libya,1820000,2021/12/17
Liechtenstein,26029,2021/12/17
Lithuania,1900000,2021/12/17
Low income,49870000,2021/12/17
Lower middle income,1580000000,2021/12/17
Luxembourg,458131,2021/12/17
Macao,490067,2021/12/17
Madagascar,589003,2021/12/17
Malawi,1340000,2021/12/17
Malaysia,25960000,2021/12/17
Maldives,396369,2021/12/17
Mali,843144,2021/12/17
Malta,437712,2021/12/17
Mauritania,1110000,2021/12/17
Mauritius,916524,2021/12/17
Mexico,81790000,2021/12/17
Moldova,989897,2021/12/17
Monaco,NaN,2021/12/17
Mongolia,2260000,2021/12/17
Montenegro,280970,2021/12/17
Montserrat,1547,2021/12/17
Morocco,24590000,2021/12/17
Mozambique,7240000,2021/12/17
Myanmar,18830000,2021/12/17
Namibia,387413,2021/12/17
Nauru,NaN,2021/12/17
Nepal,12250000,2021/12/17
Netherlands,13310000,2021/12/17
New Caledonia,182486,2021/12/17
New Zealand,3960000,2021/12/17
Nicaragua,4630000,2021/12/17
Niger,507223,2021/12/17
Nigeria,8180000,2021/12/17
Niue,NaN,2021/12/17
North America,400650000,2021/12/17
North Macedonia,840411,2021/12/17
Northern Cyprus,284357,2021/12/17
Norway,4270000,2021/12/17
Oceania,26150000,2021/12/17
Oman,3120000,2021/12/17
Pakistan,86970000,2021/12/17
Palestine,2050000,2021/12/17
Panama,3020000,2021/12/17
Papua New Guinea,283915,2021/12/17
Paraguay,3440000,2021/12/17
Peru,24030000,2021/12/17
Philippines,56110000,2021/12/17
Pitcairn,NaN,2021/12/17
Poland,21330000,2021/12/17
Portugal,9190000,2021/12/17
Qatar,NaN,2021/12/17
Romania,7980000,2021/12/17
Russia,71000000,2021/12/17
Rwanda,6850000,2021/12/17
Saint Helena,NaN,2021/12/17
Saint Kitts and Nevis,27484,2021/12/17
Saint Lucia,55278,2021/12/17
Saint Vincent and the Grenadines,33316,2021/12/17
Samoa,141424,2021/12/17
San Marino,24306,2021/12/17
Sao Tome and Principe,86396,2021/12/17
Saudi Arabia,24850000,2021/12/17
Senegal,1330000,2021/12/17
Serbia,3290000,2021/12/17
Seychelles,82323,2021/12/17
Sierra Leone,747044,2021/12/17
Singapore,4800000,2021/12/17
Sint Maarten (Dutch part),27086,2021/12/17
Slovakia,2700000,2021/12/17
Slovenia,1240000,2021/12/17
Solomon Islands,179973,2021/12/17
Somalia,1090000,2021/12/17
South Africa,18660000,2021/12/17
South America,319040000,2021/12/17
South Korea,43390000,2021/12/17
South Sudan,227262,2021/12/17
Spain,38610000,2021/12/17
Sri Lanka,15960000,2021/12/17
Sudan,4020000,2021/12/17
Suriname,260304,2021/12/17
Sweden,7720000,2021/12/17
Switzerland,5940000,2021/12/17
Syria,1190000,2021/12/17
Taiwan,18590000,2021/12/17
Tajikistan,3520000,2021/12/17
Tanzania,2080000,2021/12/17
Thailand,50440000,2021/12/17
Timor,662963,2021/12/17
Togo,1370000,2021/12/17
Tokelau,NaN,2021/12/17
Tonga,73609,2021/12/17
Trinidad and Tobago,702136,2021/12/17
Tunisia,6390000,2021/12/17
Turkey,56640000,2021/12/17
Turkmenistan,NaN,2021/12/17
Turks and Caicos Islands,NaN,2021/12/17
Tuvalu,NaN,2021/12/17
Uganda,8350000,2021/12/17
Ukraine,14360000,2021/12/17
United Arab Emirates,9890000,2021/12/17
United Kingdom,51430000,2021/12/17
United States,240700000,2021/12/17
Upper middle income,1920000000,2021/12/17
Uruguay,2760000,2021/12/17
Uzbekistan,18430000,2021/12/17
Vanuatu,102308,2021/12/17
Venezuela,18390000,2021/12/17
Vietnam,75630000,2021/12/17
Wallis and Futuna,6016,2021/12/17
World,4460000000,2021/12/17
Yemen,556652,2021/12/17
Zambia,NaN,2021/12/17
Zimbabwe,4040000,2021/12/17
Afghanistan,4140000,2021/12/18
Africa,178630000,2021/12/18
Albania,1120000,2021/12/18
Algeria,7060000,2021/12/18
Andorra,56628,2021/12/18
Angola,7250000,2021/12/18
Anguilla,10079,2021/12/18
Antigua and Barbuda,62154,2021/12/18
Argentina,37610000,2021/12/18
Armenia,903661,2021/12/18
Aruba,84191,2021/12/18
Asia,3060000000,2021/12/18
Australia,20320000,2021/12/18
Austria,6560000,2021/12/18
Azerbaijan,5140000,2021/12/18
Bahamas,155709,2021/12/18
Bahrain,1190000,2021/12/18
Bangladesh,87550000,2021/12/18
Barbados,155192,2021/12/18
Belarus,4360000,2021/12/18
Belgium,8890000,2021/12/18
Belize,229714,2021/12/18
Benin,1560000,2021/12/18
Bermuda,46194,2021/12/18
Bhutan,589762,2021/12/18
Bolivia,5360000,2021/12/18
Bonaire Sint Eustatius and Saba,NaN,2021/12/18
Bosnia and Herzegovina,882641,2021/12/18
Botswana,1130000,2021/12/18
Brazil,165410000,2021/12/18
British Virgin Islands,18357,2021/12/18
Brunei,405092,2021/12/18
Bulgaria,1900000,2021/12/18
Burkina Faso,442769,2021/12/18
Burundi,4010,2021/12/18
Cambodia,14220000,2021/12/18
Cameroon,806176,2021/12/18
Canada,31410000,2021/12/18
Cape Verde,302802,2021/12/18
Cayman Islands,58569,2021/12/18
Central African Republic,446712,2021/12/18
Chad,285922,2021/12/18
Chile,17150000,2021/12/18
China,1260000000,2021/12/18
Colombia,37840000,2021/12/18
Comoros,282378,2021/12/18
Congo,734721,2021/12/18
Cook Islands,12841,2021/12/18
Costa Rica,3930000,2021/12/18
Cote d'Ivoire,3310000,2021/12/18
Croatia,2240000,2021/12/18
Cuba,10310000,2021/12/18
Curacao,103752,2021/12/18
Cyprus,640166,2021/12/18
Czechia,6780000,2021/12/18
Democratic Republic of Congo,202178,2021/12/18
Denmark,4740000,2021/12/18
Djibouti,108945,2021/12/18
Dominica,29200,2021/12/18
Dominican Republic,6920000,2021/12/18
Ecuador,14090000,2021/12/18
Egypt,31540000,2021/12/18
El Salvador,4470000,2021/12/18
Equatorial Guinea,249215,2021/12/18
Estonia,836712,2021/12/18
Eswatini,326455,2021/12/18
Ethiopia,9160000,2021/12/18
Europe,480170000,2021/12/18
European Union,319550000,2021/12/18
Faeroe Islands,41387,2021/12/18
Falkland Islands,NaN,2021/12/18
Fiji,661452,2021/12/18
Finland,4340000,2021/12/18
France,52620000,2021/12/18
French Polynesia,169995,2021/12/18
Gabon,392898,2021/12/18
Gambia,245081,2021/12/18
Georgia,1300000,2021/12/18
Germany,61040000,2021/12/18
Ghana,2650000,2021/12/18
Gibraltar,41144,2021/12/18
Greece,7330000,2021/12/18
Greenland,40425,2021/12/18
Grenada,41064,2021/12/18
Guatemala,6380000,2021/12/18
Guernsey,NaN,2021/12/18
Guinea,1720000,2021/12/18
Guinea-Bissau,389157,2021/12/18
Guyana,408266,2021/12/18
Haiti,122580,2021/12/18
High income,917270000,2021/12/18
Honduras,4920000,2021/12/18
Hong Kong,4830000,2021/12/18
Hungary,6230000,2021/12/18
Iceland,287229,2021/12/18
India,827370000,2021/12/18
Indonesia,151420000,2021/12/18
Iran,59130000,2021/12/18
Iraq,8270000,2021/12/18
Ireland,3890000,2021/12/18
Isle of Man,68539,2021/12/18
Israel,6450000,2021/12/18
Italy,47890000,2021/12/18
Jamaica,704389,2021/12/18
Japan,100200000,2021/12/18
Jersey,80892,2021/12/18
Jordan,4270000,2021/12/18
Kazakhstan,8890000,2021/12/18
Kenya,5930000,2021/12/18
Kiribati,66473,2021/12/18
Kosovo,877188,2021/12/18
Kuwait,3330000,2021/12/18
Kyrgyzstan,1200000,2021/12/18
Laos,3740000,2021/12/18
Latvia,1300000,2021/12/18
Lebanon,2130000,2021/12/18
Lesotho,648817,2021/12/18
Liberia,784838,2021/12/18
Libya,1820000,2021/12/18
Liechtenstein,26045,2021/12/18
Lithuania,1900000,2021/12/18
Low income,49900000,2021/12/18
Lower middle income,1580000000,2021/12/18
Luxembourg,458709,2021/12/18
Macao,490428,2021/12/18
Madagascar,589003,2021/12/18
Malawi,1360000,2021/12/18
Malaysia,25960000,2021/12/18
Maldives,396369,2021/12/18
Mali,852496,2021/12/18
Malta,437861,2021/12/18
Mauritania,1110000,2021/12/18
Mauritius,916524,2021/12/18
Mexico,81810000,2021/12/18
Moldova,989897,2021/12/18
Monaco,NaN,2021/12/18
Mongolia,2260000,2021/12/18
Montenegro,281270,2021/12/18
Montserrat,1547,2021/12/18
Morocco,24590000,2021/12/18
Mozambique,7850000,2021/12/18
Myanmar,18830000,2021/12/18
Namibia,387413,2021/12/18
Nauru,NaN,2021/12/18
Nepal,12250000,2021/12/18
Netherlands,13310000,2021/12/18
New Caledonia,182486,2021/12/18
New Zealand,3960000,2021/12/18
Nicaragua,4630000,2021/12/18
Niger,507223,2021/12/18
Nigeria,8810000,2021/12/18
Niue,NaN,2021/12/18
North America,400990000,2021/12/18
North Macedonia,840411,2021/12/18
Northern Cyprus,284357,2021/12/18
Norway,4270000,2021/12/18
Oceania,26160000,2021/12/18
Oman,3120000,2021/12/18
Pakistan,88490000,2021/12/18
Palestine,2050000,2021/12/18
Panama,3020000,2021/12/18
Papua New Guinea,283915,2021/12/18
Paraguay,3440000,2021/12/18
Peru,24100000,2021/12/18
Philippines,56110000,2021/12/18
Pitcairn,NaN,2021/12/18
Poland,21380000,2021/12/18
Portugal,9190000,2021/12/18
Qatar,NaN,2021/12/18
Romania,7980000,2021/12/18
Russia,71530000,2021/12/18
Rwanda,6850000,2021/12/18
Saint Helena,NaN,2021/12/18
Saint Kitts and Nevis,27484,2021/12/18
Saint Lucia,55346,2021/12/18
Saint Vincent and the Grenadines,33316,2021/12/18
Samoa,141424,2021/12/18
San Marino,24306,2021/12/18
Sao Tome and Principe,86396,2021/12/18
Saudi Arabia,24850000,2021/12/18
Senegal,1330000,2021/12/18
Serbia,3300000,2021/12/18
Seychelles,82323,2021/12/18
Sierra Leone,747044,2021/12/18
Singapore,4800000,2021/12/18
Sint Maarten (Dutch part),27086,2021/12/18
Slovakia,2700000,2021/12/18
Slovenia,1240000,2021/12/18
Solomon Islands,179973,2021/12/18
Somalia,1090000,2021/12/18
South Africa,18670000,2021/12/18
South America,326820000,2021/12/18
South Korea,43450000,2021/12/18
South Sudan,227262,2021/12/18
Spain,39010000,2021/12/18
Sri Lanka,15970000,2021/12/18
Sudan,4020000,2021/12/18
Suriname,260739,2021/12/18
Sweden,7720000,2021/12/18
Switzerland,5940000,2021/12/18
Syria,1190000,2021/12/18
Taiwan,18600000,2021/12/18
Tajikistan,3520000,2021/12/18
Tanzania,2080000,2021/12/18
Thailand,50440000,2021/12/18
Timor,662963,2021/12/18
Togo,1370000,2021/12/18
Tokelau,NaN,2021/12/18
Tonga,73609,2021/12/18
Trinidad and Tobago,702844,2021/12/18
Tunisia,6410000,2021/12/18
Turkey,56650000,2021/12/18
Turkmenistan,NaN,2021/12/18
Turks and Caicos Islands,NaN,2021/12/18
Tuvalu,NaN,2021/12/18
Uganda,8350000,2021/12/18
Ukraine,14380000,2021/12/18
United Arab Emirates,9890000,2021/12/18
United Kingdom,51460000,2021/12/18
United States,240980000,2021/12/18
Upper middle income,1920000000,2021/12/18
Uruguay,2760000,2021/12/18
Uzbekistan,18480000,2021/12/18
Vanuatu,102308,2021/12/18
Venezuela,18390000,2021/12/18
Vietnam,75700000,2021/12/18
Wallis and Futuna,6016,2021/12/18
World,4470000000,2021/12/18
Yemen,556652,2021/12/18
Zambia,NaN,2021/12/18
Zimbabwe,4050000,2021/12/18
Afghanistan,4140000,2021/12/19
Africa,178930000,2021/12/19
Albania,1120000,2021/12/19
Algeria,7060000,2021/12/19
Andorra,57085,2021/12/19
Angola,7420000,2021/12/19
Anguilla,10079,2021/12/19
Antigua and Barbuda,62154,2021/12/19
Argentina,37620000,2021/12/19
Armenia,903661,2021/12/19
Aruba,84345,2021/12/19
Asia,3060000000,2021/12/19
Australia,20330000,2021/12/19
Austria,6570000,2021/12/19
Azerbaijan,5140000,2021/12/19
Bahamas,155709,2021/12/19
Bahrain,1200000,2021/12/19
Bangladesh,87550000,2021/12/19
Barbados,155242,2021/12/19
Belarus,4360000,2021/12/19
Belgium,8890000,2021/12/19
Belize,229714,2021/12/19
Benin,1560000,2021/12/19
Bermuda,46194,2021/12/19
Bhutan,589762,2021/12/19
Bolivia,5370000,2021/12/19
Bonaire Sint Eustatius and Saba,NaN,2021/12/19
Bosnia and Herzegovina,882641,2021/12/19
Botswana,1130000,2021/12/19
Brazil,165420000,2021/12/19
British Virgin Islands,18357,2021/12/19
Brunei,405092,2021/12/19
Bulgaria,1900000,2021/12/19
Burkina Faso,972376,2021/12/19
Burundi,4010,2021/12/19
Cambodia,14230000,2021/12/19
Cameroon,806176,2021/12/19
Canada,31450000,2021/12/19
Cape Verde,302802,2021/12/19
Cayman Islands,58569,2021/12/19
Central African Republic,446712,2021/12/19
Chad,285922,2021/12/19
Chile,17160000,2021/12/19
China,1260000000,2021/12/19
Colombia,37870000,2021/12/19
Comoros,282378,2021/12/19
Congo,734721,2021/12/19
Cook Islands,12841,2021/12/19
Costa Rica,3930000,2021/12/19
Cote d'Ivoire,3310000,2021/12/19
Croatia,2240000,2021/12/19
Cuba,10320000,2021/12/19
Curacao,103763,2021/12/19
Cyprus,640166,2021/12/19
Czechia,6780000,2021/12/19
Democratic Republic of Congo,217382,2021/12/19
Denmark,4750000,2021/12/19
Djibouti,108945,2021/12/19
Dominica,29200,2021/12/19
Dominican Republic,6920000,2021/12/19
Ecuador,14090000,2021/12/19
Egypt,32100000,2021/12/19
El Salvador,4470000,2021/12/19
Equatorial Guinea,249276,2021/12/19
Estonia,836992,2021/12/19
Eswatini,326455,2021/12/19
Ethiopia,9170000,2021/12/19
Europe,481380000,2021/12/19
European Union,320180000,2021/12/19
Faeroe Islands,41387,2021/12/19
Falkland Islands,NaN,2021/12/19
Fiji,661452,2021/12/19
Finland,4340000,2021/12/19
France,52630000,2021/12/19
French Polynesia,169995,2021/12/19
Gabon,392898,2021/12/19
Gambia,245081,2021/12/19
Georgia,1300000,2021/12/19
Germany,61090000,2021/12/19
Ghana,5770000,2021/12/19
Gibraltar,41144,2021/12/19
Greece,7350000,2021/12/19
Greenland,40425,2021/12/19
Grenada,41064,2021/12/19
Guatemala,6390000,2021/12/19
Guernsey,NaN,2021/12/19
Guinea,1720000,2021/12/19
Guinea-Bissau,389157,2021/12/19
Guyana,408266,2021/12/19
Haiti,122580,2021/12/19
High income,918190000,2021/12/19
Honduras,4920000,2021/12/19
Hong Kong,4830000,2021/12/19
Hungary,6230000,2021/12/19
Iceland,287560,2021/12/19
India,828320000,2021/12/19
Indonesia,151780000,2021/12/19
Iran,59130000,2021/12/19
Iraq,8270000,2021/12/19
Ireland,3890000,2021/12/19
Isle of Man,68542,2021/12/19
Israel,6460000,2021/12/19
Italy,47920000,2021/12/19
Jamaica,705402,2021/12/19
Japan,100200000,2021/12/19
Jersey,80892,2021/12/19
Jordan,4280000,2021/12/19
Kazakhstan,8900000,2021/12/19
Kenya,5930000,2021/12/19
Kiribati,66473,2021/12/19
Kosovo,877714,2021/12/19
Kuwait,3330000,2021/12/19
Kyrgyzstan,1200000,2021/12/19
Laos,3740000,2021/12/19
Latvia,1300000,2021/12/19
Lebanon,2160000,2021/12/19
Lesotho,648817,2021/12/19
Liberia,784838,2021/12/19
Libya,1820000,2021/12/19
Liechtenstein,26045,2021/12/19
Lithuania,1900000,2021/12/19
Low income,50100000,2021/12/19
Lower middle income,1580000000,2021/12/19
Luxembourg,458717,2021/12/19
Macao,490865,2021/12/19
Madagascar,589003,2021/12/19
Malawi,1370000,2021/12/19
Malaysia,25970000,2021/12/19
Maldives,396410,2021/12/19
Mali,852496,2021/12/19
Malta,437988,2021/12/19
Mauritania,1110000,2021/12/19
Mauritius,916524,2021/12/19
Mexico,81810000,2021/12/19
Moldova,989897,2021/12/19
Monaco,NaN,2021/12/19
Mongolia,2260000,2021/12/19
Montenegro,281421,2021/12/19
Montserrat,1547,2021/12/19
Morocco,24590000,2021/12/19
Mozambique,7850000,2021/12/19
Myanmar,18830000,2021/12/19
Namibia,399636,2021/12/19
Nauru,NaN,2021/12/19
Nepal,12250000,2021/12/19
Netherlands,13310000,2021/12/19
New Caledonia,182486,2021/12/19
New Zealand,3960000,2021/12/19
Nicaragua,4630000,2021/12/19
Niger,507223,2021/12/19
Nigeria,8810000,2021/12/19
Niue,NaN,2021/12/19
North America,401230000,2021/12/19
North Macedonia,840411,2021/12/19
Northern Cyprus,284357,2021/12/19
Norway,4270000,2021/12/19
Oceania,26170000,2021/12/19
Oman,3120000,2021/12/19
Pakistan,88490000,2021/12/19
Palestine,2050000,2021/12/19
Panama,3020000,2021/12/19
Papua New Guinea,283915,2021/12/19
Paraguay,3440000,2021/12/19
Peru,24140000,2021/12/19
Philippines,56110000,2021/12/19
Pitcairn,NaN,2021/12/19
Poland,21390000,2021/12/19
Portugal,9190000,2021/12/19
Qatar,NaN,2021/12/19
Romania,7980000,2021/12/19
Russia,71780000,2021/12/19
Rwanda,7320000,2021/12/19
Saint Helena,NaN,2021/12/19
Saint Kitts and Nevis,27484,2021/12/19
Saint Lucia,55346,2021/12/19
Saint Vincent and the Grenadines,33316,2021/12/19
Samoa,141424,2021/12/19
San Marino,24306,2021/12/19
Sao Tome and Principe,86396,2021/12/19
Saudi Arabia,24870000,2021/12/19
Senegal,1330000,2021/12/19
Serbia,3300000,2021/12/19
Seychelles,82323,2021/12/19
Sierra Leone,747044,2021/12/19
Singapore,4800000,2021/12/19
Sint Maarten (Dutch part),27086,2021/12/19
Slovakia,2710000,2021/12/19
Slovenia,1240000,2021/12/19
Solomon Islands,179973,2021/12/19
Somalia,1090000,2021/12/19
South Africa,18670000,2021/12/19
South America,326940000,2021/12/19
South Korea,43460000,2021/12/19
South Sudan,227262,2021/12/19
Spain,39010000,2021/12/19
Sri Lanka,15970000,2021/12/19
Sudan,4020000,2021/12/19
Suriname,260739,2021/12/19
Sweden,7720000,2021/12/19
Switzerland,5940000,2021/12/19
Syria,1190000,2021/12/19
Taiwan,18600000,2021/12/19
Tajikistan,3520000,2021/12/19
Tanzania,2080000,2021/12/19
Thailand,50440000,2021/12/19
Timor,662963,2021/12/19
Togo,1370000,2021/12/19
Tokelau,NaN,2021/12/19
Tonga,73609,2021/12/19
Trinidad and Tobago,703083,2021/12/19
Tunisia,6430000,2021/12/19
Turkey,56660000,2021/12/19
Turkmenistan,NaN,2021/12/19
Turks and Caicos Islands,NaN,2021/12/19
Tuvalu,NaN,2021/12/19
Uganda,8350000,2021/12/19
Ukraine,14390000,2021/12/19
United Arab Emirates,9890000,2021/12/19
United Kingdom,51500000,2021/12/19
United States,241150000,2021/12/19
Upper middle income,1920000000,2021/12/19
Uruguay,2760000,2021/12/19
Uzbekistan,18520000,2021/12/19
Vanuatu,102308,2021/12/19
Venezuela,18390000,2021/12/19
Vietnam,75700000,2021/12/19
Wallis and Futuna,6016,2021/12/19
World,4480000000,2021/12/19
Yemen,556652,2021/12/19
Zambia,NaN,2021/12/19
Zimbabwe,4050000,2021/12/19
Afghanistan,4140000,2021/12/20
Africa,182860000,2021/12/20
Albania,1130000,2021/12/20
Algeria,7060000,2021/12/20
Andorra,57085,2021/12/20
Angola,7420000,2021/12/20
Anguilla,10079,2021/12/20
Antigua and Barbuda,62154,2021/12/20
Argentina,37670000,2021/12/20
Armenia,903661,2021/12/20
Aruba,84345,2021/12/20
Asia,3070000000,2021/12/20
Australia,20350000,2021/12/20
Austria,6570000,2021/12/20
Azerbaijan,5140000,2021/12/20
Bahamas,155709,2021/12/20
Bahrain,1200000,2021/12/20
Bangladesh,87550000,2021/12/20
Barbados,155312,2021/12/20
Belarus,4360000,2021/12/20
Belgium,8900000,2021/12/20
Belize,230125,2021/12/20
Benin,1560000,2021/12/20
Bermuda,46194,2021/12/20
Bhutan,589762,2021/12/20
Bolivia,5390000,2021/12/20
Bonaire Sint Eustatius and Saba,NaN,2021/12/20
Bosnia and Herzegovina,882641,2021/12/20
Botswana,1130000,2021/12/20
Brazil,165470000,2021/12/20
British Virgin Islands,18432,2021/12/20
Brunei,405092,2021/12/20
Bulgaria,1900000,2021/12/20
Burkina Faso,972376,2021/12/20
Burundi,4010,2021/12/20
Cambodia,14230000,2021/12/20
Cameroon,806176,2021/12/20
Canada,31500000,2021/12/20
Cape Verde,302802,2021/12/20
Cayman Islands,58591,2021/12/20
Central African Republic,446712,2021/12/20
Chad,285922,2021/12/20
Chile,17180000,2021/12/20
China,1260000000,2021/12/20
Colombia,37870000,2021/12/20
Comoros,282378,2021/12/20
Congo,734721,2021/12/20
Cook Islands,12841,2021/12/20
Costa Rica,3930000,2021/12/20
Cote d'Ivoire,3310000,2021/12/20
Croatia,2240000,2021/12/20
Cuba,10330000,2021/12/20
Curacao,103763,2021/12/20
Cyprus,640166,2021/12/20
Czechia,6790000,2021/12/20
Democratic Republic of Congo,217382,2021/12/20
Denmark,4760000,2021/12/20
Djibouti,108945,2021/12/20
Dominica,29426,2021/12/20
Dominican Republic,6930000,2021/12/20
Ecuador,14110000,2021/12/20
Egypt,32100000,2021/12/20
El Salvador,4470000,2021/12/20
Equatorial Guinea,249276,2021/12/20
Estonia,837481,2021/12/20
Eswatini,332743,2021/12/20
Ethiopia,9200000,2021/12/20
Europe,481900000,2021/12/20
European Union,320540000,2021/12/20
Faeroe Islands,41387,2021/12/20
Falkland Islands,NaN,2021/12/20
Fiji,661452,2021/12/20
Finland,4340000,2021/12/20
France,52660000,2021/12/20
French Polynesia,169995,2021/12/20
Gabon,392898,2021/12/20
Gambia,245081,2021/12/20
Georgia,1310000,2021/12/20
Germany,61180000,2021/12/20
Ghana,5770000,2021/12/20
Gibraltar,41162,2021/12/20
Greece,7360000,2021/12/20
Greenland,40425,2021/12/20
Grenada,41287,2021/12/20
Guatemala,6410000,2021/12/20
Guernsey,NaN,2021/12/20
Guinea,1720000,2021/12/20
Guinea-Bissau,389157,2021/12/20
Guyana,408266,2021/12/20
Haiti,122580,2021/12/20
High income,919390000,2021/12/20
Honduras,4920000,2021/12/20
Hong Kong,4840000,2021/12/20
Hungary,6230000,2021/12/20
Iceland,287560,2021/12/20
India,829220000,2021/12/20
Indonesia,151780000,2021/12/20
Iran,59130000,2021/12/20
Iraq,8270000,2021/12/20
Ireland,3890000,2021/12/20
Isle of Man,68542,2021/12/20
Israel,6470000,2021/12/20
Italy,47970000,2021/12/20
Jamaica,707023,2021/12/20
Japan,100200000,2021/12/20
Jersey,80892,2021/12/20
Jordan,4290000,2021/12/20
Kazakhstan,8900000,2021/12/20
Kenya,5930000,2021/12/20
Kiribati,66473,2021/12/20
Kosovo,877962,2021/12/20
Kuwait,3330000,2021/12/20
Kyrgyzstan,1200000,2021/12/20
Laos,3740000,2021/12/20
Latvia,1300000,2021/12/20
Lebanon,2160000,2021/12/20
Lesotho,648817,2021/12/20
Liberia,784838,2021/12/20
Libya,1820000,2021/12/20
Liechtenstein,26078,2021/12/20
Lithuania,1900000,2021/12/20
Low income,52810000,2021/12/20
Lower middle income,1590000000,2021/12/20
Luxembourg,459308,2021/12/20
Macao,490865,2021/12/20
Madagascar,589003,2021/12/20
Malawi,1380000,2021/12/20
Malaysia,25970000,2021/12/20
Maldives,396452,2021/12/20
Mali,852496,2021/12/20
Malta,438483,2021/12/20
Mauritania,1120000,2021/12/20
Mauritius,937052,2021/12/20
Mexico,81910000,2021/12/20
Moldova,989897,2021/12/20
Monaco,NaN,2021/12/20
Mongolia,2260000,2021/12/20
Montenegro,281453,2021/12/20
Montserrat,1547,2021/12/20
Morocco,24590000,2021/12/20
Mozambique,7850000,2021/12/20
Myanmar,18830000,2021/12/20
Namibia,399636,2021/12/20
Nauru,NaN,2021/12/20
Nepal,12250000,2021/12/20
Netherlands,13310000,2021/12/20
New Caledonia,182486,2021/12/20
New Zealand,3970000,2021/12/20
Nicaragua,4630000,2021/12/20
Niger,507223,2021/12/20
Nigeria,8810000,2021/12/20
Niue,NaN,2021/12/20
North America,401880000,2021/12/20
North Macedonia,840411,2021/12/20
Northern Cyprus,284357,2021/12/20
Norway,4280000,2021/12/20
Oceania,26200000,2021/12/20
Oman,3120000,2021/12/20
Pakistan,89090000,2021/12/20
Palestine,2050000,2021/12/20
Panama,3020000,2021/12/20
Papua New Guinea,283915,2021/12/20
Paraguay,3460000,2021/12/20
Peru,24190000,2021/12/20
Philippines,56110000,2021/12/20
Pitcairn,NaN,2021/12/20
Poland,21420000,2021/12/20
Portugal,9190000,2021/12/20
Qatar,NaN,2021/12/20
Romania,7980000,2021/12/20
Russia,71860000,2021/12/20
Rwanda,7320000,2021/12/20
Saint Helena,NaN,2021/12/20
Saint Kitts and Nevis,27523,2021/12/20
Saint Lucia,55387,2021/12/20
Saint Vincent and the Grenadines,33316,2021/12/20
Samoa,141424,2021/12/20
San Marino,24306,2021/12/20
Sao Tome and Principe,86396,2021/12/20
Saudi Arabia,24890000,2021/12/20
Senegal,1330000,2021/12/20
Serbia,3300000,2021/12/20
Seychelles,82323,2021/12/20
Sierra Leone,747044,2021/12/20
Singapore,4800000,2021/12/20
Sint Maarten (Dutch part),27141,2021/12/20
Slovakia,2710000,2021/12/20
Slovenia,1240000,2021/12/20
Solomon Islands,179973,2021/12/20
Somalia,1090000,2021/12/20
South Africa,18770000,2021/12/20
South America,327150000,2021/12/20
South Korea,43580000,2021/12/20
South Sudan,227262,2021/12/20
Spain,39100000,2021/12/20
Sri Lanka,15970000,2021/12/20
Sudan,4020000,2021/12/20
Suriname,260739,2021/12/20
Sweden,7720000,2021/12/20
Switzerland,5950000,2021/12/20
Syria,1190000,2021/12/20
Taiwan,18620000,2021/12/20
Tajikistan,3520000,2021/12/20
Tanzania,2080000,2021/12/20
Thailand,50440000,2021/12/20
Timor,662963,2021/12/20
Togo,1370000,2021/12/20
Tokelau,NaN,2021/12/20
Tonga,73609,2021/12/20
Trinidad and Tobago,703289,2021/12/20
Tunisia,6450000,2021/12/20
Turkey,56680000,2021/12/20
Turkmenistan,NaN,2021/12/20
Turks and Caicos Islands,NaN,2021/12/20
Tuvalu,NaN,2021/12/20
Uganda,8350000,2021/12/20
Ukraine,14420000,2021/12/20
United Arab Emirates,9890000,2021/12/20
United Kingdom,51540000,2021/12/20
United States,241600000,2021/12/20
Upper middle income,1930000000,2021/12/20
Uruguay,2760000,2021/12/20
Uzbekistan,18560000,2021/12/20
Vanuatu,102308,2021/12/20
Venezuela,18390000,2021/12/20
Vietnam,75700000,2021/12/20
Wallis and Futuna,6016,2021/12/20
World,4490000000,2021/12/20
Yemen,556652,2021/12/20
Zambia,NaN,2021/12/20
Zimbabwe,4060000,2021/12/20
Afghanistan,4140000,2021/12/21
Africa,183270000,2021/12/21
Albania,1130000,2021/12/21
Algeria,7060000,2021/12/21
Andorra,57085,2021/12/21
Angola,7420000,2021/12/21
Anguilla,10079,2021/12/21
Antigua and Barbuda,62154,2021/12/21
Argentina,37730000,2021/12/21
Armenia,903661,2021/12/21
Aruba,84430,2021/12/21
Asia,3070000000,2021/12/21
Australia,20360000,2021/12/21
Austria,6580000,2021/12/21
Azerbaijan,5140000,2021/12/21
Bahamas,155709,2021/12/21
Bahrain,1200000,2021/12/21
Bangladesh,87550000,2021/12/21
Barbados,155383,2021/12/21
Belarus,4360000,2021/12/21
Belgium,8900000,2021/12/21
Belize,230125,2021/12/21
Benin,1560000,2021/12/21
Bermuda,46194,2021/12/21
Bhutan,589762,2021/12/21
Bolivia,5410000,2021/12/21
Bonaire Sint Eustatius and Saba,NaN,2021/12/21
Bosnia and Herzegovina,882641,2021/12/21
Botswana,1130000,2021/12/21
Brazil,165550000,2021/12/21
British Virgin Islands,18432,2021/12/21
Brunei,405092,2021/12/21
Bulgaria,1900000,2021/12/21
Burkina Faso,972376,2021/12/21
Burundi,4010,2021/12/21
Cambodia,14230000,2021/12/21
Cameroon,834112,2021/12/21
Canada,31540000,2021/12/21
Cape Verde,302802,2021/12/21
Cayman Islands,58591,2021/12/21
Central African Republic,446712,2021/12/21
Chad,285922,2021/12/21
Chile,17190000,2021/12/21
China,1260000000,2021/12/21
Colombia,38070000,2021/12/21
Comoros,335408,2021/12/21
Congo,734721,2021/12/21
Cook Islands,12841,2021/12/21
Costa Rica,3930000,2021/12/21
Cote d'Ivoire,3310000,2021/12/21
Croatia,2250000,2021/12/21
Cuba,10350000,2021/12/21
Curacao,103765,2021/12/21
Cyprus,640890,2021/12/21
Czechia,6800000,2021/12/21
Democratic Republic of Congo,217382,2021/12/21
Denmark,4770000,2021/12/21
Djibouti,108945,2021/12/21
Dominica,29426,2021/12/21
Dominican Republic,6930000,2021/12/21
Ecuador,14120000,2021/12/21
Egypt,32100000,2021/12/21
El Salvador,4470000,2021/12/21
Equatorial Guinea,249276,2021/12/21
Estonia,838206,2021/12/21
Eswatini,332743,2021/12/21
Ethiopia,9230000,2021/12/21
Europe,482870000,2021/12/21
European Union,320980000,2021/12/21
Faeroe Islands,41387,2021/12/21
Falkland Islands,NaN,2021/12/21
Fiji,661452,2021/12/21
Finland,4340000,2021/12/21
France,52690000,2021/12/21
French Polynesia,169995,2021/12/21
Gabon,392898,2021/12/21
Gambia,249364,2021/12/21
Georgia,1320000,2021/12/21
Germany,61280000,2021/12/21
Ghana,5770000,2021/12/21
Gibraltar,41162,2021/12/21
Greece,7370000,2021/12/21
Greenland,40425,2021/12/21
Grenada,41287,2021/12/21
Guatemala,6440000,2021/12/21
Guernsey,NaN,2021/12/21
Guinea,1740000,2021/12/21
Guinea-Bissau,389157,2021/12/21
Guyana,408266,2021/12/21
Haiti,122580,2021/12/21
High income,920570000,2021/12/21
Honduras,4920000,2021/12/21
Hong Kong,4840000,2021/12/21
Hungary,6240000,2021/12/21
Iceland,287560,2021/12/21
India,831140000,2021/12/21
Indonesia,152600000,2021/12/21
Iran,59130000,2021/12/21
Iraq,8390000,2021/12/21
Ireland,3890000,2021/12/21
Isle of Man,68596,2021/12/21
Israel,6480000,2021/12/21
Italy,48010000,2021/12/21
Jamaica,708521,2021/12/21
Japan,100230000,2021/12/21
Jersey,80892,2021/12/21
Jordan,4290000,2021/12/21
Kazakhstan,8910000,2021/12/21
Kenya,6280000,2021/12/21
Kiribati,66473,2021/12/21
Kosovo,879207,2021/12/21
Kuwait,3330000,2021/12/21
Kyrgyzstan,1200000,2021/12/21
Laos,3740000,2021/12/21
Latvia,1310000,2021/12/21
Lebanon,2180000,2021/12/21
Lesotho,648817,2021/12/21
Liberia,784838,2021/12/21
Libya,1830000,2021/12/21
Liechtenstein,26105,2021/12/21
Lithuania,1910000,2021/12/21
Low income,52880000,2021/12/21
Lower middle income,1590000000,2021/12/21
Luxembourg,460115,2021/12/21
Macao,491162,2021/12/21
Madagascar,817386,2021/12/21
Malawi,1390000,2021/12/21
Malaysia,25970000,2021/12/21
Maldives,396511,2021/12/21
Mali,852496,2021/12/21
Malta,438969,2021/12/21
Mauritania,1120000,2021/12/21
Mauritius,937052,2021/12/21
Mexico,81910000,2021/12/21
Moldova,989897,2021/12/21
Monaco,NaN,2021/12/21
Mongolia,2260000,2021/12/21
Montenegro,281749,2021/12/21
Montserrat,1547,2021/12/21
Morocco,24610000,2021/12/21
Mozambique,7850000,2021/12/21
Myanmar,18830000,2021/12/21
Namibia,399636,2021/12/21
Nauru,NaN,2021/12/21
Nepal,12250000,2021/12/21
Netherlands,13310000,2021/12/21
New Caledonia,182486,2021/12/21
New Zealand,3970000,2021/12/21
Nicaragua,4630000,2021/12/21
Niger,507223,2021/12/21
Nigeria,9240000,2021/12/21
Niue,NaN,2021/12/21
North America,402450000,2021/12/21
North Macedonia,840411,2021/12/21
Northern Cyprus,284357,2021/12/21
Norway,4280000,2021/12/21
Oceania,26220000,2021/12/21
Oman,3120000,2021/12/21
Pakistan,89790000,2021/12/21
Palestine,2050000,2021/12/21
Panama,3020000,2021/12/21
Papua New Guinea,283915,2021/12/21
Paraguay,3460000,2021/12/21
Peru,24240000,2021/12/21
Philippines,56110000,2021/12/21
Pitcairn,NaN,2021/12/21
Poland,21460000,2021/12/21
Portugal,9190000,2021/12/21
Qatar,NaN,2021/12/21
Romania,7980000,2021/12/21
Russia,72290000,2021/12/21
Rwanda,7320000,2021/12/21
Saint Helena,NaN,2021/12/21
Saint Kitts and Nevis,27523,2021/12/21
Saint Lucia,55423,2021/12/21
Saint Vincent and the Grenadines,33316,2021/12/21
Samoa,141424,2021/12/21
San Marino,24306,2021/12/21
Sao Tome and Principe,86396,2021/12/21
Saudi Arabia,24900000,2021/12/21
Senegal,1330000,2021/12/21
Serbia,3300000,2021/12/21
Seychelles,82323,2021/12/21
Sierra Leone,747044,2021/12/21
Singapore,4800000,2021/12/21
Sint Maarten (Dutch part),27141,2021/12/21
Slovakia,2710000,2021/12/21
Slovenia,1240000,2021/12/21
Solomon Islands,179973,2021/12/21
Somalia,1090000,2021/12/21
South Africa,18770000,2021/12/21
South America,327330000,2021/12/21
South Korea,43660000,2021/12/21
South Sudan,227262,2021/12/21
Spain,39270000,2021/12/21
Sri Lanka,15970000,2021/12/21
Sudan,4020000,2021/12/21
Suriname,260861,2021/12/21
Sweden,7740000,2021/12/21
Switzerland,5950000,2021/12/21
Syria,1190000,2021/12/21
Taiwan,18630000,2021/12/21
Tajikistan,3520000,2021/12/21
Tanzania,2080000,2021/12/21
Thailand,50770000,2021/12/21
Timor,662963,2021/12/21
Togo,1380000,2021/12/21
Tokelau,NaN,2021/12/21
Tonga,73609,2021/12/21
Trinidad and Tobago,704587,2021/12/21
Tunisia,6450000,2021/12/21
Turkey,56710000,2021/12/21
Turkmenistan,NaN,2021/12/21
Turks and Caicos Islands,NaN,2021/12/21
Tuvalu,NaN,2021/12/21
Uganda,8350000,2021/12/21
Ukraine,14460000,2021/12/21
United Arab Emirates,9890000,2021/12/21
United Kingdom,51580000,2021/12/21
United States,242060000,2021/12/21
Upper middle income,1930000000,2021/12/21
Uruguay,2770000,2021/12/21
Uzbekistan,18560000,2021/12/21
Vanuatu,102308,2021/12/21
Venezuela,18390000,2021/12/21
Vietnam,76680000,2021/12/21
Wallis and Futuna,6016,2021/12/21
World,4490000000,2021/12/21
Yemen,556652,2021/12/21
Zambia,NaN,2021/12/21
Zimbabwe,4070000,2021/12/21
Afghanistan,4140000,2021/12/22
Africa,184650000,2021/12/22
Albania,1130000,2021/12/22
Algeria,7060000,2021/12/22
Andorra,57085,2021/12/22
Angola,7420000,2021/12/22
Anguilla,10079,2021/12/22
Antigua and Barbuda,62283,2021/12/22
Argentina,37730000,2021/12/22
Armenia,903661,2021/12/22
Aruba,84430,2021/12/22
Asia,3070000000,2021/12/22
Australia,20380000,2021/12/22
Austria,6590000,2021/12/22
Azerbaijan,5150000,2021/12/22
Bahamas,155709,2021/12/22
Bahrain,1200000,2021/12/22
Bangladesh,87550000,2021/12/22
Barbados,155459,2021/12/22
Belarus,4360000,2021/12/22
Belgium,8900000,2021/12/22
Belize,230125,2021/12/22
Benin,1560000,2021/12/22
Bermuda,46194,2021/12/22
Bhutan,589762,2021/12/22
Bolivia,5430000,2021/12/22
Bonaire Sint Eustatius and Saba,NaN,2021/12/22
Bosnia and Herzegovina,882641,2021/12/22
Botswana,1130000,2021/12/22
Brazil,165840000,2021/12/22
British Virgin Islands,18432,2021/12/22
Brunei,405092,2021/12/22
Bulgaria,1900000,2021/12/22
Burkina Faso,972376,2021/12/22
Burundi,4010,2021/12/22
Cambodia,14240000,2021/12/22
Cameroon,834112,2021/12/22
Canada,31580000,2021/12/22
Cape Verde,302802,2021/12/22
Cayman Islands,58591,2021/12/22
Central African Republic,446712,2021/12/22
Chad,285922,2021/12/22
Chile,17210000,2021/12/22
China,1260000000,2021/12/22
Colombia,38070000,2021/12/22
Comoros,335408,2021/12/22
Congo,734721,2021/12/22
Cook Islands,12841,2021/12/22
Costa Rica,3930000,2021/12/22
Cote d'Ivoire,4950000,2021/12/22
Croatia,2250000,2021/12/22
Cuba,10360000,2021/12/22
Curacao,103908,2021/12/22
Cyprus,664971,2021/12/22
Czechia,6800000,2021/12/22
Democratic Republic of Congo,217382,2021/12/22
Denmark,4780000,2021/12/22
Djibouti,108945,2021/12/22
Dominica,29426,2021/12/22
Dominican Republic,6930000,2021/12/22
Ecuador,14130000,2021/12/22
Egypt,33100000,2021/12/22
El Salvador,4480000,2021/12/22
Equatorial Guinea,249276,2021/12/22
Estonia,839029,2021/12/22
Eswatini,332743,2021/12/22
Ethiopia,9240000,2021/12/22
Europe,483400000,2021/12/22
European Union,321390000,2021/12/22
Faeroe Islands,41387,2021/12/22
Falkland Islands,NaN,2021/12/22
Fiji,661452,2021/12/22
Finland,4350000,2021/12/22
France,52730000,2021/12/22
French Polynesia,169995,2021/12/22
Gabon,392898,2021/12/22
Gambia,249364,2021/12/22
Georgia,1320000,2021/12/22
Germany,61380000,2021/12/22
Ghana,5770000,2021/12/22
Gibraltar,41162,2021/12/22
Greece,7390000,2021/12/22
Greenland,40445,2021/12/22
Grenada,41287,2021/12/22
Guatemala,6470000,2021/12/22
Guernsey,NaN,2021/12/22
Guinea,1800000,2021/12/22
Guinea-Bissau,389494,2021/12/22
Guyana,408266,2021/12/22
Haiti,122580,2021/12/22
High income,921700000,2021/12/22
Honduras,4920000,2021/12/22
Hong Kong,4840000,2021/12/22
Hungary,6250000,2021/12/22
Iceland,287813,2021/12/22
India,831760000,2021/12/22
Indonesia,153500000,2021/12/22
Iran,59130000,2021/12/22
Iraq,8390000,2021/12/22
Ireland,3890000,2021/12/22
Isle of Man,68596,2021/12/22
Israel,6490000,2021/12/22
Italy,48050000,2021/12/22
Jamaica,708521,2021/12/22
Japan,100250000,2021/12/22
Jersey,80892,2021/12/22
Jordan,4290000,2021/12/22
Kazakhstan,8920000,2021/12/22
Kenya,6280000,2021/12/22
Kiribati,66473,2021/12/22
Kosovo,880609,2021/12/22
Kuwait,3330000,2021/12/22
Kyrgyzstan,1200000,2021/12/22
Laos,3740000,2021/12/22
Latvia,1310000,2021/12/22
Lebanon,2180000,2021/12/22
Lesotho,648817,2021/12/22
Liberia,784838,2021/12/22
Libya,1830000,2021/12/22
Liechtenstein,26138,2021/12/22
Lithuania,1910000,2021/12/22
Low income,53450000,2021/12/22
Lower middle income,1600000000,2021/12/22
Luxembourg,460631,2021/12/22
Macao,491162,2021/12/22
Madagascar,817386,2021/12/22
Malawi,1400000,2021/12/22
Malaysia,25980000,2021/12/22
Maldives,396511,2021/12/22
Mali,866523,2021/12/22
Malta,439572,2021/12/22
Mauritania,1120000,2021/12/22
Mauritius,937052,2021/12/22
Mexico,81910000,2021/12/22
Moldova,989897,2021/12/22
Monaco,NaN,2021/12/22
Mongolia,2260000,2021/12/22
Montenegro,281968,2021/12/22
Montserrat,1547,2021/12/22
Morocco,24610000,2021/12/22
Mozambique,7850000,2021/12/22
Myanmar,20820000,2021/12/22
Namibia,399636,2021/12/22
Nauru,NaN,2021/12/22
Nepal,12250000,2021/12/22
Netherlands,13320000,2021/12/22
New Caledonia,182486,2021/12/22
New Zealand,3970000,2021/12/22
Nicaragua,4880000,2021/12/22
Niger,507223,2021/12/22
Nigeria,9240000,2021/12/22
Niue,NaN,2021/12/22
North America,402990000,2021/12/22
North Macedonia,840411,2021/12/22
Northern Cyprus,284357,2021/12/22
Norway,4280000,2021/12/22
Oceania,26240000,2021/12/22
Oman,3120000,2021/12/22
Pakistan,90530000,2021/12/22
Palestine,2050000,2021/12/22
Panama,3020000,2021/12/22
Papua New Guinea,283915,2021/12/22
Paraguay,3460000,2021/12/22
Peru,24280000,2021/12/22
Philippines,56110000,2021/12/22
Pitcairn,NaN,2021/12/22
Poland,21500000,2021/12/22
Portugal,9190000,2021/12/22
Qatar,NaN,2021/12/22
Romania,7980000,2021/12/22
Russia,72310000,2021/12/22
Rwanda,7320000,2021/12/22
Saint Helena,NaN,2021/12/22
Saint Kitts and Nevis,27523,2021/12/22
Saint Lucia,55509,2021/12/22
Saint Vincent and the Grenadines,33316,2021/12/22
Samoa,141424,2021/12/22
San Marino,24306,2021/12/22
Sao Tome and Principe,86396,2021/12/22
Saudi Arabia,24910000,2021/12/22
Senegal,1330000,2021/12/22
Serbia,3300000,2021/12/22
Seychelles,82323,2021/12/22
Sierra Leone,747044,2021/12/22
Singapore,4800000,2021/12/22
Sint Maarten (Dutch part),27141,2021/12/22
Slovakia,2710000,2021/12/22
Slovenia,1250000,2021/12/22
Solomon Islands,179973,2021/12/22
Somalia,1160000,2021/12/22
South Africa,18770000,2021/12/22
South America,327970000,2021/12/22
South Korea,43750000,2021/12/22
South Sudan,227262,2021/12/22
Spain,39410000,2021/12/22
Sri Lanka,15970000,2021/12/22
Sudan,4020000,2021/12/22
Suriname,260861,2021/12/22
Sweden,7740000,2021/12/22
Switzerland,5960000,2021/12/22
Syria,1190000,2021/12/22
Taiwan,18640000,2021/12/22
Tajikistan,3520000,2021/12/22
Tanzania,2080000,2021/12/22
Thailand,50770000,2021/12/22
Timor,662963,2021/12/22
Togo,1380000,2021/12/22
Tokelau,NaN,2021/12/22
Tonga,73609,2021/12/22
Trinidad and Tobago,705683,2021/12/22
Tunisia,6560000,2021/12/22
Turkey,56730000,2021/12/22
Turkmenistan,NaN,2021/12/22
Turks and Caicos Islands,NaN,2021/12/22
Tuvalu,NaN,2021/12/22
Uganda,8350000,2021/12/22
Ukraine,14500000,2021/12/22
United Arab Emirates,9890000,2021/12/22
United Kingdom,51620000,2021/12/22
United States,242510000,2021/12/22
Upper middle income,1930000000,2021/12/22
Uruguay,2770000,2021/12/22
Uzbekistan,18590000,2021/12/22
Vanuatu,102308,2021/12/22
Venezuela,18390000,2021/12/22
Vietnam,76680000,2021/12/22
Wallis and Futuna,6016,2021/12/22
World,4500000000,2021/12/22
Yemen,556652,2021/12/22
Zambia,NaN,2021/12/22
Zimbabwe,4080000,2021/12/22
Afghanistan,4140000,2021/12/23
Africa,188890000,2021/12/23
Albania,1130000,2021/12/23
Algeria,7060000,2021/12/23
Andorra,57085,2021/12/23
Angola,7420000,2021/12/23
Anguilla,10079,2021/12/23
Antigua and Barbuda,62283,2021/12/23
Argentina,37800000,2021/12/23
Armenia,934028,2021/12/23
Aruba,84513,2021/12/23
Asia,3080000000,2021/12/23
Australia,20400000,2021/12/23
Austria,6590000,2021/12/23
Azerbaijan,5150000,2021/12/23
Bahamas,157041,2021/12/23
Bahrain,1200000,2021/12/23
Bangladesh,87550000,2021/12/23
Barbados,155491,2021/12/23
Belarus,4360000,2021/12/23
Belgium,8910000,2021/12/23
Belize,230125,2021/12/23
Benin,1560000,2021/12/23
Bermuda,46194,2021/12/23
Bhutan,589762,2021/12/23
Bolivia,5450000,2021/12/23
Bonaire Sint Eustatius and Saba,NaN,2021/12/23
Bosnia and Herzegovina,882641,2021/12/23
Botswana,1130000,2021/12/23
Brazil,165890000,2021/12/23
British Virgin Islands,18432,2021/12/23
Brunei,405092,2021/12/23
Bulgaria,1900000,2021/12/23
Burkina Faso,972376,2021/12/23
Burundi,4010,2021/12/23
Cambodia,14240000,2021/12/23
Cameroon,834112,2021/12/23
Canada,31620000,2021/12/23
Cape Verde,302802,2021/12/23
Cayman Islands,58591,2021/12/23
Central African Republic,449360,2021/12/23
Chad,285922,2021/12/23
Chile,17220000,2021/12/23
China,1260000000,2021/12/23
Colombia,38130000,2021/12/23
Comoros,335408,2021/12/23
Congo,734721,2021/12/23
Cook Islands,12841,2021/12/23
Costa Rica,3930000,2021/12/23
Cote d'Ivoire,4950000,2021/12/23
Croatia,2250000,2021/12/23
Cuba,10380000,2021/12/23
Curacao,103957,2021/12/23
Cyprus,664971,2021/12/23
Czechia,6800000,2021/12/23
Democratic Republic of Congo,217382,2021/12/23
Denmark,4780000,2021/12/23
Djibouti,108945,2021/12/23
Dominica,29426,2021/12/23
Dominican Republic,6930000,2021/12/23
Ecuador,14150000,2021/12/23
Egypt,33100000,2021/12/23
El Salvador,4480000,2021/12/23
Equatorial Guinea,249276,2021/12/23
Estonia,839449,2021/12/23
Eswatini,332743,2021/12/23
Ethiopia,9300000,2021/12/23
Europe,483900000,2021/12/23
European Union,321640000,2021/12/23
Faeroe Islands,41387,2021/12/23
Falkland Islands,NaN,2021/12/23
Fiji,661452,2021/12/23
Finland,4350000,2021/12/23
France,52760000,2021/12/23
French Polynesia,169995,2021/12/23
Gabon,392898,2021/12/23
Gambia,249364,2021/12/23
Georgia,1320000,2021/12/23
Germany,61460000,2021/12/23
Ghana,5770000,2021/12/23
Gibraltar,41173,2021/12/23
Greece,7400000,2021/12/23
Greenland,40445,2021/12/23
Grenada,41287,2021/12/23
Guatemala,6470000,2021/12/23
Guernsey,NaN,2021/12/23
Guinea,1800000,2021/12/23
Guinea-Bissau,389494,2021/12/23
Guyana,408266,2021/12/23
Haiti,123936,2021/12/23
High income,922560000,2021/12/23
Honduras,4920000,2021/12/23
Hong Kong,4850000,2021/12/23
Hungary,6250000,2021/12/23
Iceland,287813,2021/12/23
India,833270000,2021/12/23
Indonesia,154490000,2021/12/23
Iran,59500000,2021/12/23
Iraq,8390000,2021/12/23
Ireland,3890000,2021/12/23
Isle of Man,68597,2021/12/23
Israel,6500000,2021/12/23
Italy,48090000,2021/12/23
Jamaica,708713,2021/12/23
Japan,100260000,2021/12/23
Jersey,81104,2021/12/23
Jordan,4300000,2021/12/23
Kazakhstan,8920000,2021/12/23
Kenya,6340000,2021/12/23
Kiribati,66473,2021/12/23
Kosovo,882012,2021/12/23
Kuwait,3330000,2021/12/23
Kyrgyzstan,1210000,2021/12/23
Laos,3740000,2021/12/23
Latvia,1310000,2021/12/23
Lebanon,2190000,2021/12/23
Lesotho,648817,2021/12/23
Liberia,1020000,2021/12/23
Libya,1830000,2021/12/23
Liechtenstein,26140,2021/12/23
Lithuania,1910000,2021/12/23
Low income,54170000,2021/12/23
Lower middle income,1600000000,2021/12/23
Luxembourg,461340,2021/12/23
Macao,491671,2021/12/23
Madagascar,817386,2021/12/23
Malawi,1430000,2021/12/23
Malaysia,25980000,2021/12/23
Maldives,396511,2021/12/23
Mali,866523,2021/12/23
Malta,440261,2021/12/23
Mauritania,1120000,2021/12/23
Mauritius,937052,2021/12/23
Mexico,81910000,2021/12/23
Moldova,989897,2021/12/23
Monaco,NaN,2021/12/23
Mongolia,2270000,2021/12/23
Montenegro,282182,2021/12/23
Montserrat,1547,2021/12/23
Morocco,24610000,2021/12/23
Mozambique,8480000,2021/12/23
Myanmar,20820000,2021/12/23
Namibia,399636,2021/12/23
Nauru,NaN,2021/12/23
Nepal,12250000,2021/12/23
Netherlands,13320000,2021/12/23
New Caledonia,182486,2021/12/23
New Zealand,3970000,2021/12/23
Nicaragua,4880000,2021/12/23
Niger,507223,2021/12/23
Nigeria,9240000,2021/12/23
Niue,NaN,2021/12/23
North America,403420000,2021/12/23
North Macedonia,842871,2021/12/23
Northern Cyprus,284357,2021/12/23
Norway,4280000,2021/12/23
Oceania,26260000,2021/12/23
Oman,3120000,2021/12/23
Pakistan,92090000,2021/12/23
Palestine,2050000,2021/12/23
Panama,3020000,2021/12/23
Papua New Guinea,283915,2021/12/23
Paraguay,3460000,2021/12/23
Peru,24310000,2021/12/23
Philippines,56110000,2021/12/23
Pitcairn,NaN,2021/12/23
Poland,21520000,2021/12/23
Portugal,9190000,2021/12/23
Qatar,NaN,2021/12/23
Romania,7980000,2021/12/23
Russia,72480000,2021/12/23
Rwanda,7320000,2021/12/23
Saint Helena,NaN,2021/12/23
Saint Kitts and Nevis,27523,2021/12/23
Saint Lucia,55509,2021/12/23
Saint Vincent and the Grenadines,33494,2021/12/23
Samoa,141424,2021/12/23
San Marino,24306,2021/12/23
Sao Tome and Principe,86396,2021/12/23
Saudi Arabia,24930000,2021/12/23
Senegal,1350000,2021/12/23
Serbia,3300000,2021/12/23
Seychelles,82348,2021/12/23
Sierra Leone,747044,2021/12/23
Singapore,4800000,2021/12/23
Sint Maarten (Dutch part),27141,2021/12/23
Slovakia,2710000,2021/12/23
Slovenia,1250000,2021/12/23
Solomon Islands,179973,2021/12/23
Somalia,1160000,2021/12/23
South Africa,18840000,2021/12/23
South America,328180000,2021/12/23
South Korea,43830000,2021/12/23
South Sudan,227262,2021/12/23
Spain,39410000,2021/12/23
Sri Lanka,15980000,2021/12/23
Sudan,4020000,2021/12/23
Suriname,260987,2021/12/23
Sweden,7740000,2021/12/23
Switzerland,5960000,2021/12/23
Syria,1190000,2021/12/23
Taiwan,18650000,2021/12/23
Tajikistan,3710000,2021/12/23
Tanzania,2080000,2021/12/23
Thailand,50770000,2021/12/23
Timor,662963,2021/12/23
Togo,1380000,2021/12/23
Tokelau,NaN,2021/12/23
Tonga,73609,2021/12/23
Trinidad and Tobago,706553,2021/12/23
Tunisia,6560000,2021/12/23
Turkey,56750000,2021/12/23
Turkmenistan,NaN,2021/12/23
Turks and Caicos Islands,NaN,2021/12/23
Tuvalu,NaN,2021/12/23
Uganda,8350000,2021/12/23
Ukraine,14540000,2021/12/23
United Arab Emirates,9890000,2021/12/23
United Kingdom,51650000,2021/12/23
United States,242880000,2021/12/23
Upper middle income,1930000000,2021/12/23
Uruguay,2770000,2021/12/23
Uzbekistan,18630000,2021/12/23
Vanuatu,102308,2021/12/23
Venezuela,18390000,2021/12/23
Vietnam,76680000,2021/12/23
Wallis and Futuna,6016,2021/12/23
World,4510000000,2021/12/23
Yemen,556652,2021/12/23
Zambia,NaN,2021/12/23
Zimbabwe,4090000,2021/12/23
Afghanistan,4140000,2021/12/24
Africa,190100000,2021/12/24
Albania,1130000,2021/12/24
Algeria,7060000,2021/12/24
Andorra,57085,2021/12/24
Angola,7420000,2021/12/24
Anguilla,10079,2021/12/24
Antigua and Barbuda,62283,2021/12/24
Argentina,37850000,2021/12/24
Armenia,934028,2021/12/24
Aruba,84513,2021/12/24
Asia,3080000000,2021/12/24
Australia,20400000,2021/12/24
Austria,6590000,2021/12/24
Azerbaijan,5150000,2021/12/24
Bahamas,157041,2021/12/24
Bahrain,1200000,2021/12/24
Bangladesh,87550000,2021/12/24
Barbados,155493,2021/12/24
Belarus,4360000,2021/12/24
Belgium,8910000,2021/12/24
Belize,230125,2021/12/24
Benin,1700000,2021/12/24
Bermuda,46194,2021/12/24
Bhutan,589762,2021/12/24
Bolivia,5460000,2021/12/24
Bonaire Sint Eustatius and Saba,NaN,2021/12/24
Bosnia and Herzegovina,882641,2021/12/24
Botswana,1130000,2021/12/24
Brazil,165890000,2021/12/24
British Virgin Islands,18432,2021/12/24
Brunei,405092,2021/12/24
Bulgaria,1900000,2021/12/24
Burkina Faso,972376,2021/12/24
Burundi,4010,2021/12/24
Cambodia,14240000,2021/12/24
Cameroon,834112,2021/12/24
Canada,31640000,2021/12/24
Cape Verde,302802,2021/12/24
Cayman Islands,58591,2021/12/24
Central African Republic,449360,2021/12/24
Chad,285922,2021/12/24
Chile,17220000,2021/12/24
China,1260000000,2021/12/24
Colombia,38130000,2021/12/24
Comoros,335408,2021/12/24
Congo,734721,2021/12/24
Cook Islands,12841,2021/12/24
Costa Rica,3940000,2021/12/24
Cote d'Ivoire,4950000,2021/12/24
Croatia,2250000,2021/12/24
Cuba,10390000,2021/12/24
Curacao,103987,2021/12/24
Cyprus,664971,2021/12/24
Czechia,6800000,2021/12/24
Democratic Republic of Congo,217382,2021/12/24
Denmark,4780000,2021/12/24
Djibouti,108945,2021/12/24
Dominica,29426,2021/12/24
Dominican Republic,6930000,2021/12/24
Ecuador,14150000,2021/12/24
Egypt,33100000,2021/12/24
El Salvador,4480000,2021/12/24
Equatorial Guinea,249276,2021/12/24
Estonia,839490,2021/12/24
Eswatini,332743,2021/12/24
Ethiopia,9340000,2021/12/24
Europe,484100000,2021/12/24
European Union,321700000,2021/12/24
Faeroe Islands,41387,2021/12/24
Falkland Islands,NaN,2021/12/24
Fiji,661452,2021/12/24
Finland,4350000,2021/12/24
France,52770000,2021/12/24
French Polynesia,169995,2021/12/24
Gabon,392898,2021/12/24
Gambia,249364,2021/12/24
Georgia,1330000,2021/12/24
Germany,61470000,2021/12/24
Ghana,5770000,2021/12/24
Gibraltar,41173,2021/12/24
Greece,7410000,2021/12/24
Greenland,40445,2021/12/24
Grenada,41287,2021/12/24
Guatemala,6470000,2021/12/24
Guernsey,NaN,2021/12/24
Guinea,1830000,2021/12/24
Guinea-Bissau,389494,2021/12/24
Guyana,410499,2021/12/24
Haiti,123936,2021/12/24
High income,922830000,2021/12/24
Honduras,4920000,2021/12/24
Hong Kong,4850000,2021/12/24
Hungary,6250000,2021/12/24
Iceland,287813,2021/12/24
India,834740000,2021/12/24
Indonesia,155410000,2021/12/24
Iran,59500000,2021/12/24
Iraq,8390000,2021/12/24
Ireland,3890000,2021/12/24
Isle of Man,68606,2021/12/24
Israel,6500000,2021/12/24
Italy,48110000,2021/12/24
Jamaica,709419,2021/12/24
Japan,100260000,2021/12/24
Jersey,81104,2021/12/24
Jordan,4300000,2021/12/24
Kazakhstan,8930000,2021/12/24
Kenya,6430000,2021/12/24
Kiribati,66473,2021/12/24
Kosovo,883072,2021/12/24
Kuwait,3330000,2021/12/24
Kyrgyzstan,1210000,2021/12/24
Laos,NaN,2021/12/24
Latvia,1310000,2021/12/24
Lebanon,2200000,2021/12/24
Lesotho,648817,2021/12/24
Liberia,1020000,2021/12/24
Libya,1830000,2021/12/24
Liechtenstein,26140,2021/12/24
Lithuania,1910000,2021/12/24
Low income,54270000,2021/12/24
Lower middle income,1610000000,2021/12/24
Luxembourg,461660,2021/12/24
Macao,492002,2021/12/24
Madagascar,817386,2021/12/24
Malawi,1450000,2021/12/24
Malaysia,25980000,2021/12/24
Maldives,396635,2021/12/24
Mali,866523,2021/12/24
Malta,440425,2021/12/24
Mauritania,1120000,2021/12/24
Mauritius,937052,2021/12/24
Mexico,81910000,2021/12/24
Moldova,989897,2021/12/24
Monaco,NaN,2021/12/24
Mongolia,2270000,2021/12/24
Montenegro,282405,2021/12/24
Montserrat,1547,2021/12/24
Morocco,24610000,2021/12/24
Mozambique,8480000,2021/12/24
Myanmar,20820000,2021/12/24
Namibia,399636,2021/12/24
Nauru,NaN,2021/12/24
Nepal,12250000,2021/12/24
Netherlands,13320000,2021/12/24
New Caledonia,182486,2021/12/24
New Zealand,3970000,2021/12/24
Nicaragua,4880000,2021/12/24
Niger,507223,2021/12/24
Nigeria,9240000,2021/12/24
Niue,NaN,2021/12/24
North America,403540000,2021/12/24
North Macedonia,842871,2021/12/24
Northern Cyprus,284357,2021/12/24
Norway,4280000,2021/12/24
Oceania,26260000,2021/12/24
Oman,3120000,2021/12/24
Pakistan,92090000,2021/12/24
Palestine,2070000,2021/12/24
Panama,3020000,2021/12/24
Papua New Guinea,283915,2021/12/24
Paraguay,3460000,2021/12/24
Peru,24320000,2021/12/24
Philippines,56110000,2021/12/24
Pitcairn,NaN,2021/12/24
Poland,21520000,2021/12/24
Portugal,9200000,2021/12/24
Qatar,NaN,2021/12/24
Romania,7980000,2021/12/24
Russia,72570000,2021/12/24
Rwanda,7320000,2021/12/24
Saint Helena,NaN,2021/12/24
Saint Kitts and Nevis,27523,2021/12/24
Saint Lucia,55518,2021/12/24
Saint Vincent and the Grenadines,33494,2021/12/24
Samoa,141424,2021/12/24
San Marino,24306,2021/12/24
Sao Tome and Principe,86396,2021/12/24
Saudi Arabia,24930000,2021/12/24
Senegal,1350000,2021/12/24
Serbia,3310000,2021/12/24
Seychelles,82348,2021/12/24
Sierra Leone,747044,2021/12/24
Singapore,4800000,2021/12/24
Sint Maarten (Dutch part),27141,2021/12/24
Slovakia,2710000,2021/12/24
Slovenia,1250000,2021/12/24
Solomon Islands,179973,2021/12/24
Somalia,1160000,2021/12/24
South Africa,18840000,2021/12/24
South America,328320000,2021/12/24
South Korea,43910000,2021/12/24
South Sudan,227262,2021/12/24
Spain,39510000,2021/12/24
Sri Lanka,15980000,2021/12/24
Sudan,4020000,2021/12/24
Suriname,260987,2021/12/24
Sweden,7740000,2021/12/24
Switzerland,5960000,2021/12/24
Syria,1190000,2021/12/24
Taiwan,18660000,2021/12/24
Tajikistan,3710000,2021/12/24
Tanzania,2080000,2021/12/24
Thailand,50770000,2021/12/24
Timor,662963,2021/12/24
Togo,1380000,2021/12/24
Tokelau,NaN,2021/12/24
Tonga,73609,2021/12/24
Trinidad and Tobago,707231,2021/12/24
Tunisia,6580000,2021/12/24
Turkey,56780000,2021/12/24
Turkmenistan,NaN,2021/12/24
Turks and Caicos Islands,NaN,2021/12/24
Tuvalu,NaN,2021/12/24
Uganda,8350000,2021/12/24
Ukraine,14570000,2021/12/24
United Arab Emirates,9890000,2021/12/24
United Kingdom,51660000,2021/12/24
United States,242980000,2021/12/24
Upper middle income,1930000000,2021/12/24
Uruguay,2770000,2021/12/24
Uzbekistan,18670000,2021/12/24
Vanuatu,102308,2021/12/24
Venezuela,18390000,2021/12/24
Vietnam,76880000,2021/12/24
Wallis and Futuna,6016,2021/12/24
World,4510000000,2021/12/24
Yemen,556652,2021/12/24
Zambia,NaN,2021/12/24
Zimbabwe,4100000,2021/12/24
Afghanistan,4140000,2021/12/25
Africa,190230000,2021/12/25
Albania,1130000,2021/12/25
Algeria,7060000,2021/12/25
Andorra,57085,2021/12/25
Angola,7420000,2021/12/25
Anguilla,10079,2021/12/25
Antigua and Barbuda,62283,2021/12/25
Argentina,37860000,2021/12/25
Armenia,934028,2021/12/25
Aruba,84513,2021/12/25
Asia,3080000000,2021/12/25
Australia,20400000,2021/12/25
Austria,6600000,2021/12/25
Azerbaijan,5160000,2021/12/25
Bahamas,157041,2021/12/25
Bahrain,1200000,2021/12/25
Bangladesh,87550000,2021/12/25
Barbados,155497,2021/12/25
Belarus,4360000,2021/12/25
Belgium,8910000,2021/12/25
Belize,230125,2021/12/25
Benin,1700000,2021/12/25
Bermuda,46194,2021/12/25
Bhutan,589762,2021/12/25
Bolivia,5460000,2021/12/25
Bonaire Sint Eustatius and Saba,NaN,2021/12/25
Bosnia and Herzegovina,882641,2021/12/25
Botswana,1130000,2021/12/25
Brazil,165950000,2021/12/25
British Virgin Islands,18432,2021/12/25
Brunei,405092,2021/12/25
Bulgaria,1900000,2021/12/25
Burkina Faso,972376,2021/12/25
Burundi,4010,2021/12/25
Cambodia,14240000,2021/12/25
Cameroon,834112,2021/12/25
Canada,31640000,2021/12/25
Cape Verde,302802,2021/12/25
Cayman Islands,58591,2021/12/25
Central African Republic,449360,2021/12/25
Chad,285922,2021/12/25
Chile,17220000,2021/12/25
China,1260000000,2021/12/25
Colombia,38140000,2021/12/25
Comoros,335408,2021/12/25
Congo,734721,2021/12/25
Cook Islands,12841,2021/12/25
Costa Rica,3940000,2021/12/25
Cote d'Ivoire,4950000,2021/12/25
Croatia,2250000,2021/12/25
Cuba,10400000,2021/12/25
Curacao,104030,2021/12/25
Cyprus,664971,2021/12/25
Czechia,6800000,2021/12/25
Democratic Republic of Congo,226134,2021/12/25
Denmark,4780000,2021/12/25
Djibouti,108945,2021/12/25
Dominica,29426,2021/12/25
Dominican Republic,6930000,2021/12/25
Ecuador,14150000,2021/12/25
Egypt,33100000,2021/12/25
El Salvador,4480000,2021/12/25
Equatorial Guinea,249276,2021/12/25
Estonia,839522,2021/12/25
Eswatini,332743,2021/12/25
Ethiopia,9340000,2021/12/25
Europe,484370000,2021/12/25
European Union,321710000,2021/12/25
Faeroe Islands,41415,2021/12/25
Falkland Islands,NaN,2021/12/25
Fiji,661452,2021/12/25
Finland,4350000,2021/12/25
France,52770000,2021/12/25
French Polynesia,169995,2021/12/25
Gabon,392898,2021/12/25
Gambia,249364,2021/12/25
Georgia,1340000,2021/12/25
Germany,61470000,2021/12/25
Ghana,5770000,2021/12/25
Gibraltar,41173,2021/12/25
Greece,7410000,2021/12/25
Greenland,40447,2021/12/25
Grenada,41287,2021/12/25
Guatemala,6470000,2021/12/25
Guernsey,NaN,2021/12/25
Guinea,1860000,2021/12/25
Guinea-Bissau,389494,2021/12/25
Guyana,410499,2021/12/25
Haiti,123936,2021/12/25
High income,922910000,2021/12/25
Honduras,4920000,2021/12/25
Hong Kong,4850000,2021/12/25
Hungary,6250000,2021/12/25
Iceland,287813,2021/12/25
India,837080000,2021/12/25
Indonesia,156180000,2021/12/25
Iran,59500000,2021/12/25
Iraq,8480000,2021/12/25
Ireland,3890000,2021/12/25
Isle of Man,68606,2021/12/25
Israel,6510000,2021/12/25
Italy,48110000,2021/12/25
Jamaica,709616,2021/12/25
Japan,100310000,2021/12/25
Jersey,81104,2021/12/25
Jordan,4310000,2021/12/25
Kazakhstan,8940000,2021/12/25
Kenya,6430000,2021/12/25
Kiribati,66473,2021/12/25
Kosovo,883919,2021/12/25
Kuwait,3330000,2021/12/25
Kyrgyzstan,1210000,2021/12/25
Laos,NaN,2021/12/25
Latvia,1310000,2021/12/25
Lebanon,2200000,2021/12/25
Lesotho,648817,2021/12/25
Liberia,1020000,2021/12/25
Libya,1850000,2021/12/25
Liechtenstein,26140,2021/12/25
Lithuania,1910000,2021/12/25
Low income,54310000,2021/12/25
Lower middle income,1610000000,2021/12/25
Luxembourg,461660,2021/12/25
Macao,492002,2021/12/25
Madagascar,817386,2021/12/25
Malawi,1460000,2021/12/25
Malaysia,25980000,2021/12/25
Maldives,396635,2021/12/25
Mali,866523,2021/12/25
Malta,440447,2021/12/25
Mauritania,1120000,2021/12/25
Mauritius,937052,2021/12/25
Mexico,81910000,2021/12/25
Moldova,989897,2021/12/25
Monaco,NaN,2021/12/25
Mongolia,2270000,2021/12/25
Montenegro,282650,2021/12/25
Montserrat,1547,2021/12/25
Morocco,24630000,2021/12/25
Mozambique,8480000,2021/12/25
Myanmar,20820000,2021/12/25
Namibia,399636,2021/12/25
Nauru,NaN,2021/12/25
Nepal,12250000,2021/12/25
Netherlands,13320000,2021/12/25
New Caledonia,182486,2021/12/25
New Zealand,3970000,2021/12/25
Nicaragua,4880000,2021/12/25
Niger,507223,2021/12/25
Nigeria,9770000,2021/12/25
Niue,NaN,2021/12/25
North America,403580000,2021/12/25
North Macedonia,842871,2021/12/25
Northern Cyprus,284357,2021/12/25
Norway,4280000,2021/12/25
Oceania,26260000,2021/12/25
Oman,3120000,2021/12/25
Pakistan,92090000,2021/12/25
Palestine,2070000,2021/12/25
Panama,3020000,2021/12/25
Papua New Guinea,283915,2021/12/25
Paraguay,3460000,2021/12/25
Peru,24330000,2021/12/25
Philippines,56110000,2021/12/25
Pitcairn,NaN,2021/12/25
Poland,21520000,2021/12/25
Portugal,9200000,2021/12/25
Qatar,NaN,2021/12/25
Romania,7980000,2021/12/25
Russia,72810000,2021/12/25
Rwanda,7320000,2021/12/25
Saint Helena,NaN,2021/12/25
Saint Kitts and Nevis,27523,2021/12/25
Saint Lucia,55518,2021/12/25
Saint Vincent and the Grenadines,33494,2021/12/25
Samoa,141424,2021/12/25
San Marino,24306,2021/12/25
Sao Tome and Principe,86396,2021/12/25
Saudi Arabia,24940000,2021/12/25
Senegal,1350000,2021/12/25
Serbia,3310000,2021/12/25
Seychelles,82348,2021/12/25
Sierra Leone,747044,2021/12/25
Singapore,4800000,2021/12/25
Sint Maarten (Dutch part),27141,2021/12/25
Slovakia,2710000,2021/12/25
Slovenia,1250000,2021/12/25
Solomon Islands,179973,2021/12/25
Somalia,1200000,2021/12/25
South Africa,18850000,2021/12/25
South America,328330000,2021/12/25
South Korea,43920000,2021/12/25
South Sudan,227262,2021/12/25
Spain,39510000,2021/12/25
Sri Lanka,15980000,2021/12/25
Sudan,4020000,2021/12/25
Suriname,261122,2021/12/25
Sweden,7740000,2021/12/25
Switzerland,5960000,2021/12/25
Syria,1190000,2021/12/25
Taiwan,18670000,2021/12/25
Tajikistan,3710000,2021/12/25
Tanzania,2080000,2021/12/25
Thailand,51030000,2021/12/25
Timor,662963,2021/12/25
Togo,1380000,2021/12/25
Tokelau,NaN,2021/12/25
Tonga,73609,2021/12/25
Trinidad and Tobago,707398,2021/12/25
Tunisia,6720000,2021/12/25
Turkey,56790000,2021/12/25
Turkmenistan,NaN,2021/12/25
Turks and Caicos Islands,NaN,2021/12/25
Tuvalu,NaN,2021/12/25
Uganda,8350000,2021/12/25
Ukraine,14580000,2021/12/25
United Arab Emirates,9890000,2021/12/25
United Kingdom,51660000,2021/12/25
United States,242980000,2021/12/25
Upper middle income,1930000000,2021/12/25
Uruguay,2770000,2021/12/25
Uzbekistan,18700000,2021/12/25
Vanuatu,102308,2021/12/25
Venezuela,18390000,2021/12/25
Vietnam,77070000,2021/12/25
Wallis and Futuna,6016,2021/12/25
World,4520000000,2021/12/25
Yemen,556652,2021/12/25
Zambia,NaN,2021/12/25
Zimbabwe,4100000,2021/12/25
Afghanistan,4140000,2021/12/26
Africa,191110000,2021/12/26
Albania,1140000,2021/12/26
Algeria,7060000,2021/12/26
Andorra,57085,2021/12/26
Angola,7420000,2021/12/26
Anguilla,10079,2021/12/26
Antigua and Barbuda,62283,2021/12/26
Argentina,37860000,2021/12/26
Armenia,934028,2021/12/26
Aruba,84567,2021/12/26
Asia,3090000000,2021/12/26
Australia,20410000,2021/12/26
Austria,6600000,2021/12/26
Azerbaijan,5160000,2021/12/26
Bahamas,157041,2021/12/26
Bahrain,1200000,2021/12/26
Bangladesh,87550000,2021/12/26
Barbados,155500,2021/12/26
Belarus,4910000,2021/12/26
Belgium,8910000,2021/12/26
Belize,230125,2021/12/26
Benin,1700000,2021/12/26
Bermuda,46194,2021/12/26
Bhutan,589762,2021/12/26
Bolivia,5470000,2021/12/26
Bonaire Sint Eustatius and Saba,NaN,2021/12/26
Bosnia and Herzegovina,882641,2021/12/26
Botswana,1130000,2021/12/26
Brazil,165950000,2021/12/26
British Virgin Islands,18432,2021/12/26
Brunei,405092,2021/12/26
Bulgaria,1900000,2021/12/26
Burkina Faso,972376,2021/12/26
Burundi,4010,2021/12/26
Cambodia,14240000,2021/12/26
Cameroon,834112,2021/12/26
Canada,31650000,2021/12/26
Cape Verde,302802,2021/12/26
Cayman Islands,58591,2021/12/26
Central African Republic,449360,2021/12/26
Chad,285922,2021/12/26
Chile,17220000,2021/12/26
China,1260000000,2021/12/26
Colombia,38140000,2021/12/26
Comoros,335408,2021/12/26
Congo,734721,2021/12/26
Cook Islands,12841,2021/12/26
Costa Rica,3940000,2021/12/26
Cote d'Ivoire,4950000,2021/12/26
Croatia,2250000,2021/12/26
Cuba,10400000,2021/12/26
Curacao,104030,2021/12/26
Cyprus,664971,2021/12/26
Czechia,6800000,2021/12/26
Democratic Republic of Congo,226134,2021/12/26
Denmark,4780000,2021/12/26
Djibouti,108945,2021/12/26
Dominica,29426,2021/12/26
Dominican Republic,6930000,2021/12/26
Ecuador,14150000,2021/12/26
Egypt,33100000,2021/12/26
El Salvador,4480000,2021/12/26
Equatorial Guinea,249276,2021/12/26
Estonia,839576,2021/12/26
Eswatini,334088,2021/12/26
Ethiopia,9340000,2021/12/26
Europe,484530000,2021/12/26
European Union,321850000,2021/12/26
Faeroe Islands,41415,2021/12/26
Falkland Islands,NaN,2021/12/26
Fiji,661452,2021/12/26
Finland,4350000,2021/12/26
France,52770000,2021/12/26
French Polynesia,169995,2021/12/26
Gabon,392898,2021/12/26
Gambia,249364,2021/12/26
Georgia,1340000,2021/12/26
Germany,61470000,2021/12/26
Ghana,5770000,2021/12/26
Gibraltar,41173,2021/12/26
Greece,7410000,2021/12/26
Greenland,40447,2021/12/26
Grenada,41287,2021/12/26
Guatemala,6480000,2021/12/26
Guernsey,NaN,2021/12/26
Guinea,1890000,2021/12/26
Guinea-Bissau,390794,2021/12/26
Guyana,410499,2021/12/26
Haiti,123936,2021/12/26
High income,923240000,2021/12/26
Honduras,4920000,2021/12/26
Hong Kong,4860000,2021/12/26
Hungary,6250000,2021/12/26
Iceland,287971,2021/12/26
India,837290000,2021/12/26
Indonesia,156640000,2021/12/26
Iran,59500000,2021/12/26
Iraq,8480000,2021/12/26
Ireland,3890000,2021/12/26
Isle of Man,68662,2021/12/26
Israel,6520000,2021/12/26
Italy,48130000,2021/12/26
Jamaica,709617,2021/12/26
Japan,100310000,2021/12/26
Jersey,81104,2021/12/26
Jordan,4310000,2021/12/26
Kazakhstan,8940000,2021/12/26
Kenya,6450000,2021/12/26
Kiribati,66473,2021/12/26
Kosovo,884483,2021/12/26
Kuwait,3330000,2021/12/26
Kyrgyzstan,1220000,2021/12/26
Laos,NaN,2021/12/26
Latvia,1310000,2021/12/26
Lebanon,2200000,2021/12/26
Lesotho,648817,2021/12/26
Liberia,1020000,2021/12/26
Libya,1850000,2021/12/26
Liechtenstein,26140,2021/12/26
Lithuania,1910000,2021/12/26
Low income,55020000,2021/12/26
Lower middle income,1610000000,2021/12/26
Luxembourg,461660,2021/12/26
Macao,492243,2021/12/26
Madagascar,817386,2021/12/26
Malawi,1460000,2021/12/26
Malaysia,25980000,2021/12/26
Maldives,396635,2021/12/26
Mali,877525,2021/12/26
Malta,440514,2021/12/26
Mauritania,1120000,2021/12/26
Mauritius,947513,2021/12/26
Mexico,81920000,2021/12/26
Moldova,989897,2021/12/26
Monaco,NaN,2021/12/26
Mongolia,2270000,2021/12/26
Montenegro,282844,2021/12/26
Montserrat,1547,2021/12/26
Morocco,24630000,2021/12/26
Mozambique,8480000,2021/12/26
Myanmar,20820000,2021/12/26
Namibia,399636,2021/12/26
Nauru,NaN,2021/12/26
Nepal,12250000,2021/12/26
Netherlands,13320000,2021/12/26
New Caledonia,182486,2021/12/26
New Zealand,3970000,2021/12/26
Nicaragua,4880000,2021/12/26
Niger,507223,2021/12/26
Nigeria,9770000,2021/12/26
Niue,NaN,2021/12/26
North America,403720000,2021/12/26
North Macedonia,842871,2021/12/26
Northern Cyprus,284357,2021/12/26
Norway,4280000,2021/12/26
Oceania,26270000,2021/12/26
Oman,3120000,2021/12/26
Pakistan,94260000,2021/12/26
Palestine,2070000,2021/12/26
Panama,3020000,2021/12/26
Papua New Guinea,283915,2021/12/26
Paraguay,3470000,2021/12/26
Peru,24340000,2021/12/26
Philippines,56110000,2021/12/26
Pitcairn,NaN,2021/12/26
Poland,21520000,2021/12/26
Portugal,9200000,2021/12/26
Qatar,NaN,2021/12/26
Romania,7980000,2021/12/26
Russia,72900000,2021/12/26
Rwanda,7320000,2021/12/26
Saint Helena,NaN,2021/12/26
Saint Kitts and Nevis,27615,2021/12/26
Saint Lucia,55598,2021/12/26
Saint Vincent and the Grenadines,33494,2021/12/26
Samoa,141424,2021/12/26
San Marino,24369,2021/12/26
Sao Tome and Principe,86396,2021/12/26
Saudi Arabia,24960000,2021/12/26
Senegal,1350000,2021/12/26
Serbia,3310000,2021/12/26
Seychelles,82348,2021/12/26
Sierra Leone,747044,2021/12/26
Singapore,4800000,2021/12/26
Sint Maarten (Dutch part),27141,2021/12/26
Slovakia,2710000,2021/12/26
Slovenia,1250000,2021/12/26
Solomon Islands,179973,2021/12/26
Somalia,1200000,2021/12/26
South Africa,18850000,2021/12/26
South America,328360000,2021/12/26
South Korea,43920000,2021/12/26
South Sudan,227262,2021/12/26
Spain,39510000,2021/12/26
Sri Lanka,15980000,2021/12/26
Sudan,4020000,2021/12/26
Suriname,261122,2021/12/26
Sweden,7750000,2021/12/26
Switzerland,5960000,2021/12/26
Syria,1190000,2021/12/26
Taiwan,18670000,2021/12/26
Tajikistan,3710000,2021/12/26
Tanzania,2080000,2021/12/26
Thailand,51030000,2021/12/26
Timor,662963,2021/12/26
Togo,1380000,2021/12/26
Tokelau,NaN,2021/12/26
Tonga,73609,2021/12/26
Trinidad and Tobago,707398,2021/12/26
Tunisia,6720000,2021/12/26
Turkey,56800000,2021/12/26
Turkmenistan,NaN,2021/12/26
Turks and Caicos Islands,NaN,2021/12/26
Tuvalu,NaN,2021/12/26
Uganda,8350000,2021/12/26
Ukraine,14590000,2021/12/26
United Arab Emirates,9890000,2021/12/26
United Kingdom,51660000,2021/12/26
United States,243120000,2021/12/26
Upper middle income,1930000000,2021/12/26
Uruguay,2770000,2021/12/26
Uzbekistan,18730000,2021/12/26
Vanuatu,102308,2021/12/26
Venezuela,18390000,2021/12/26
Vietnam,77140000,2021/12/26
Wallis and Futuna,6016,2021/12/26
World,4520000000,2021/12/26
Yemen,556652,2021/12/26
Zambia,NaN,2021/12/26
Zimbabwe,4100000,2021/12/26
Afghanistan,4140000,2021/12/27
Africa,191880000,2021/12/27
Albania,1140000,2021/12/27
Algeria,7060000,2021/12/27
Andorra,57085,2021/12/27
Angola,7690000,2021/12/27
Anguilla,10079,2021/12/27
Antigua and Barbuda,62283,2021/12/27
Argentina,37870000,2021/12/27
Armenia,934028,2021/12/27
Aruba,84567,2021/12/27
Asia,3090000000,2021/12/27
Australia,20410000,2021/12/27
Austria,6600000,2021/12/27
Azerbaijan,5160000,2021/12/27
Bahamas,157041,2021/12/27
Bahrain,1200000,2021/12/27
Bangladesh,87550000,2021/12/27
Barbados,155512,2021/12/27
Belarus,4910000,2021/12/27
Belgium,8910000,2021/12/27
Belize,230125,2021/12/27
Benin,1700000,2021/12/27
Bermuda,46400,2021/12/27
Bhutan,591662,2021/12/27
Bolivia,5490000,2021/12/27
Bonaire Sint Eustatius and Saba,NaN,2021/12/27
Bosnia and Herzegovina,882641,2021/12/27
Botswana,1170000,2021/12/27
Brazil,165950000,2021/12/27
British Virgin Islands,18432,2021/12/27
Brunei,405092,2021/12/27
Bulgaria,1900000,2021/12/27
Burkina Faso,972376,2021/12/27
Burundi,5474,2021/12/27
Cambodia,14250000,2021/12/27
Cameroon,834112,2021/12/27
Canada,31650000,2021/12/27
Cape Verde,302802,2021/12/27
Cayman Islands,58591,2021/12/27
Central African Republic,449360,2021/12/27
Chad,285922,2021/12/27
Chile,17240000,2021/12/27
China,1260000000,2021/12/27
Colombia,38190000,2021/12/27
Comoros,335408,2021/12/27
Congo,734721,2021/12/27
Cook Islands,12841,2021/12/27
Costa Rica,3940000,2021/12/27
Cote d'Ivoire,4950000,2021/12/27
Croatia,2250000,2021/12/27
Cuba,10420000,2021/12/27
Curacao,104086,2021/12/27
Cyprus,664971,2021/12/27
Czechia,6810000,2021/12/27
Democratic Republic of Congo,226134,2021/12/27
Denmark,4790000,2021/12/27
Djibouti,108945,2021/12/27
Dominica,29426,2021/12/27
Dominican Republic,6930000,2021/12/27
Ecuador,14170000,2021/12/27
Egypt,33100000,2021/12/27
El Salvador,4480000,2021/12/27
Equatorial Guinea,249276,2021/12/27
Estonia,840193,2021/12/27
Eswatini,334088,2021/12/27
Ethiopia,9340000,2021/12/27
Europe,484880000,2021/12/27
European Union,322090000,2021/12/27
Faeroe Islands,41415,2021/12/27
Falkland Islands,NaN,2021/12/27
Fiji,661452,2021/12/27
Finland,4350000,2021/12/27
France,52800000,2021/12/27
French Polynesia,169995,2021/12/27
Gabon,392898,2021/12/27
Gambia,249364,2021/12/27
Georgia,1360000,2021/12/27
Germany,61520000,2021/12/27
Ghana,5770000,2021/12/27
Gibraltar,41173,2021/12/27
Greece,7420000,2021/12/27
Greenland,40447,2021/12/27
Grenada,41287,2021/12/27
Guatemala,6500000,2021/12/27
Guernsey,NaN,2021/12/27
Guinea,1950000,2021/12/27
Guinea-Bissau,390794,2021/12/27
Guyana,410499,2021/12/27
Haiti,123936,2021/12/27
High income,924070000,2021/12/27
Honduras,4920000,2021/12/27
Hong Kong,4860000,2021/12/27
Hungary,6250000,2021/12/27
Iceland,287971,2021/12/27
India,838320000,2021/12/27
Indonesia,156990000,2021/12/27
Iran,59500000,2021/12/27
Iraq,8480000,2021/12/27
Ireland,3890000,2021/12/27
Isle of Man,68662,2021/12/27
Israel,6530000,2021/12/27
Italy,48180000,2021/12/27
Jamaica,709671,2021/12/27
Japan,100310000,2021/12/27
Jersey,81104,2021/12/27
Jordan,4320000,2021/12/27
Kazakhstan,8950000,2021/12/27
Kenya,6480000,2021/12/27
Kiribati,66473,2021/12/27
Kosovo,884882,2021/12/27
Kuwait,3330000,2021/12/27
Kyrgyzstan,1220000,2021/12/27
Laos,NaN,2021/12/27
Latvia,1310000,2021/12/27
Lebanon,2210000,2021/12/27
Lesotho,648817,2021/12/27
Liberia,1020000,2021/12/27
Libya,1850000,2021/12/27
Liechtenstein,26142,2021/12/27
Lithuania,1910000,2021/12/27
Low income,55630000,2021/12/27
Lower middle income,1620000000,2021/12/27
Luxembourg,462141,2021/12/27
Macao,492243,2021/12/27
Madagascar,817386,2021/12/27
Malawi,1460000,2021/12/27
Malaysia,25990000,2021/12/27
Maldives,396681,2021/12/27
Mali,877525,2021/12/27
Malta,441288,2021/12/27
Mauritania,1120000,2021/12/27
Mauritius,947513,2021/12/27
Mexico,81920000,2021/12/27
Moldova,989897,2021/12/27
Monaco,NaN,2021/12/27
Mongolia,2270000,2021/12/27
Montenegro,283166,2021/12/27
Montserrat,1547,2021/12/27
Morocco,24630000,2021/12/27
Mozambique,8480000,2021/12/27
Myanmar,20820000,2021/12/27
Namibia,403489,2021/12/27
Nauru,NaN,2021/12/27
Nepal,12250000,2021/12/27
Netherlands,13320000,2021/12/27
New Caledonia,182486,2021/12/27
New Zealand,3970000,2021/12/27
Nicaragua,4880000,2021/12/27
Niger,507223,2021/12/27
Nigeria,9770000,2021/12/27
Niue,NaN,2021/12/27
North America,404160000,2021/12/27
North Macedonia,842871,2021/12/27
Northern Cyprus,NaN,2021/12/27
Norway,4280000,2021/12/27
Oceania,26280000,2021/12/27
Oman,3120000,2021/12/27
Pakistan,94260000,2021/12/27
Palestine,2070000,2021/12/27
Panama,3020000,2021/12/27
Papua New Guinea,283915,2021/12/27
Paraguay,3470000,2021/12/27
Peru,24380000,2021/12/27
Philippines,56110000,2021/12/27
Pitcairn,NaN,2021/12/27
Poland,21590000,2021/12/27
Portugal,9200000,2021/12/27
Qatar,NaN,2021/12/27
Romania,7980000,2021/12/27
Russia,72900000,2021/12/27
Rwanda,7610000,2021/12/27
Saint Helena,NaN,2021/12/27
Saint Kitts and Nevis,27615,2021/12/27
Saint Lucia,55598,2021/12/27
Saint Vincent and the Grenadines,33494,2021/12/27
Samoa,141424,2021/12/27
San Marino,24369,2021/12/27
Sao Tome and Principe,86396,2021/12/27
Saudi Arabia,24970000,2021/12/27
Senegal,1350000,2021/12/27
Serbia,3310000,2021/12/27
Seychelles,82348,2021/12/27
Sierra Leone,747044,2021/12/27
Singapore,4800000,2021/12/27
Sint Maarten (Dutch part),27141,2021/12/27
Slovakia,2720000,2021/12/27
Slovenia,1250000,2021/12/27
Solomon Islands,179973,2021/12/27
Somalia,1200000,2021/12/27
South Africa,18850000,2021/12/27
South America,328580000,2021/12/27
South Korea,44000000,2021/12/27
South Sudan,227262,2021/12/27
Spain,39570000,2021/12/27
Sri Lanka,15980000,2021/12/27
Sudan,4020000,2021/12/27
Suriname,261122,2021/12/27
Sweden,7750000,2021/12/27
Switzerland,5970000,2021/12/27
Syria,1190000,2021/12/27
Taiwan,18680000,2021/12/27
Tajikistan,3710000,2021/12/27
Tanzania,2080000,2021/12/27
Thailand,51030000,2021/12/27
Timor,662963,2021/12/27
Togo,1380000,2021/12/27
Tokelau,NaN,2021/12/27
Tonga,73609,2021/12/27
Trinidad and Tobago,707398,2021/12/27
Tunisia,6750000,2021/12/27
Turkey,56820000,2021/12/27
Turkmenistan,NaN,2021/12/27
Turks and Caicos Islands,NaN,2021/12/27
Tuvalu,NaN,2021/12/27
Uganda,8350000,2021/12/27
Ukraine,14610000,2021/12/27
United Arab Emirates,9890000,2021/12/27
United Kingdom,51680000,2021/12/27
United States,243500000,2021/12/27
Upper middle income,1930000000,2021/12/27
Uruguay,2770000,2021/12/27
Uzbekistan,18760000,2021/12/27
Vanuatu,102308,2021/12/27
Venezuela,18390000,2021/12/27
Vietnam,77360000,2021/12/27
Wallis and Futuna,6016,2021/12/27
World,4530000000,2021/12/27
Yemen,556652,2021/12/27
Zambia,NaN,2021/12/27
Zimbabwe,4110000,2021/12/27
Afghanistan,4140000,2021/12/28
Africa,192660000,2021/12/28
Albania,1140000,2021/12/28
Algeria,7060000,2021/12/28
Andorra,57085,2021/12/28
Angola,7690000,2021/12/28
Anguilla,10079,2021/12/28
Antigua and Barbuda,62283,2021/12/28
Argentina,38040000,2021/12/28
Armenia,934028,2021/12/28
Aruba,84694,2021/12/28
Asia,3130000000,2021/12/28
Australia,20420000,2021/12/28
Austria,6610000,2021/12/28
Azerbaijan,5160000,2021/12/28
Bahamas,157041,2021/12/28
Bahrain,1200000,2021/12/28
Bangladesh,87550000,2021/12/28
Barbados,155614,2021/12/28
Belarus,4910000,2021/12/28
Belgium,8910000,2021/12/28
Belize,230125,2021/12/28
Benin,1700000,2021/12/28
Bermuda,46400,2021/12/28
Bhutan,591662,2021/12/28
Bolivia,5540000,2021/12/28
Bonaire Sint Eustatius and Saba,NaN,2021/12/28
Bosnia and Herzegovina,882641,2021/12/28
Botswana,1170000,2021/12/28
Brazil,166060000,2021/12/28
British Virgin Islands,18432,2021/12/28
Brunei,405092,2021/12/28
Bulgaria,1900000,2021/12/28
Burkina Faso,972376,2021/12/28
Burundi,5474,2021/12/28
Cambodia,14250000,2021/12/28
Cameroon,834112,2021/12/28
Canada,31660000,2021/12/28
Cape Verde,302802,2021/12/28
Cayman Islands,58591,2021/12/28
Central African Republic,449360,2021/12/28
Chad,285922,2021/12/28
Chile,17260000,2021/12/28
China,1260000000,2021/12/28
Colombia,38300000,2021/12/28
Comoros,335408,2021/12/28
Congo,734721,2021/12/28
Cook Islands,12938,2021/12/28
Costa Rica,3940000,2021/12/28
Cote d'Ivoire,4950000,2021/12/28
Croatia,2260000,2021/12/28
Cuba,10430000,2021/12/28
Curacao,104296,2021/12/28
Cyprus,664971,2021/12/28
Czechia,6810000,2021/12/28
Democratic Republic of Congo,226134,2021/12/28
Denmark,4800000,2021/12/28
Djibouti,108945,2021/12/28
Dominica,29426,2021/12/28
Dominican Republic,6940000,2021/12/28
Ecuador,14170000,2021/12/28
Egypt,33100000,2021/12/28
El Salvador,4480000,2021/12/28
Equatorial Guinea,249276,2021/12/28
Estonia,840999,2021/12/28
Eswatini,334088,2021/12/28
Ethiopia,9340000,2021/12/28
Europe,485460000,2021/12/28
European Union,322420000,2021/12/28
Faeroe Islands,41427,2021/12/28
Falkland Islands,NaN,2021/12/28
Fiji,662848,2021/12/28
Finland,4350000,2021/12/28
France,52830000,2021/12/28
French Polynesia,173773,2021/12/28
Gabon,392898,2021/12/28
Gambia,249364,2021/12/28
Georgia,1360000,2021/12/28
Germany,61590000,2021/12/28
Ghana,5770000,2021/12/28
Gibraltar,41173,2021/12/28
Greece,7430000,2021/12/28
Greenland,40447,2021/12/28
Grenada,41287,2021/12/28
Guatemala,6510000,2021/12/28
Guernsey,NaN,2021/12/28
Guinea,1950000,2021/12/28
Guinea-Bissau,390794,2021/12/28
Guyana,410499,2021/12/28
Haiti,123936,2021/12/28
High income,925080000,2021/12/28
Honduras,4920000,2021/12/28
Hong Kong,4860000,2021/12/28
Hungary,6260000,2021/12/28
Iceland,287971,2021/12/28
India,840100000,2021/12/28
Indonesia,157800000,2021/12/28
Iran,59500000,2021/12/28
Iraq,8480000,2021/12/28
Ireland,3890000,2021/12/28
Isle of Man,68771,2021/12/28
Israel,6540000,2021/12/28
Italy,48240000,2021/12/28
Jamaica,709671,2021/12/28
Japan,100400000,2021/12/28
Jersey,81467,2021/12/28
Jordan,4330000,2021/12/28
Kazakhstan,8960000,2021/12/28
Kenya,6560000,2021/12/28
Kiribati,66473,2021/12/28
Kosovo,885582,2021/12/28
Kuwait,3330000,2021/12/28
Kyrgyzstan,1230000,2021/12/28
Laos,NaN,2021/12/28
Latvia,1310000,2021/12/28
Lebanon,2240000,2021/12/28
Lesotho,648817,2021/12/28
Liberia,1020000,2021/12/28
Libya,1850000,2021/12/28
Liechtenstein,26147,2021/12/28
Lithuania,1910000,2021/12/28
Low income,55740000,2021/12/28
Lower middle income,1620000000,2021/12/28
Luxembourg,462937,2021/12/28
Macao,492828,2021/12/28
Madagascar,817386,2021/12/28
Malawi,1480000,2021/12/28
Malaysia,25990000,2021/12/28
Maldives,396745,2021/12/28
Mali,877525,2021/12/28
Malta,442309,2021/12/28
Mauritania,1170000,2021/12/28
Mauritius,947513,2021/12/28
Mexico,81920000,2021/12/28
Moldova,989897,2021/12/28
Monaco,NaN,2021/12/28
Mongolia,2270000,2021/12/28
Montenegro,283166,2021/12/28
Montserrat,1547,2021/12/28
Morocco,24630000,2021/12/28
Mozambique,8630000,2021/12/28
Myanmar,20820000,2021/12/28
Namibia,403489,2021/12/28
Nauru,NaN,2021/12/28
Nepal,14560000,2021/12/28
Netherlands,13320000,2021/12/28
New Caledonia,183604,2021/12/28
New Zealand,3970000,2021/12/28
Nicaragua,4880000,2021/12/28
Niger,507223,2021/12/28
Nigeria,9770000,2021/12/28
Niue,NaN,2021/12/28
North America,404630000,2021/12/28
North Macedonia,842871,2021/12/28
Northern Cyprus,NaN,2021/12/28
Norway,4280000,2021/12/28
Oceania,26280000,2021/12/28
Oman,3120000,2021/12/28
Pakistan,95160000,2021/12/28
Palestine,2070000,2021/12/28
Panama,3020000,2021/12/28
Papua New Guinea,286837,2021/12/28
Paraguay,3470000,2021/12/28
Peru,24410000,2021/12/28
Philippines,56110000,2021/12/28
Pitcairn,NaN,2021/12/28
Poland,21590000,2021/12/28
Portugal,9200000,2021/12/28
Qatar,NaN,2021/12/28
Romania,7980000,2021/12/28
Russia,73070000,2021/12/28
Rwanda,7610000,2021/12/28
Saint Helena,NaN,2021/12/28
Saint Kitts and Nevis,27615,2021/12/28
Saint Lucia,55598,2021/12/28
Saint Vincent and the Grenadines,33494,2021/12/28
Samoa,141424,2021/12/28
San Marino,24369,2021/12/28
Sao Tome and Principe,86396,2021/12/28
Saudi Arabia,24990000,2021/12/28
Senegal,1350000,2021/12/28
Serbia,3310000,2021/12/28
Seychelles,82348,2021/12/28
Sierra Leone,747044,2021/12/28
Singapore,4800000,2021/12/28
Sint Maarten (Dutch part),27141,2021/12/28
Slovakia,2720000,2021/12/28
Slovenia,1250000,2021/12/28
Solomon Islands,185485,2021/12/28
Somalia,1200000,2021/12/28
South Africa,18870000,2021/12/28
South America,328950000,2021/12/28
South Korea,44050000,2021/12/28
South Sudan,227262,2021/12/28
Spain,39620000,2021/12/28
Sri Lanka,15990000,2021/12/28
Sudan,4020000,2021/12/28
Suriname,261122,2021/12/28
Sweden,7750000,2021/12/28
Switzerland,5970000,2021/12/28
Syria,2280000,2021/12/28
Taiwan,18680000,2021/12/28
Tajikistan,3710000,2021/12/28
Tanzania,2080000,2021/12/28
Thailand,51030000,2021/12/28
Timor,665588,2021/12/28
Togo,1390000,2021/12/28
Tokelau,NaN,2021/12/28
Tonga,73886,2021/12/28
Trinidad and Tobago,707398,2021/12/28
Tunisia,6790000,2021/12/28
Turkey,56850000,2021/12/28
Turkmenistan,NaN,2021/12/28
Turks and Caicos Islands,NaN,2021/12/28
Tuvalu,NaN,2021/12/28
Uganda,8350000,2021/12/28
Ukraine,14640000,2021/12/28
United Arab Emirates,9890000,2021/12/28
United Kingdom,51710000,2021/12/28
United States,243930000,2021/12/28
Upper middle income,1960000000,2021/12/28
Uruguay,2770000,2021/12/28
Uzbekistan,18760000,2021/12/28
Vanuatu,102308,2021/12/28
Venezuela,18390000,2021/12/28
Vietnam,77360000,2021/12/28
Wallis and Futuna,6016,2021/12/28
World,4570000000,2021/12/28
Yemen,556652,2021/12/28
Zambia,NaN,2021/12/28
Zimbabwe,4110000,2021/12/28
Afghanistan,4140000,2021/12/29
Africa,192890000,2021/12/29
Albania,1140000,2021/12/29
Algeria,7060000,2021/12/29
Andorra,57085,2021/12/29
Angola,7690000,2021/12/29
Anguilla,10079,2021/12/29
Antigua and Barbuda,62283,2021/12/29
Argentina,38190000,2021/12/29
Armenia,934028,2021/12/29
Aruba,84751,2021/12/29
Asia,3130000000,2021/12/29
Australia,20430000,2021/12/29
Austria,6610000,2021/12/29
Azerbaijan,5160000,2021/12/29
Bahamas,157041,2021/12/29
Bahrain,1200000,2021/12/29
Bangladesh,87550000,2021/12/29
Barbados,155732,2021/12/29
Belarus,4910000,2021/12/29
Belgium,8910000,2021/12/29
Belize,230125,2021/12/29
Benin,1700000,2021/12/29
Bermuda,46400,2021/12/29
Bhutan,591662,2021/12/29
Bolivia,5570000,2021/12/29
Bonaire Sint Eustatius and Saba,NaN,2021/12/29
Bosnia and Herzegovina,882641,2021/12/29
Botswana,1170000,2021/12/29
Brazil,166140000,2021/12/29
British Virgin Islands,18432,2021/12/29
Brunei,405092,2021/12/29
Bulgaria,1900000,2021/12/29
Burkina Faso,1110000,2021/12/29
Burundi,5474,2021/12/29
Cambodia,14260000,2021/12/29
Cameroon,834112,2021/12/29
Canada,31700000,2021/12/29
Cape Verde,302802,2021/12/29
Cayman Islands,58591,2021/12/29
Central African Republic,449360,2021/12/29
Chad,285922,2021/12/29
Chile,17280000,2021/12/29
China,1260000000,2021/12/29
Colombia,38300000,2021/12/29
Comoros,335408,2021/12/29
Congo,734721,2021/12/29
Cook Islands,12938,2021/12/29
Costa Rica,3940000,2021/12/29
Cote d'Ivoire,4950000,2021/12/29
Croatia,2260000,2021/12/29
Cuba,10450000,2021/12/29
Curacao,104365,2021/12/29
Cyprus,664971,2021/12/29
Czechia,6820000,2021/12/29
Democratic Republic of Congo,257013,2021/12/29
Denmark,4800000,2021/12/29
Djibouti,108945,2021/12/29
Dominica,30730,2021/12/29
Dominican Republic,6940000,2021/12/29
Ecuador,14170000,2021/12/29
Egypt,33100000,2021/12/29
El Salvador,4480000,2021/12/29
Equatorial Guinea,249276,2021/12/29
Estonia,841721,2021/12/29
Eswatini,334088,2021/12/29
Ethiopia,9340000,2021/12/29
Europe,486440000,2021/12/29
European Union,322670000,2021/12/29
Faeroe Islands,41437,2021/12/29
Falkland Islands,NaN,2021/12/29
Fiji,662848,2021/12/29
Finland,4350000,2021/12/29
France,52860000,2021/12/29
French Polynesia,173773,2021/12/29
Gabon,392898,2021/12/29
Gambia,249364,2021/12/29
Georgia,1360000,2021/12/29
Germany,61650000,2021/12/29
Ghana,5770000,2021/12/29
Gibraltar,41173,2021/12/29
Greece,7450000,2021/12/29
Greenland,40447,2021/12/29
Grenada,41287,2021/12/29
Guatemala,6530000,2021/12/29
Guernsey,NaN,2021/12/29
Guinea,1980000,2021/12/29
Guinea-Bissau,390794,2021/12/29
Guyana,410499,2021/12/29
Haiti,123936,2021/12/29
High income,925930000,2021/12/29
Honduras,4920000,2021/12/29
Hong Kong,4870000,2021/12/29
Hungary,6260000,2021/12/29
Iceland,288241,2021/12/29
India,842320000,2021/12/29
Indonesia,158960000,2021/12/29
Iran,59500000,2021/12/29
Iraq,8480000,2021/12/29
Ireland,3890000,2021/12/29
Isle of Man,68790,2021/12/29
Israel,6550000,2021/12/29
Italy,48300000,2021/12/29
Jamaica,712466,2021/12/29
Japan,100400000,2021/12/29
Jersey,81467,2021/12/29
Jordan,4330000,2021/12/29
Kazakhstan,8970000,2021/12/29
Kenya,6650000,2021/12/29
Kiribati,66473,2021/12/29
Kosovo,887879,2021/12/29
Kuwait,3330000,2021/12/29
Kyrgyzstan,1230000,2021/12/29
Laos,NaN,2021/12/29
Latvia,1310000,2021/12/29
Lebanon,2240000,2021/12/29
Lesotho,648817,2021/12/29
Liberia,1020000,2021/12/29
Libya,1850000,2021/12/29
Liechtenstein,26147,2021/12/29
Lithuania,1920000,2021/12/29
Low income,55810000,2021/12/29
Lower middle income,1630000000,2021/12/29
Luxembourg,463651,2021/12/29
Macao,492828,2021/12/29
Madagascar,817386,2021/12/29
Malawi,1490000,2021/12/29
Malaysia,26000000,2021/12/29
Maldives,396779,2021/12/29
Mali,877525,2021/12/29
Malta,443372,2021/12/29
Mauritania,1170000,2021/12/29
Mauritius,947599,2021/12/29
Mexico,81920000,2021/12/29
Moldova,989897,2021/12/29
Monaco,NaN,2021/12/29
Mongolia,2270000,2021/12/29
Montenegro,283356,2021/12/29
Montserrat,1547,2021/12/29
Morocco,24630000,2021/12/29
Mozambique,8630000,2021/12/29
Myanmar,20820000,2021/12/29
Namibia,403489,2021/12/29
Nauru,NaN,2021/12/29
Nepal,14560000,2021/12/29
Netherlands,13320000,2021/12/29
New Caledonia,183604,2021/12/29
New Zealand,3970000,2021/12/29
Nicaragua,4880000,2021/12/29
Niger,NaN,2021/12/29
Nigeria,9860000,2021/12/29
Niue,NaN,2021/12/29
North America,405870000,2021/12/29
North Macedonia,842871,2021/12/29
Northern Cyprus,NaN,2021/12/29
Norway,4280000,2021/12/29
Oceania,26290000,2021/12/29
Oman,3120000,2021/12/29
Pakistan,96980000,2021/12/29
Palestine,2070000,2021/12/29
Panama,3030000,2021/12/29
Papua New Guinea,286837,2021/12/29
Paraguay,3470000,2021/12/29
Peru,24440000,2021/12/29
Philippines,56110000,2021/12/29
Pitcairn,NaN,2021/12/29
Poland,21670000,2021/12/29
Portugal,9200000,2021/12/29
Qatar,NaN,2021/12/29
Romania,7980000,2021/12/29
Russia,73730000,2021/12/29
Rwanda,7610000,2021/12/29
Saint Helena,NaN,2021/12/29
Saint Kitts and Nevis,27615,2021/12/29
Saint Lucia,55639,2021/12/29
Saint Vincent and the Grenadines,33494,2021/12/29
Samoa,141424,2021/12/29
San Marino,24369,2021/12/29
Sao Tome and Principe,86396,2021/12/29
Saudi Arabia,25000000,2021/12/29
Senegal,1350000,2021/12/29
Serbia,3310000,2021/12/29
Seychelles,82348,2021/12/29
Sierra Leone,747044,2021/12/29
Singapore,4800000,2021/12/29
Sint Maarten (Dutch part),27141,2021/12/29
Slovakia,2720000,2021/12/29
Slovenia,1250000,2021/12/29
Solomon Islands,185485,2021/12/29
Somalia,1200000,2021/12/29
South Africa,18910000,2021/12/29
South America,329230000,2021/12/29
South Korea,44100000,2021/12/29
South Sudan,227262,2021/12/29
Spain,39660000,2021/12/29
Sri Lanka,15990000,2021/12/29
Sudan,4020000,2021/12/29
Suriname,261545,2021/12/29
Sweden,7750000,2021/12/29
Switzerland,5970000,2021/12/29
Syria,2280000,2021/12/29
Taiwan,18710000,2021/12/29
Tajikistan,3710000,2021/12/29
Tanzania,2080000,2021/12/29
Thailand,51030000,2021/12/29
Timor,665588,2021/12/29
Togo,1390000,2021/12/29
Tokelau,NaN,2021/12/29
Tonga,73886,2021/12/29
Trinidad and Tobago,709140,2021/12/29
Tunisia,6830000,2021/12/29
Turkey,56870000,2021/12/29
Turkmenistan,NaN,2021/12/29
Turks and Caicos Islands,NaN,2021/12/29
Tuvalu,NaN,2021/12/29
Uganda,8350000,2021/12/29
Ukraine,14670000,2021/12/29
United Arab Emirates,9890000,2021/12/29
United Kingdom,51740000,2021/12/29
United States,244340000,2021/12/29
Upper middle income,1970000000,2021/12/29
Uruguay,2770000,2021/12/29
Uzbekistan,18790000,2021/12/29
Vanuatu,102308,2021/12/29
Venezuela,18390000,2021/12/29
Vietnam,77560000,2021/12/29
Wallis and Futuna,6016,2021/12/29
World,4570000000,2021/12/29
Yemen,556652,2021/12/29
Zambia,NaN,2021/12/29
Zimbabwe,4110000,2021/12/29
